:0200000470107A
:1004000000002034E93710700D3710700F3710706E
:1004100011371070133710701537107017371070B0
:1004200000000000000000000000000019371070FC
:100430001B3710700000000045081070E9071070AD
:1004400045381070000000004538107045381070B5
:1004500045381070453810704538107045381070A8
:100460004538107000000000453810704538107095
:100470004538107045381070453810700000000085
:100480004538107000000000453810704538107075
:100490004538107045381070453810704538107068
:1004A0004538107045381070453810704538107058
:1004B0004538107045381070453810704538107048
:1004C0004538107045381070453810704538107038
:1004D0000000000000000000453810704538107022
:1004E000453810700000000000000000000000000F
:1004F0000000000000000000453810702B3710701D
:100500001D37107000000000000000000000000017
:10051000453810709DC21070453810704538107005
:1005200045381070453810704538107045381070D7
:1005300045381070453810704538107045381070C7
:1005400045381070453810704538107045381070B7
:1005500045381070453810704538107045381070A7
:100560004538107045381070453810704538107097
:100570004538107045381070453810704538107087
:100580004538107045381070453810704538107077
:100590004538107045381070453810704538107067
:1005A0004538107045381070453810704538107057
:1005B0004538107045381070453810704538107047
:1005C0004538107045381070453810704538107037
:1005D0004538107045381070453810704538107027
:1005E0004538107045381070453810704538107017
:1005F0004538107045381070453810704538107007
:1006000045381070453810704538107045381070F6
:1006100045381070453810704538107045381070E6
:1006200045381070453810704538107045381070D6
:1006300045381070453810704538107045381070C6
:1006400045381070453810704538107045381070B6
:1006500045381070453810704538107045381070A6
:100660004538107045381070453810704538107096
:100670004538107045381070453810704538107086
:100680004538107045381070453810704538107076
:100690004538107045381070453810704538107066
:1006A0004538107045381070453810704538107056
:1006B0004538107045381070453810704538107046
:1006C0004538107045381070453810704538107036
:1006D0004538107045381070453810704538107026
:1006E0004538107045381070453810704538107016
:1006F0004538107045381070453810704538107006
:1007000045381070453810704538107045381070F5
:1007100045381070453810704538107045381070E5
:1007200045381070453810704538107045381070D5
:1007300045381070453810704538107045381070C5
:1007400000000000453810704538107000000000AF
:1007500010B5054C237833B9044B13B10448AFF3FB
:1007600000800123237010BDE0020034000000006F
:100770009C60117008B5034B1BB103490348AFF3EC
:10078000008008BD00000000E40200349C6011708D
:1007900072B64FF0E0201B49C0F8081D1A480168E6
:1007A00041F00101016019481649096801604FF0E4
:1007B000E020174941614FF0070101614FF000014E
:1007C000C0F8181D4FF07F41C0F81C1D1149C0F83A
:1007D000201D7047FFF7FEBF01B50FF0E7FF10F0D7
:1007E00043F8BDE80140704701B50FF0DFFF00F0AE
:1007F000A3F810F039F8BDE801407047FFF7FEBFDD
:10080000FFF7FEBF00041070001000E020970034D6
:10081000FF340C000000FF404FF00000324A10602F
:10082000EFF3148020F0040080F3148862B64FF0D8
:1008300080504FF0E021C1F8040DBFF34F8FBFF39C
:100840006F8FFEE772B601B50FF06CFFBDE8014097
:1008500062B62648264A4FF00003016891B1036052
:10086000EFF3098C2CE9F00F1EF0100F01D12CEDE5
:10087000108A204C4CF804EDC1F808C025680DB171
:100880008D61236072B61168F1B1016062B64F6884
:10089000184C8D6907F101074F60256003B40FF014
:1008A00017FF03BCD1F80CC08CF30B88D1F808C03B
:1008B0005CF804EB1EF0100F01D1BCEC108ABCE810
:1008C000F00F8CF30988704772B61168016009B99E
:1008D00062B6F9E74FF000674FF0E028C8F8047DF2
:1008E00062B6D4E770470000809600341C9700344D
:1008F0001897003424970034026922F00702A2F10D
:1009000044026FF0020313604FF0000353609360E2
:10091000D360136153619361D36113625362936235
:10092000D362136353634FF0FF339363D1634FF08C
:1009300080731364826070472249086800F10100E7
:100940000860214B1A683AB1A2F101021A601AB983
:100950001E4B4FF0010018601D490868026822B163
:100960001C4B4FF001021A6008E000F104001A4B22
:100970001A68904201D1194B18680860134B1A6825
:1009800012B914490868C8B101B51249086808B11C
:100990000FF03AFB0D4B1A6872B10FF0DDFA1048F8
:1009A000016849B90F4801680F4A13680F484FF0B2
:1009B0008052994200D00260BDE80140BFF34F8FE2
:1009C00070470000989C003424970034949C0034B5
:1009D000089C0034049C00340C9C0034109C0034AF
:1009E000809600341C9700341897003404ED00E022
:1009F00090EDAD6A30B52DED108B90EDA87BB5EE86
:100A0000C06A87B08DED027B002390EDA47BF1EEF0
:100A100010FA91ED015A91ED004A91ED02FB91ED32
:100A200004EB044690ED123B90EDAACB90ED16AB93
:100A30008DED047B90EDA6BB80F8603009DCD0F82A
:100A4000C832D14898474FF0FF3007B0BDEC108B4B
:100A500030BDB8EE455B9FEDBE7BB8EE444B25EE56
:100A6000077BB4EEC47BF1EE10FA0FDD90ED1C7B3A
:100A70009FEDB92B37EE022B9FEDB97BB4EEC72B60
:100A8000F1EE10FA37FE027B80ED1C7B9FEDB67B0A
:100A900025EE075BB4EEC45BF1EE10FA10D594EDD1
:100AA0001C7B9FEDAD5B37EE457B9FEDB15BB4EEFC
:100AB000C57BF1EE10FA58BFB0EE475B84ED1C5BCE
:100AC00083EE0C8BBCEEC88BB8EE488B94F850507C
:100AD00028EE0C8B012DB7EEC66A40F0AC809FED7E
:100AE000A67B3FEE4E5B85EE07DB3FEE0E5B85EEB1
:100AF000079BB0EECD7BB4EEC76BF1EE10FAB0EE13
:100B0000C95B1FDBB4EEC56BF1EE10FA1ADB0023F4
:100B100084F8783094ED1A7BB5EEC07BF1EE10FAD4
:100B200040F33481012384F860309DED027BB4EE04
:100B3000C7ABF1EE10FA40F13C819DED047B3AEE3B
:100B400007BB28E1B4EEC56BF1EE10FA0CD589EEC7
:100B50000D5B94EDAE6AB0EEC55BB7EEC66AB4EE5F
:100B6000C65BF1EE10FAD5DAF7EECA0BB7EEC70B9B
:100B700015F076F8B2EE047BB7EEC00A20EE070B54
:100B8000FCEEC87BB0EECE6BCDED017AB0EECF7B44
:100B9000B4EEC67BF1EE10FA62DCB5EEC0EBF1EE1E
:100BA00010FA62D538EE000B94ED3C7BB4EEC07BBE
:100BB000F1EE10FA03D5B0EE4BABB0EE470B94ED6F
:100BC0003A7BB4EEC07BF1EE10FA03DDB0EE4BAB36
:100BD000B0EE470B80EE0C8BBCEEC88BB8EE488BAA
:100BE000012D2CEE088B16D1B4F8E030022B3FD843
:100BF000DDED017AB8EE677B04EBC30282ED207B6A
:100C000082ED268B04EB0312013382ED2CDB82EDA7
:100C10002E9BA4F8E03094F87830012B07D0FCEE3E
:100C2000C87B17EE903A019A93423FF473AF0123C9
:100C300084F860306EE7B0EECF7BB0EECE5BB4EE02
:100C4000475BF1EE10FA35FE077BB4EEC67BF1EEA2
:100C500010FA7FF65FAF9FED4A9BB0EE49DB83E76A
:100C6000B5EEC0FBF1EE10FA9CD538EE400B9BE7D9
:100C700094ED2A7B94EDAF6A38EE477BB7EEC66AF7
:100C8000B0EEC77BB4EEC67BF1EE10FA56DB94ED06
:100C9000287B38EE477BB0EEC77BB4EEC76BF1EE36
:100CA00010FA4BDD94ED320B94ED307B39EE400BB6
:100CB0003DEE477B20EE000BA7EE070B14F028FB60
:100CC00094EDB07AB7EEC77AB4EEC70BF1EE10FA36
:100CD00034D5DDED017AB8EE678B84F8785094F85E
:100CE0007830002B97D1102204F1880104F18000A4
:100CF00012F012FA102204F1A00104F1980012F08F
:100D00000BFAD4E93023DDED017AB8EE677BC4E954
:100D10002C23D4E9322384ED247BC4E92E23D4E9A7
:100D2000342384ED2A8BC4E93023D4E9362384EDBF
:100D300034DB84ED369BC4E932236CE794F87830D9
:100D4000012B04BF002384F87830C8E7AFF300809C
:100D50009A9999999999A93F7B14AE47E17A843F72
:100D6000343333333333C33F333333333333C33F1A
:100D7000111111111111B13FCD3B7F669EA0F63FBD
:100D80000000000000000000FF78117094F860304F
:100D9000002B7FF4CAAE88EE0C7BBCEEC77BB8EEAE
:100DA000477B27EE0C7B84ED16BB84ED127B012084
:100DB0004BE69DED02BBEEE790ED1A6BB5EEC06B16
:100DC00090ED124BF1EE10FA90EDAA5BB0EE467B7F
:100DD000DFBF84EE057BBCEEC77BB8EE477B27EE1A
:100DE000057BB7EEC77B90ED3C5BB7EEC74AB4EE30
:100DF000C54BF1EE10FAC8BFB7EEC57B90ED3A5B7C
:100E0000B7EEC74AB4EEC54BF1EE10FA48BFB7EEE5
:100E1000C57BB7EEC75AD0F8743230B580ED125B9F
:100E200093ED005AD0EDAC7AB4EEC75AF1EE675AA2
:100E3000F1EE10FA4FF00001B0F8F83075FEA77A25
:100E4000013B8AB2934205D8442202FB030303F517
:100E5000907311E000EB8204D4ED445A77EEA55A6A
:100E6000F4EEC75AF1EE10FA01F10101E9DB442377
:100E700003FB020202F59073B5EEC06BF1EE10FABF
:100E8000C0F8743205DC93ED007AB7EEC77A80EDD6
:100E9000127B5A6803F1380142609A6803F1240416
:100EA0008260DA68C2601A69026100F138025D6925
:100EB0000C334561DD680C30C5601D69A3420561D6
:100EC00051F8045B42F8045BF1D1012030BD10B54C
:100ED000044690B070B10023084C40212370C4F840
:100EE000C802074B6846074A11F0CCFF6846D4F8A1
:100EF000C8329847204610B010BD00BF0003003430
:100F000030CE12703F791170002814BF01204FF0CD
:100F1000FF30704780ED000A30B50C6844604C68C3
:100F200084608C68C460C96802F12404016100F126
:100F3000380115680C32456152F8085C0C30C56008
:100F400052F8045CA242056153F8045B41F8045B6B
:100F5000EFD130BD2DE9F04F2DED068B0E46B0EEF2
:100F6000409BB0EE418B1D460446C7B0002800F000
:100F70008F819FEDCBAB80ED12AB0020CE494FF0BF
:100F80000008C4E91601C4E9A601C4E9AA01CB49D5
:100F9000DFF85C93C4F8B0124FF07E51C4F8B4127D
:100FA0004FF07C51C4E91A890FF2FC29D9E9008974
:100FB000C4E91C89C4E9A4894FF00008C4F8B81238
:100FC000BF49DFF83093C4F8BC124FF07F510023C3
:100FD000C4E9A88901274FF00008C4F8C012711EA7
:100FE000DFF8149388B20428C4E9A0890FF2C0295D
:100FF000D9E9008984F86030C4E9A289A4F8E03016
:1010000084F87830A4F8787214D905234FF48071ED
:10101000AC4A06A811F036FFD4F8C83206A89847A3
:1010200084F85070204647B0BDEC068BBDE8F04F09
:10103000FFF7C2BE95ED007AB7EEC77AB4EEC70BE4
:10104000F1EE10FA12DDD4F8C8329F48984795EDBA
:10105000007AB7EEC77A8DED009B8DED027B9B4A3F
:101060004FF4807106A811F00DFFD5E74FF0440C46
:101070000CFB065818ED117AB7EEC77AB4EEC71B11
:10108000F1EE10FA41D5D4F8C8329148984798ED5E
:10109000007AB7EEC77A8DED008B8DED027B8D4A1D
:1010A000DEE70CFB08F705EB070944372F4499ED01
:1010B000007AD7ED007AB4EEE77AF1EE10FA08F193
:1010C000010A00F1010021DBD4F8C83282489847B8
:1010D00097ED007AB7EEC77A8DED047BCDF808A0C6
:1010E00099ED007AB7EEC77A43468DED007B7B4AD7
:1010F0004FF4807106A811F0C5FED4F8C83206A8D6
:101100009847012384F850308CE718461FFA80F87E
:101110004145C6D800234FF0440CB01E9FB2B942DF
:1011200039D884ED3A9B84ED3C8B0020A4F8F8601C
:1011300083B2994200F1010000F28B800027B8468B
:1011400004F1FC0A04F5907905EB070B09EB0700A5
:101150004422594612F091FADBF8003008F10108F8
:101160004AF8043B1FFA88F39E4207F14407EBD884
:10117000731E9BB2002E03F1010314BF1A46012215
:10118000C4F8749204F5B271013A6AD1012384F86B
:101190005030237046E702EB8709B842D9ED007A58
:1011A0004FEA870807F1010A1ED908F104089044A4
:1011B00098ED007AB4EEE77AF1EE10FA14D8D4F88C
:1011C000C8324748984798ED007AB7EEC77A8DED58
:1011D000047BCDF808A099ED007AB7EEC77A3B46BC
:1011E0008DED007B3F4A83E70CFB07F805EB080A0F
:1011F0009AED007AB4EEE77AF1EE10FA08F14408BD
:10120000A84408DA98ED007AB4EEE77AF1EE10FA25
:1012100003F1010382D8D4F8C8323348984798EDD7
:10122000007AB7EEC77A8DED047B9AED007AB7EEBF
:10123000C77A8DED027B99ED007AB7EEC77A3B460F
:101240008DED007B4FF48071284A06A811F01AFE3C
:1012500053E702EB83073F6804EB8303C3F8107185
:1012600066E7D4F8743291ED006A93ED007AB7EE38
:10127000C66AB7EEC77A36EE4A6B37EE4A7BB4EEF3
:10128000C76BF1EE10FA48BFC4F8741244317BE723
:101290004FF0FF3047B0BDEC068BBDE8F08F00BFCC
:1012A000000000000088B3409A9999999999B93F34
:1012B0000000000000A06E400000F03F0000484227
:1012C00000002F434F791170937911701A7A1170C1
:1012D000787A1170007B11705D7B1170C17B117089
:1012E000197C1170887C1170F27C1170497D11702D
:1012F0000000F0BF000008400000244030B5054663
:1013000014468DB052B9D0F8C8321D489847D5F868
:10131000C8321C48984720460DB030BD93ED042BD1
:1013200093ED021B93ED000B0AAA08A906A800F092
:101330002FF8DDE90823CDE90223DDE90A23CDE911
:101340000423012398420446CDE90033DFD16946E6
:101350002846FFF74DFB0128044603D0D5F8C832D4
:101360000948D7E795F86030012BD4D12846FFF71C
:1013700023FD01280446CED0D5F8C8320348C9E77A
:10138000CF7D1170307E1170597E11708D7E11707D
:10139000B5EEC00BF1EE10FA1FB509D4B5EEC01BC7
:1013A000F1EE10FA04D4B5EEC02BF1EE10FA0DD523
:1013B0008DED022B8DED001B53EC102B444811F0EA
:1013C0003DFC4FF0FF3005B05DF804FB9FED327B34
:1013D000B4EEC70BF1EE10FA09DCB4EEC71BF1EE68
:1013E00010FA04DCB4EEC72BF1EE10FA07DD8DED38
:1013F000022B8DED001B53EC102B3648DFE728B194
:1014000089B1B2B93449354B084607E071B1334967
:101410003148002A304A314B18BF13460246304843
:1014200011F00CFCCDE72C492C48F2E72B4908467B
:10143000EFE79FED1B7B9FED1C6B21EE077BB3EE6F
:10144000005BA0EE067B9FED1A6BA2EE057BA7EE7C
:10145000065B9FED197B80ED005B27EE417BBBEEC9
:101460000A5BA0EE057B9FED165BA2EE057B27EEE7
:10147000067B81ED007B9FED147B27EE411BB2EED6
:10148000047BA0EE051BA2EE471B21EE061B0120EC
:1014900082ED001B97E700BF0000000000E06F40F6
:1014A0000000000000A063400000000000804740F2
:1014B000000000000000703F000000000080554068
:1014C0000000000000005C40000000000080594067
:1014D000C27E1170007F1170DB651170D9651170CB
:1014E000407F11700000000010B5044690B060B15C
:1014F0000023074C40212370A065064B6846064A2E
:1015000011F0C0FC6846A36D9847204610B010BD8E
:10151000D005003436CE12708A7F1170002814BFB7
:1015200001204FF0FF30704738220A23C0E904231E
:1015300064232D227821C0E9063240F2DC5230B516
:10154000C0E9081241F2707442F6E062C0E90A4252
:101550000BA5D5E9004505224FF0000C026548F2C5
:10156000E802C0E910C20122C0E90C4506A5D5E990
:101570000045C0E91223C0E90E4530BDAFF300803D
:1015800000000040E17A943F000000E04D62703FAF
:1015900010B5044620B1FFF7C7FF0120207010BD31
:1015A0004FF0FF30FBE72DE9F0410E4604460028DE
:1015B00000F0E180017801290BD102210170A56CB6
:1015C000C4E90126B54208D2616C914205D9A560F3
:1015D0004CE00229F3D0002049E0D4F810C0B6EE68
:1015E000005B07EE90CAB8EE676A07EE903AB8EE75
:1015F000E77BB7EEC66A37EE057B86EE070B216DFB
:10160000B7EEC00B8B424BD2F0EE007AB4EEE70A95
:10161000F1EE10FA44D4616CB7EE007A8A4220D21F
:10162000012A134638BF012307EE903AF8EEE77A15
:1016300067EE807AFDEEE77A17EE903A8B42C1BFF3
:1016400007EE901AB8EEE76A07EE902AF8EE676A9E
:10165000C3BFC6EE267A0B4680EE270AB0EE470AD5
:101660006360B4EEC70AF1EE10FA02DC0120BDE8B7
:10167000F081B7EEC00A13F017FEB3EE047B20EE44
:10168000070B9FED3F7B20EE070BBDEEC00B10EE6E
:10169000103AE26C33449342D4BFA360A260E5E702
:1016A000ACEB0307E16987EAE770A0EBE7708842DB
:1016B00047D8606AD4F814E0A1690EEB0C0898458D
:1016C00007FB01F143D207EE900A9FED2F7AF8EE67
:1016D000E77A67EE877A07EE101AF1EE676AB8EEDE
:1016E000C77AB4EEE67AF1EE10FA04D5FDEEE77AA9
:1016F00017EE903A59420029B8D0B54232D1606C09
:10170000904201D800292DDA02FB077707EE902AD4
:1017100006EE907A0029B8EEE77BB8EEE66B1EDAAB
:1017200094ED0E5BA5EE067BBDEEC77B17EE102A8F
:10173000236C9A42B8BF1A468242D4BF626060608E
:1017400094E7216A88422CBFE06AA06AB2E7ACEB5A
:101750000E0C9C458ADD8142A8BF0146CBE794ED83
:101760000C5BDFE70E44B5423FF731AFE56CB542A5
:10177000A8BF35462BE74FF0FF3078E7AFF3008086
:101780000000000000408F409A99593F034613F82B
:10179000012B002AFBD1181A0138704781F0004153
:1017A00002E000BF83F0004330B54FEA41044FEA46
:1017B000430594EA050F08BF90EA020F1FBF54EAE1
:1017C000000C55EA020C7FEA645C7FEA655C00F07D
:1017D000E2804FEA5454D4EB5555B8BF6D420CDD4E
:1017E0002C4480EA020281EA030382EA000083EAD1
:1017F000010180EA020281EA0303362D88BF30BD71
:1018000011F0004F4FEA01314FF4801C4CEA1131C6
:1018100002D0404261EB410113F0004F4FEA033325
:101820004CEA133302D0524263EB430394EA050FB0
:1018300000F0A780A4F10104D5F1200E0DDB02FA1F
:101840000EFC22FA05F2801841F1000103FA0EF2B3
:10185000801843FA05F359410EE0A5F120050EF179
:10186000200E012A03FA0EFC28BF4CF0020C43FAAA
:1018700005F3C01851EBE37101F0004507D54FF0B7
:10188000000EDCF1000C7EEB00006EEB0101B1F507
:10189000801F1BD3B1F5001F0CD349085FEA30004D
:1018A0004FEA3C0C04F101044FEA445212F5800F58
:1018B00080F09A80BCF1004F08BF5FEA500C50F1F5
:1018C000000041EB045141EA050130BD5FEA4C0CD8
:1018D000404141EB0101013C28BFB1F5801FE9D235
:1018E00091F0000F04BF01460020B1FA81F308BF58
:1018F0002033A3F10B03B3F120020CDA0C3208DD24
:1019000002F1140CC2F10C0201FA0CF021FA02F1FE
:101910000CE002F11402D8BFC2F1200C01FA02F16E
:1019200020FA0CFCDCBF41EA0C019040E41AA2BF93
:1019300001EB0451294330BD6FEA04041F3C1CDA5B
:101940000C340EDC04F11404C4F1200220FA04F07B
:1019500001FA02F340EA030021FA04F345EA030125
:1019600030BDC4F10C04C4F1200220FA02F001FAE7
:1019700004F340EA0300294630BD21FA04F0294669
:1019800030BD94F0000F83F4801306BF81F4801102
:101990000134013D4EE77FEA645C18BF7FEA655C75
:1019A00029D094EA050F08BF90EA020F05D054EA47
:1019B000000C04BF1946104630BD91EA030F1EBF4C
:1019C0000021002030BD5FEA545C05D14000494150
:1019D00028BF41F0004130BD14F580043CBF01F543
:1019E000801130BD01F0004545F0FE4141F4700129
:1019F0004FF0000030BD7FEA645C1ABF1946104604
:101A00007FEA655C1CBF0B46024650EA013406BF04
:101A100052EA033591EA030F41F4002130BD00BFC3
:101A200090F0000F04BF0021704730B54FF4806480
:101A300004F132044FF000054FF0000150E700BF01
:101A400090F0000F04BF0021704730B54FF4806460
:101A500004F1320410F0004548BF40424FF000014D
:101A60003EE700BF42004FEAE2014FEA31014FEA90
:101A700002701FBF12F07F4393F07F4F81F06051DF
:101A8000704732F07F4208BF704793F07F4F04BF2A
:101A900041F40021704730B54FF4607401F0004507
:101AA00021F000411CE700BF50EA010208BF704767
:101AB00030B54FF000050AE050EA010208BF704758
:101AC00030B511F0004502D5404261EB41014FF4C1
:101AD000806404F132045FEA915C3FF4D8AE4FF0C9
:101AE00003025FEADC0C18BF03325FEADC0C18BFAC
:101AF000033202EBDC02C2F1200300FA03FC20FAFD
:101B000002F001FA03FE40EA0E0021FA02F1144449
:101B1000BDE600BF7BB972B90029BEBF00204FF0FF
:101B2000004106E008BF00281CBF6FF000414FF0E5
:101B3000FF3000F0FBB9ADF1080C6DE904CE0029CF
:101B400009DB002B1ADB00F04DF8DDF804E0DDE9DD
:101B5000022304B07047404261EB4101002B1BDBC4
:101B600000F040F8DDF804E0DDE9022304B0404273
:101B700061EB4101524263EB43037047524263EB16
:101B8000430300F02FF8DDF804E0DDE9022304B0A0
:101B9000404261EB41017047524263EB430300F066
:101BA00021F8DDF804E0DDE9022304B0524263EBE2
:101BB0004303704753B94AB9002908BF00281CBF26
:101BC0004FF0FF314FF0FF3000F0B0B9ADF1080C2D
:101BD0006DE904CE00F006F8DDF804E0DDE902234B
:101BE00004B070472DE9F04F099D884604468E46A3
:101BF000002B4AD18A4217465FD9B2FA82F64EB11B
:101C0000C6F1200301FA06FEB740B44020FA03F300
:101C100043EA0E0E4FEA17481FFA87FC230CBEFB5F
:101C2000F8F108FB11EE01FB0CF243EA0E439A4275
:101C300007D9FB1801F1FF3002D29A4200F2548119
:101C400001469B1AA2B2B3FBF8F008FB103300FB6D
:101C50000CFC42EA034294450BD9BA1800F1FF3359
:101C60002CBF01240024944502D9002C00F03F81B0
:101C7000184640EA0140A2EB0C0200211DB1F240DF
:101C80000023C5E90023BDE8F08F8B4205D90DB1D3
:101C9000C5E9000100210846F5E7B3FA83F1002900
:101CA0004ED14345C0F01281824240F20F81084676
:101CB000002DE8D0C5E9004EE5E7002A00F0AC8031
:101CC000B2FA82F6002E40F0BB808B1A4FEA124E19
:101CD000BCB20121020C80B2B3FBFEFC0EFB1C3334
:101CE00042EA034304FB0CF29A420ED9FB180CF1B2
:101CF000FF382CBF4FF001094FF000099A4203D979
:101D0000B9F1000F00F0EC80C4469B1AB3FBFEF85B
:101D10000EFB183304FB08F440EA034294420BD94B
:101D2000BA1808F1FF332CBF01200020944202D9D9
:101D3000002800F0D1809846121B48EA0C409DE72D
:101D4000C1F120068B4008FA01F400FA01F922FAE9
:101D500006F728FA06F88A401F4320FA06F3380CE3
:101D600023431FFA87FC1C0CB8FBF0FE00FB1E8807
:101D700044EA08440EFB0CF8A0450ED93C190EF1BC
:101D8000FF3A2CBF4FF0010B4FF0000BA04503D9D9
:101D9000BBF1000F00F0B880D646A4EB08041FFA90
:101DA00083F8B4FBF0F300FB134403FB0CFC48EA9C
:101DB0000444A4450ED93C1903F1FF302CBF4FF069
:101DC00001084FF00008A44503D9B8F1000F00F056
:101DD0009F80034643EA0E40A4EB0C04A0FB02ECF8
:101DE00064457346E04602D307D1F14505D2BEEB08
:101DF00002036CEB070C0138E0465DB1B9EB03025E
:101E000064EB080404FA06F622FA01F3CC401E4300
:101E1000C5E90064002136E7B1FBF2FC010C144671
:101E200080B2964641EA08412026904640EA0143A6
:101E30001046B1FBF2F1A3EB080341EA0C414BE77A
:101E4000B740C6F1200301FA06F221FA03F84FEA7F
:101E5000174E20FA03F3BCB2B0401343020C190C26
:101E600080B2B8FBFEF90EFB198841EA084109FB74
:101E700004F8884551D9791809F1FF3C2CBF4FF07F
:101E8000010A4FF0000A884502D9BAF1000F31D09B
:101E9000A1EB0801B1FBFEF909FB04F80EFB1911D7
:101EA0009BB243EA0143434535D2FB1809F1FF31A8
:101EB0002CBF4FF0010A4FF0000A4345BBD2BAF1E4
:101EC000000FB8D1A9F102013B44B4E7841A68EBD2
:101ED000030201209646EBE63A44A8F102082BE7FC
:101EE000ACF1020C3B4410E702393B44A9E63A440A
:101EF0000238BEE6A7EB0808A9F1020C4144B1FB89
:101F0000FEF909FB04F8C9E7AEF1020E3C4444E7D0
:101F1000023B3C445EE749468DE7A1EB0801CC4615
:101F2000B1FBFEF909FB04F8B8E700BF704700BF3A
:101F300008B5044C4FF0FF3120460EF0F3FA00F0E4
:101F4000F3FBF7E7087A00342DE9F04F91B006A8CB
:101F500000F0F2FDDFF89490DFF894A0A9F12008DA
:101F6000504600F006FB00270446049701F0CAFB28
:101F700006AB012104AA009003A8039400F0F6FD2B
:101F800001F0C0FB4FF0FF31019048460EF0FAF926
:101F9000059B4FF0180BBB4203F10106B8BF0126A9
:101FA000DDF810E0DFF84CC0C8F85430013E0FD126
:101FB000DDE9002348469B1AC8F850310EF014FAA8
:101FC000504600F0D4FA012140460EF029FAC7E746
:101FD0000BFB07E50CF1180C0CF140040FCD0FC4FE
:101FE000013795E8030084E80300DFE7D0350034CB
:101FF00010070034B03500342DE9F74F0EF07EFDA8
:10200000D0E90232D31A01930EF07CFDD0E90235FB
:10201000ED1A01F077FB00210446304800F08CFAFD
:10202000002100F071FBDFF8B4B0DFF8C4A001F0CC
:1020300069FB0646041B584600F09BFA01218146C5
:10204000504600F079FA804601F05CFB49460746AD
:10205000019A00200EF0CEFC002D20DD08F01F0CB0
:10206000AC44BFF34F8F6FEA080208EB0C0E7244CA
:10207000ACF1200C52091CF1200F02F1010ED8BF67
:102080004FF0010E41464EF001E01548C0F85C12D9
:1020900020310FF005C8BFF34F8FBFF36F8F2A4673
:1020A000414600200EF0C0FC0E4809F011FD01F081
:1020B00029FBC71B584600F05AFA504600F06FFA49
:1020C0004FF0FF3108480EF05DF90848C0E952476B
:1020D00020300EF089F93446A9E700BF603500349E
:1020E00000ED00E000000034D0350034B03500349D
:1020F0001007003408B50021054800F01DFA30B182
:1021000000F007FBBDE80840014800F048BA08BDF0
:102110006035003408B500F09FFC00F08FFCBDE88E
:10212000084000F0E6BA000001480EF01BBA00BFFC
:10213000087A00340368002BBCBF002303600B68DF
:10214000002BBCBF00230B600368B3F5487FA4BF1E
:1021500040F21F3303600B68B3F5F07FA4BF40F279
:10216000DF130B60704700002DE9F04F2DED028B5F
:102170007D4EC9B006F1200700244FF0FF317A48A8
:102180000EF0D0F94FF0FF3138460EF0FBF84FF467
:102190008272764907A811F070FAD6E9525938468A
:1021A000D6F854800EF020F901F0ACFA00F082FC71
:1021B0004FF4F0734FF448722146204600940EF01D
:1021C000FBFE6B4800F004FB2346214602AA684848
:1021D00000F03AFB0EF004FD02222146654B20463A
:1021E00001F0C4F80EF0FCFC9DED027AB7EEC77A60
:1021F000C18802228DED007B5F4B204601F0B6F8CE
:102200000EF0EEFCC18802225C4B01EB410120463E
:1022100001F0ACF80EF0E4FC0222C188584B91406A
:102220002046CDF8009001F0A1F80EF0D9FCC1884D
:10223000062002224143534B204601F097F80EF04E
:10224000CFFC07EE905A9FED465BB8EE677B85EEBC
:10225000076BC18802228DED006B4B4BC1EBC101B6
:10226000204601F083F80EF0BBFCC1880222474BE8
:1022700001EBC101204601F079F80EF0B1FCC188F4
:102280000A2002224143424B2046CDF8008001F053
:102290006DF89FED408ADFED408ADFF8009107ADD1
:1022A000444504DB00F01CFC01F02CFA64E7D5ED9A
:1022B000017A67EE887AFDEEE77A17EE900AD5ED9F
:1022C000027A67EEA87AFDEEE77A17EE901AD5ED5E
:1022D000047A67EEA87AFDEEE77A17EE903AD5ED2C
:1022E000037A67EE887AFDEEE77A17EE902A0132DC
:1022F00002EBD2720133521003EBD37352425B10E4
:102300005B4200EB020CCDF80CC0801A01EB030C11
:10231000C91A0590069103A804A9CDF810C0FFF7CB
:1023200009FF06A905A8FFF705FFDDE903AB0B6868
:102330004FF0FF210268A3EB0B0350460091A2EB84
:102340000A0259460EF016FE55F8183F0322594668
:10235000504659F8233001F009F80134A0E700BFD6
:102360000000000000408F40B035003404360034D7
:1023700030060034C0621170C9621170D0621170F1
:10238000DA621170DF621170E3621170E86211703D
:10239000F0621170000048440000F043A087117003
:1023A0002DE9F0413D4C8CB000F0C2FA94E80300F6
:1023B00008AA82E803000221394800F0A1F8D4E914
:1023C00002010AAA82E803000221364800F098F8C8
:1023D000354800F0EFF90022344B3549354800F01C
:1023E00023F900222023114633480EF02DF8002255
:1023F000324C1146202320460EF026F834230122C9
:10240000002104F120000DF047FF00F017FB002130
:1024100000F06AF90A251D230126C0274FF48054D5
:102420004FF01E08CDE903350293254BCDE9056732
:102430000093244A00232449019424480EF09EF876
:10244000234BCDE905670093CDE902880023214A9B
:1024500021490495019421480EF090F8204BCDE9D4
:1024600005670093CDE903850023CDE901481D4AA6
:102470001D491E480EF082F81C23CDE902331C4B87
:10248000CDE9056700931B4A00231B49049501947D
:102490001A480EF073F80CB0BDE8F081B860117006
:1024A000603500341007003430060034F520107019
:1024B0001521107029211070087A0034B0350034CD
:1024C00048690034F91F1070F362117048790034C4
:1024D00088580034491F1070FD62117088680034FC
:1024E000C84700346921107007631170C857003461
:1024F00008370034311F1070116311700847003421
:1025000070B520230D4616460A46002104460DF0FC
:102510009BFF20230022E01811460DF095FF84F860
:1025200040502DB13368012D63641CBF7368A364F0
:102530000023A4F84C3070BD003918BF012110B53C
:10254000494204460DF0EEFF0D280ED094F84C30B1
:1025500004EB8302506C94F840200133B3FBF2F19A
:1025600002FB113384F84C3010BD0020FCE70DF065
:10257000F9BF10B504464FF0FF3120300DF0D2FF07
:1025800094F84D3004EB8302506C94F840200133F2
:10259000B3FBF2F102FB113384F84D3010BD203053
:1025A0000DF0E0BF07EE901AF8EE676A07EE902A8A
:1025B0009FED1B6AB8EE677ADFED1A5A86EE865AEF
:1025C000C7EE257AB4EE675AF1EE10FA48BFF0EE86
:1025D000457A27EE866A67EEA57AF4EEC66AF1EED2
:1025E00010FAB4EEE77ACCBFFCEEC66AFCEEE66AFF
:1025F000F1EE10FA16EE903ACCBFBCEEE77ABCEEE4
:10260000C77A0131C91A17EE103A0132D21A4908B5
:102610005208C0ED006A80ED017A8160C2607047A7
:10262000000048440000F0432DE9F04F4FF002084D
:1026300095B007460E4615460021142203A81C46F5
:1026400010F084FD03A8CDF820800AF09BF9002348
:102650004FF4F072CDE90D334FF448734FF0010A97
:102660004FF00309CDE90932DDE9031210A8CDE9E5
:102670000BA8CDF83C90FFF795FF02AA09A9504698
:102680000AF03AF8039B1022019300230BA8194685
:10269000DDF810B010F05AFDE0235A46019910A859
:1026A000CDE90933CDE90C9ACDF83C90FFF77AFFDC
:1026B000404602AA09A90AF01FF80FB1064B1F6095
:1026C0000EB1064B1E600DB1054B1D600CB1054BE4
:1026D0001C6015B0BDE8F08F347A0034307A0034D5
:1026E0002C7A0034287A00340A46014601200AF088
:1026F000C5B810B5044609F0FBFF2346BDE81040FD
:102700000022012103F0DAB90A46014602200AF04C
:10271000B5B810B5044609F0EBFF2346BDE81040FC
:102720000022022103F0CAB90AF088B900B5E5B069
:102730004FF4C8720021684610F008FD18220023EB
:10274000CDE900234FF400134FF08051329303235F
:10275000CDE9221328236846259304F005FF0038AD
:1027600018BF012065B05DF804FB0000012808B522
:1027700005D1054B1B6803B19847002008BD02280E
:10278000FBD1024BF6E700BF347A00342C7A0034D8
:10279000012808B505D1054B1B6803B198470020F7
:1027A00008BD0228FBD1024BF6E700BF307A0034A7
:1027B000287A0034054A0021D2F8FC3043F08073B7
:1027C000C2F8FC30E02210F0C1BC00BF00ED00E018
:1027D00070B5044600F1380500F1200686B00FCE32
:1027E0000FC596E8030085E8030068460EF08AF8F6
:1027F00002A80EF091F804A80EF098F8DDE9001098
:10280000029B049D039ACB1840EB02025B19059DC5
:10281000C4E90A1042EB0502C4E9083200F072FF75
:10282000A36C226E20639B1AB3F57A7F04F1380102
:1028300007D3902204F1500006B0BDE8704010F0BC
:102840006BBC06B070BD0000F8B504462DED028BE0
:1028500016461D460F46F9B1D4E91023D0E90A0106
:10286000801A61EB0301FFF71FF9D4E90E239FEDF6
:102870002E7B41EC180BD4E90801801A61EB0301AF
:1028800028EE078BFFF710F941EC160B88EE067B5C
:10289000B7EEC77B87ED007AFEB1D4E91C32D4E9EC
:1028A0001601C01A61EB0201FFF7FEF8D4E91A32F3
:1028B0009FED1D7B41EC180BD4E91401C01A61EBAC
:1028C000020128EE078BFFF7EFF841EC160B88EEBC
:1028D000067BB7EEC77B86ED007AFDB1D4E93432D2
:1028E000D4E91601C01A61EB0201FFF7DDF8D4E963
:1028F00032329FED0D7B41EC180BD4E91401C01A64
:1029000061EB020128EE078BFFF7CEF841EC160BC6
:1029100088EE067BB7EEC77B85ED007ABDEC028BB7
:10292000F8BD00BFAFF30080000000000000594078
:10293000F0B5374D87B018220021684610F006FC2C
:1029400000212846334A10F001FCBFF34F8FDFF817
:10295000E8E000234EF001E02F4AE918C2F87012B7
:1029600020330FF007C0BFF34F8FBFF36F8F2B4C97
:10297000002120462A4A10F0E9FBBFF34F8F4BF6A7
:10298000803E00234EF001E0234AE118C2F87012A5
:1029900020330FF007C0BFF34F8FBFF36F8F01F0ED
:1029A000FBF9642001F038FA4FF4F076022300249A
:1029B0004FF44877CDE903631A4B1B4A1B786946ED
:1029C00002FB03552046009402940197059501F0FF
:1029D000EBF904230493154B694601200593CDE9D7
:1029E00001740094039601F0DFF911480EF092F89B
:1029F00001200EF0BFF820460EF01EFB0D480EF031
:102A0000E7F84FF0FF300EF0DBF807B0F0BD00BF85
:102A100000081C910028230000ED00E000980491BC
:102A2000007017003000003400B80B000050109107
:102A3000148811700001003440190100034B044850
:102A40001A78044B00FB0230704700BF397A00341B
:102A500000B80B0000081C91032310B5114C22781C
:102A60000132B2FBF3F101EB4101521A0E4922701F
:102A70000A780132B2FBF3F303EB4303D21A0A7074
:102A800001F0D4F92178094B094C002204FB0131F3
:102A900004F04BFB01F0CAF9BDE81040002202210E
:102AA00004F027BB30000034397A003400081C9150
:102AB00000B80B0010B572B601F0B8F9054B064C22
:102AC0001978064B012204FB013104F02EFB62B69B
:102AD00010BD00BF387A003400B80B000098049194
:102AE00010B5114C11492278114B01FB0233BFF391
:102AF0004F8F45F6C05E4EF001E00E4AC2F86832D4
:102B000020330FF005C8BFF34F8FBFF36F8F72B63E
:102B100001F08CF90122022104F0EBFA62B623786D
:102B2000C3F10103237010BD387A003400B80B00E4
:102B30000098049100ED00E0094A05218261094AEC
:102B4000C2610122C0E900210722C0E9022231222C
:102B50000261054A02620A2242610CF0B3B900BF69
:102B60009A99193F9A99993EE887117013B50C46C6
:102B7000012C11461A4605D0C421064B064A0748C7
:102B80000FF0CEF8036801A801930CF09FF902B092
:102B900010BD00BF2F631170D48711703D63117099
:102BA000044B82B0C3F85C0AD3F85C320193019BFA
:102BB00002B07047008002562DE9F04F99B001F045
:102BC0009FF91422002113A810F0C0FA0820FFF783
:102BD000E7FF1020FFF7E4FF0220FFF7E1FF80206E
:102BE000FFF7DEFF4FF40040FFF7DAFF4FF48040BD
:102BF000FFF7D6FF4020FFF7D3FF2020FFF7D0FFDD
:102C00004FF40050FFF7CCFF0120012503244FF4BF
:102C100080664FF00208FFF7C3FF02464FF4806161
:102C2000454803F08FFB00225021444803F08AFB03
:102C300000220821424803F085FB01224FF4806105
:102C40003E4803F07FFB3C4813A9CDE91365CDE96D
:102C5000158403F0D7F950230827384813A9CDE984
:102C60001335CDE9155403F0CDF9354813A9CDE955
:102C70001375CDE9155403F0C5F913A92F48CDE913
:102C80001365CDE9158403F0BDF94FF4E133DFF8A6
:102C9000CC902C4A4846C9E9002300230C22C9E9FC
:102CA0000233C9E90523C9E90733C9E90933C9F87A
:102CB000103008F0D6F9014608B172B6FEE7484672
:102CC00008F03DFA014608B172B6FEE7484608F042
:102CD00056FA08B172B6FEE7484608F015FA08B190
:102CE00072B6FEE7DFF878B0174B5846CBF80030E5
:102CF00004F0B0FA08B172B6FEE7DFF868A0134B33
:102D00005046CAF8003004F0A5FA08B172B6FEE7E2
:102D1000DFF854900E4B4846C9F8003004F09AFA98
:102D200008B172B6FEE70B4A0B4B1046136004F075
:102D300091FAD8B172B6FEE700100256001802569A
:102D4000000002560010005200310252803102523F
:102D500000320252948B003480320252008B0034D5
:102D6000B88B0034AC8B0034A08B003401905846F3
:102D700004F08DFA50464FF4007A04F088FA484681
:102D8000DFF83C9304F083FABD4804F080FAC9F8F8
:102D900058AAD9F8582213A903920920039ACDE919
:102DA000138407F095FE384613A907F091FE13A986
:102DB0000A2007F08DFE13A90B2007F089FE284694
:102DC00013A907F085FE2146AE4807F097FE21467D
:102DD000AD4807F093FE2146AC4807F08FFE214630
:102DE000AB4807F08BFE2146AA4807F087FE214634
:102DF000A94807F083FE2846202104F0C3F939468C
:102E000040F20132A54803F0A2FA40F2013210214B
:102E1000A34803F09CFA40F201324FF48041A048ED
:102E200003F095FA40F2013220219E4803F08FFA18
:102E300040F2013240219B4803F089FA314640F2CA
:102E40000132984803F083FA40F20132102196488B
:102E500003F07DFA40F201324021934803F077FA03
:102E6000314640F20132904803F071FA294640F2AF
:102E700001328E4803F06BFA414640F201328B4832
:102E800003F065FA40F201320421884803F05FFA4A
:102E9000394640F20132854803F059FA40F20132D6
:102EA0001021824803F053FA40F2013220217F487A
:102EB00003F04DFA40F2013240217C4803F047FA1A
:102EC00040F201324FF48071784803F040FA5146E5
:102ED00040F20132754803F03AFA314640F20132CD
:102EE000724803F034FA40F201324FF400616F4847
:102EF00003F02DFA294640F201326D4803F027FA1B
:102F000040F2013204216A4803F021FA40F2013212
:102F10001021674803F01BFA40F201322021644877
:102F200003F015FA294640F20132624803F00FFA25
:102F3000414640F201325F4803F009FA40F20132A3
:102F400004215C4803F003FA394640F20132594843
:102F500003F0FDF940F201321021564803F0F7F971
:102F600040F201322021534803F0F1F940F20132DE
:102F70004021504803F0EBF940F2013280214D48E6
:102F800003F0E5F921464C4807F0B8FD019B1846CF
:102F900000F050FF4FF00043C9F8603AD9F86022C2
:102FA0000492049A454AC9F8203AC2F82032C9F876
:102FB000586AD9F858320593059BC9F8186AC2F8BF
:102FC000186208F051F908F059F94FF0FF33C9F8C9
:102FD000843AD9F884221392139AC9F88C3AD9F812
:102FE0008C221292129AC9F8903AD9F89022119232
:102FF000119AC9F8943AD9F894221092109AC9F803
:10300000983AD9F898220F920F9AC9F89C3AD9F8B1
:103010009C220E920E9AC9F8A03AD9F8A0220D92DD
:103020000D9AC9F8A43AD9F8A4220C920C9AC9F8BE
:10303000A83AD9F8A8220B920B9AC9F8AC3AD9F859
:10304000AC220A920A9AC9F8B43AD9F8B422099281
:10305000099AC9F8B83AD9F8B8220892089AC9F872
:10306000BC3AD9F8BC220792079AC9F8883AD9F82D
:1030700088320693069B19B0BDE8F04FFFF790B970
:10308000948B00341D000020050000300600003045
:1030900007000030080000300A000030000002562F
:1030A000000C025600100256001802560034025658
:1030B00000380256003C02561C00002000900256C8
:1030C0000080025608B52D4B1A6842F400521A606F
:1030D0001A6842F480521A60A3F573435A6912F4D5
:1030E000003211D1BFF34F8FBFF36F8FC3F850225F
:1030F000BFF34F8FBFF36F8F5A6942F400325A61AA
:10310000BFF34F8FBFF36F8F1D4A536913F48033A2
:1031100028D1C2F88430BFF34F8F43F6E074D2F861
:103120008030C3F3C900C3F34E335B0100F1010EDD
:1031300001464EF001E003EA040646EA8175C2F852
:10314000605201390FF007C8203B13F1200FEDD179
:10315000BFF34F8F536943F480335361BFF34F8FF5
:10316000BFF36F8F00F0CCFE00F0CAFF0CF016F832
:103170000BF0EEFF00F0C4FEFEE700BF00E001E050
:1031800000ED00E008B54FF440330748074A02213C
:10319000C0E900230023C0E9021302F001FE08B1D8
:1031A00072B6FEE708BD00BFC08C003400100258A4
:1031B00010B5114A114C124B2046C4E900230023DC
:1031C0000122C4E90433C4E90232C4E906332362AC
:1031D00003F00FFA014608B172B6FEE7204603F08D
:1031E0002FFC014608B172B6FEE7204603F04EFC04
:1031F00008B172B6FEE710BD005800506C8C003468
:10320000FFEDC0302DE9F0439BB034220021684629
:103210000FF09CFF342200210DEB02000FF096FF0F
:103220000023314C314A2F21C4E900230222872098
:10323000C4E90512222240F2A735C4E9070240F290
:10324000022240F2CF36C4E9095240F20F22204652
:10325000C4E90B62C4E902332361A38684F83630E3
:1032600003F0B4FE024608B172B6FEE74FF44876AA
:103270004FF0FF094FF4F07504234FF4C06807279F
:10328000CDE90160CDE90590CDE909060090ADF8E2
:1032900030008DF8320069462046CDE90353CDE970
:1032A00007870B9503F0ECFE08B172B6FEE7082322
:1032B000CDE90D06CDE90F05CDE91308CDE915706F
:1032C000ADF864008DF86600012220460DA9CDE915
:1032D0001139CDE9176503F0D3FE08B172B6FEE7E8
:1032E0001BB0BDE8F08300BFC48B00340010005851
:1032F0000123C02200B589B00A21CDE905321F2380
:10330000CDE9033102934FF480530193064B074AF2
:1033100000930749002307480DF030F908B172B651
:10332000FEE709B05DF804FB3A7A0034B92B10705F
:10333000B1631170408A003472B6FEE7C0B26DED21
:1033400081CF11B140B1012809D09FEC100A9FE84C
:103350000F90FDEC81CF7447024B1960F5E7024BEB
:10336000FBE700BF2C8D0034288D003408B4F3B582
:1033700004460D46164607AB094F53F8042B30217F
:10338000384601930FF026FE33463A46294620463A
:103390000DF0A6FD02B0BDE8F04001B0704700BFDF
:1033A000308D0034044B82B0C3F84C0AD3F84C3251
:1033B0000193019B02B0704700800256044B82B01B
:1033C000C3F85C0AD3F85C320193019B02B07047EA
:1033D00000800256044B82B0C3F8600AD3F8603212
:1033E0000193019B02B070470080025608B503F0BC
:1033F00019FF0121084603F0E5FE03F01BFF012140
:10340000022003F0DFFE03F01DFFBDE808400021AD
:10341000032003F0D7BE00000268034B9A4202D19A
:103420000220FFF7D7BF70470010025810B50446BE
:10343000EAB01422002101A80FF088FE4FF4C872F0
:10344000002106A80FF082FE2268174B9A4228D16D
:1034500000234FF40052CDE90623144B06A84193F4
:1034600004F082F808B1FFF767FF0820FFF7A6FF16
:1034700044F2100212230021CDE901230323CDE9F8
:10348000031304230A480DEB0301059302F0BAFD70
:103490004FF48002074BC3F8642AD3F864320093D8
:1034A000009B6AB010BD00BF005800500C0400071C
:1034B000000C02560080025608B50268094B9A4279
:1034C0000FD14FF48002084B10210848C3F8642242
:1034D00002F088FEBDE808404FF48041034802F046
:1034E00081BE08BD0058005000900256000C0256E4
:1034F000F0B50446EBB01422002101A80FF026FE1F
:103500004FF4C872002106A80FF020FE22683A4B43
:103510009A426ED100234FF08072CDE906234FF01E
:1035200000734C9318234FF000510DEB0300CDE9CD
:10353000261304F019F808B1FFF7FEFE02242F4B02
:103540002046C3F87C4AD3F87C3200260093009BC7
:10355000FFF734FF8020FFF731FF2020FFF72EFF19
:103560000120FFF72BFF4020FFF728FF03250E2740
:1035700049F63243224801A9CDE90134CDE903657A
:10358000059702F03FFD10231E4801A9CDE9013443
:10359000CDE90365059702F035FD4FF440731A48F5
:1035A00001A9CDE90134CDE90365059702F02AFDB3
:1035B00049F6A773154801A9CDE90134CDE90365A2
:1035C000059702F01FFD4BF20623114801A9CDE932
:1035D0000134CDE90365059702F014FD0123CDE91F
:1035E00001340A230A4801A9CDE90365059302F0D5
:1035F00009FD6BB0F0BD00BF0010005800800256FE
:1036000000040256001C0256001402560000025626
:103610000018025607B54FF480520120FFF7C2FE92
:103620000220FFF7BFFE0420FFF7BCFE0820FFF7D3
:10363000B9FE054BC3F8542AD3F854320193019BC9
:1036400003B05DF804FB00BF0080025610B50446CD
:10365000EAB01422002101A80FF078FD4FF4C872DF
:10366000002106A80FF072FD2268144B9A4223D164
:103670004FF480730022CDE90623114B06A85A931C
:1036800003F072FF08B1FFF757FE10200D4B6022C8
:10369000C3F86C0AD3F86C3201A90093009BFFF7C2
:1036A0008DFE0223CDE901230023CDE90333072357
:1036B0000548059302F0A6FC6AB010BD0010005248
:1036C00030000107008002560010025608B502685B
:1036D000094B9A420ED14FF48060FFF763FE4FF022
:1036E0008040FFF777FE054BC3F8200A03F58053AF
:1036F000C3F8200208BD00BF00FC0D580080025630
:10370000002070470CF076BC0CF0A0BAFEE7FEE794
:10371000FEE7FEE7FEE7FEE77047704708B508F0F2
:10372000E7FFBDE8084001F084B808B508F0E0FF05
:10373000BDE8084001F0B4B90120704708B50FF0AA
:1037400059FF162303604FF0FF3008BD08B50FF096
:1037500051FF16230360FEE770B50D4614460E4672
:10376000731B9C4201DC204670BDAFF3008006F85D
:10377000010BF5E770B50D4614460E46731B9C42CF
:1037800001DC204670BD16F8010B00F05DFBF5E78B
:103790004FF0FF3070474FF4005300204B607047EC
:1037A00001207047002070470B4A0346116810B58E
:1037B00009B90A491160106809490A4C0344091BF8
:1037C0008B4206D90FF016FF0C2303604FF0FF3039
:1037D00010BD1360FCE700BF608D003488530134D6
:1037E00000002034000800000F4880F30A880F48CA
:1037F000854600F039FB0E480E490F4A002302E0CF
:10380000D458C4500433C4188C42F9D30B4A0C4C1E
:10381000002301E013600432A242FBD30FF0F0FE5C
:10382000FFF750FCFEE7000000F81F3400002034D2
:1038300000000034D00200344CCE1270E00200349C
:1038400088530134FEE7000008B5044B1A781AB912
:1038500001221A70FFF7ACFC002008BD648D003413
:1038600008B5064A137833B1013BDBB2137013B9C4
:10387000034802F013FF002008BD00BF648D003430
:103880006C8C00341FB54FF47A740092CDE901348A
:103890000A4602230146044802F01AFF003818BF06
:1038A0000120404204B010BD6C8C00341FB54FF4B1
:1038B0007A740092CDE901340A4602230146044895
:1038C00002F0E0FF003818BF0120404204B010BDF4
:1038D0006C8C0034FFF716BF70B534260D4D0E48C2
:1038E000AC682D6806FB0400846C05FB0211C06DFA
:1038F00024B950F8212000201A6070BD062C05BFA5
:1039000001EB41010A5830F8112022F07F4218BF24
:1039100092B2F0E7688D0034C48B0034F0B53427E0
:103920001D4C1E4EA06807FB0060D0F848C0C56D56
:10393000206800FB0210BCF1000F03D145F82030D5
:103940000020F0BDBCF1060F22D15FFA83FC00EB32
:103950004000033D00F805C0A568206807FB056529
:1039600000FB0210ED6D00EB4000C3F3072C023D9D
:1039700000F805C02068C3F3074300FB0212A168EA
:1039800002EB420207FB0166F16D01395354D7E7A0
:103990009BB225F81030D3E7688D0034C48B003417
:1039A000024B00201B680B60704700BF688D00341D
:1039B000024B00205B680B60704700BF688D0034CD
:1039C00034200F4B0F4A996000FB01210A6E1A60E8
:1039D0004A6E5A608A6C042A0BD0082A0CD0062A38
:1039E0000BBF03220422012100210020C3E903129E
:1039F000704702221146F8E702220421F5E700BFD2
:103A0000688D0034C48B0034024B0020DB680B60EF
:103A1000704700BF688D00342DE9F3419046304A6D
:103A20000F46D16806460229089C35D140F2031C96
:103A300040F20F20C4F34515C4F3C4220CFB05F576
:103A4000424304F01F04444321351732AD09920963
:103A50002D02173445EA024545EA941545F07F44A6
:103A60004FF440321F4D2048C5E90213C5E900025A
:103A7000284602F095F978BB3B4632462146284657
:103A8000CDF8008002F0C9F930BB3221284602B0DF
:103A9000BDE8F04102F0DBB9042917D1C4F30332C9
:103AA00002EB0210C4F3032202EB0212120442EAF8
:103AB000006204F00F0000EB00100243C4F3031097
:103AC00004F0F004044442EA0424C9E7012914BFC5
:103AD000002144F07F44C3E702B0BDE8F08100BF9D
:103AE000688D0034C08C00340010025873B50C4D42
:103AF0000C462E69A86819462B68342502FB03443E
:103B0000084A5B1A05FB0022D06D079A06FB0400E9
:103B10000092069AFFF780FF002002B070BD00BF40
:103B2000688D0034C48B003473B50C4D14462E6977
:103B3000A8681A462B68342504FB03140849013B86
:103B400005FB0011C86D069906FB040000910121D8
:103B5000FFF762FF002002B070BD00BF688D003427
:103B6000C48B003437B50C4619460B4B18681D69D9
:103B700000FB024434209A68084B00FB0233D86DE6
:103B8000069B05FB0400009301220023FFF744FF7E
:103B9000002003B030BD00BF688D0034C48B0034FA
:103BA000F7B51746194A0E46D4684FF48031013CE8
:103BB000032C8CBF0022164A054698BF125D15489B
:103BC000154CC4E90001A260FF2100222046C4E98F
:103BD0001123E260E264216502F0E2F8A0B901215C
:103BE000204602F0B1F978B9012332460093294604
:103BF0003B46204602F011F930B93221204603B08D
:103C0000BDE8F04002F023B903B0F0BD688D003488
:103C10001088117000100258C08C00342DE9F74F45
:103C2000284E1C46F3681546013B032B884688BF87
:103C300000234FF0340A98BF234A0D9F98BFD35CEE
:103C4000DFF88890DFF888B02F44BD4203D1002010
:103C500003B0BDE8F08FB16830680AFB019105FB45
:103C6000008C3269C96D02FB0C114243002A1DDD34
:103C700004F01F001044BFF34F8FE24304EB000E2B
:103C8000724420385209203002F1010ED8BF4FF0A3
:103C9000010EA4464EF001E0CBF868C20CF1200CF6
:103CA0000FF007C0BFF34F8FBFF36F8F20460C9A02
:103CB0000193FFF775FF0C9B3269013502FB03444A
:103CC000019BC2E7688D003410881170C48B0034EA
:103CD00000ED00E04FF0340C2DE9F84F1F4F9D8BA5
:103CE0003C68BE6804FB02111D4A3C690CFB0622BD
:103CF000D66DA5F12002072A04FB0166D3F80A005D
:103D0000D3F812A0D3F8169017D9A5F11002072AFC
:103D10008CBF4FF0010B4FF0020B4FF00008ED0885
:103D20000AFB05F509F1FF3205FB02006D421C1884
:103D3000C84505D10020BDE8F88F4FF0000BECE737
:103D400031465B4620465246FFF72AFF3B693968F9
:103D50002C4401FB036608F10108E9E7688D003493
:103D6000C48B0034022810B5044605D001280ED0BB
:103D700004280CBF02240424064BC3E90304C3E94E
:103D80000012FFF7FFF9BDE81040FFF73BBA03242C
:103D9000F2E700BF688D00344FF4F0724FF44871C1
:103DA0000220FFF7DFBF000070B5FF260C468EB083
:103DB00024220021054605A80FF0C8F94FF4C06E73
:103DC00006960726A268E368206804939B1A616838
:103DD0000C932369CDE908E666690291022BA1EBF9
:103DE0000001019003920A960B910AD104230593D6
:103DF0006B1E5A425A4101A9064803F041F90EB020
:103E000070BD042B01D10823F1E7002BF0D006236D
:103E1000EDE700BFC48B0034024600B10122082147
:103E2000014802F08FBA00BF0000025600487047F8
:103E3000C48B0034034B02221868002380681946A3
:103E40000EF06CBF1401003407B54FF6FF730190FC
:103E5000012201A9034807F052F8019803B05DF868
:103E600004FB00BF008B00341E491F4AD1F88C3080
:103E700010B543F44063C1F88C30536B23F0E0532A
:103E800043F0805353630022184BC3F88022C3F8D9
:103E90008422C3F88822C3F88C22C3F89022C3F886
:103EA0009422C3F898220122114B8B60114BC3F866
:103EB000782AD3F878028C680F4803F580530461A0
:103EC0000069C3F87822D1F888300C4A43F47003B3
:103ED000C1F88830D2F8883043F47003C2F88830D3
:103EE00010BD00BF00ED00E000EF00E000E100E0E9
:103EF00000041070008002560080005600ED02E0C1
:103F00006E4BF0B51A6A02F44012B2F5001F00F0D1
:103F1000B88006D862B99A6C694BC2F3C112D3401B
:103F200003E0B2F5401F0BD00023664A1360F0BDDA
:103F30005B6C654A13F4007F644B08BF1346F4E7DB
:103F4000D3F8C42002F04052B2F1805F2AD0B2F11F
:103F5000005F36D0002A43D1D3F880703D0107F0CE
:103F6000E04100F19680D3F88400D3F88820C7F3AD
:103F70000B2420F07F400E46B6F1005FC2F3C2650D
:103F8000C7F30551C2F302624FD07CD8002E3CD05B
:103F900000264A4B4C4F5B6C13F4007F4B4B08BF21
:103FA0003B4638E0D3F890703C0107F0E04170D414
:103FB000D3F89400C7F30B24D3F8982020F07F4067
:103FC000D9E7D3F8A070380107F0E04161D4D3F805
:103FD000A400C7F30B24D3F8A82020F07F40CAE741
:103FE000D3F8B0703A0107F0E04152D4D3F8B400EE
:103FF000C7F30B24D3F8B82020F07F40BBE70A4674
:104000000D4608460C464FF000662C4B9F6C2C4B1F
:10401000C7F3C117FB404EB1284AD2F8C420C2F3FF
:1040200007420132B3FBF2F37FE7294B07EE100A98
:10403000B8EEC76A07EE104A07EE903ADFED256A40
:10404000B8EEC77AF8EEE77AA6EE267A67EE877AB8
:1040500007EE101AB8EEC77AC7EE876A07EE905AD5
:10406000B8EEE77A07EE902AF8EEE77A27EE277A9D
:10407000C6EE877AFCEEE77A17EE903ACCE7144B5F
:10408000CAE7134B51E7B6F1405F134B18BF00234B
:10409000CCE7B1F1005FF2D009D80029AFD00022FF
:1040A0004FF00066154610461446114671E7B1F10F
:1040B000405F094B18BF0023AEE700BF00800256E7
:1040C0000090D0033400003400093D000024F400C7
:1040D000006CDC02000080330080BB006DED81CFFE
:1040E00000B5FFF70DFF054B5DF804EB18689FEC7A
:1040F000100A9FE80E90FDEC81CF74473400003425
:1041000010B5032000F09AF8FFF7FAFE0F20FFF732
:10411000F7FA044618B9FFF769F9204610BD0124E3
:10412000FBE738B504680546606810F009003FD128
:10413000A860012028711220013BE060C4F804212E
:104140001A44C4F80821D4F8003123F006031943B7
:10415000049BC4F80011012BA3680AD143F010039B
:10416000A360D4F8003143F00103C4F8003100200B
:104170001DE023F01003A360D4F8003143F00103E5
:10418000C4F80031FFF7BEFA04462B685B68DB0613
:10419000EDD4FFF7B7FA001BC828F6D92B685B6887
:1041A000DA06F2D41023AB60062301202B7138BD50
:1041B0000220FCE738B50446E8B103685B68D9071C
:1041C00007D400202268A060136843F00103136045
:1041D00038BDFFF797FA054623685B68DB07F0D523
:1041E000FFF790FA401B0128F6D923685B68DA07CD
:1041F000F2D41023A3600120EAE710B5044660B1B1
:1042000003790BB9FFF762FA0023A360012323713E
:104210002046BDE81040FFF7CDBF012010BD13467A
:1042200007B540B1002200920A460621FFF779FF48
:1042300003B05DF804FB0120FAE700000749030220
:10424000CA6803F4E06322F4E0621204120C134320
:1042500043F0BF6343F40033CB60704700ED00E0F0
:1042600070B5184CE368C3F30223C3F10705042DAE
:1042700003F1040628BF0425062E4FF0FF36A3F1F4
:10428000030398BF002306FA05F521EA05019E40C5
:10429000002801FA03F122EA0602B8BF00F00F007D
:1042A00041EA0203A8BF00F160404FEA0313B8BF20
:1042B0000438DBB2ABBF00F56140241880F800334E
:1042C000237670BD00ED00E0002807DB01234109E3
:1042D000034A00F01F00834042F82130704700BFBE
:1042E00000E100E0F8B51446036871BBD3F804247C
:1042F00022F4C01242EAC442C3F80424234B022C25
:104300001A6838D0032C39D0012C3AD142F040023F
:104310001A60FFF7F7F94FF4003607461B4DA64029
:10432000FFF7F0F9C01BB0F57A7F2DD8D5F89030A3
:1043300036EA0303F4D14FF488530020D5F88020E7
:10434000A3401343C5F88030F8BD0129D3F80428F1
:1043500006D122F4C01242EAC442C3F80428CDE7D1
:10436000520341BFD3F8042C22F4C01242EAC442E3
:10437000C3F8042CC2E742F48062C9E742F48042E9
:10438000C6E742F00402C3E70120DDE70060005801
:10439000012930B54FF00205046810D18571D4F8B9
:1043A00000190B43C4F80039C4F8C429D4F8F03319
:1043B00043F4060343F02003C4F8F03330BD08444F
:1043C0004571D4F8001D0B43C4F8003DC4F8C42D5A
:1043D000D4F8F03343F00643ECE770B415461E46BC
:1043E00099B9022301684371D1F800253243C1F81D
:1043F0000025C1F8C455D1F8F03370BC43F406432E
:1044000043F02003C1F8F033704770BCFFF7C0BF22
:10441000022383710368D3F8042842F00042C3F8F2
:104420000428D3F8002942F00802C3F80029704795
:1044300069B90368D3F8042442F00042C3F80424A5
:10444000D3F8002542F00802C3F80025704701297F
:1044500001D1FFF7DDBF0368D3F8042C42F000421E
:10446000C3F8042CD3F8002D42F00802C3F8002D45
:1044700070470000184B10B55A69C9B242F4803237
:104480005A611A6942F001021A615A6942F4803293
:104490005A6100221A615A615C695C611C6944F0CE
:1044A00001041C611A615C6944F480345C611C691C
:1044B00044F001041C615C69044344F480345C6191
:1044C0001A615A61586901435961196941F0010142
:1044D00019611A6110BD00BF0070005810B5044684
:1044E00068B103790BB908F0D5FA032300202371D2
:1044F00001236071A071E071A060237110BD0120E3
:10450000FCE700002DE9F0410446FEB00D464FF4F3
:10451000FC7268463F490FF0B0F81CB901207EB02C
:10452000BDE8F081002DF9D03B4B1A6822F0010262
:104530001A60696801291AD12A6842F404121A67BC
:104540001A6842F001021A60D3F8802042F0B042AB
:1045500042F40412C3F880202A68B2F5807FD3F8B1
:10456000842054D1012908D142F01F0207E002291A
:10457000D4D12A6842F49012E1E742F4F8520026BE
:10458000264CC3F884202368234F23F002032360C2
:104590007E602369012043F001032361FFF7B4F833
:1045A0002661D5F80880A3685DF8382023F4FE431F
:1045B00043EA022343F02803A360382108201602AF
:1045C000FFF758FF1121E420FFF754FF0DEBC8035C
:1045D000D3F80480E3204FEA182146F48036FFF731
:1045E00049FF46F02806E3205FFA88F1FFF742FF13
:1045F000A6602B680020B3F5807F0CBF07230F2334
:104600007B60236843F002032360606087E742F425
:10461000F852A9E7C8601170006000580070005897
:1046200030B558B152B10379013B012B3FD8146822
:1046300024F48033B3F5003F02D1F9B1012039E011
:10464000022914BF234600235568B4F5803F43EA8E
:104650000503056802D0B4F5003F04D102292AD031
:10466000926843EA022369B1012924D1D5F80418DC
:10467000154A0A401A43C5F804280BE0B4F5403F38
:104680002346E1D10168104AD1F8044422401A437C
:10469000C1F804240368D3F8042122F48042C3F84B
:1046A0000421D3F8042242F00102C3F804220223B9
:1046B0000371002030BDD5F8042C22F03F021343D3
:1046C000C5F8043CE6E700BFC0C0FCFFF0B1032919
:1046D00008D8DFE801F002090F150D4B120242F075
:1046E00001021A6100207047094B120242F00102D8
:1046F0001A62F7E7064B120242F001021A63F1E771
:10470000034B120242F001021A64EBE701207047EA
:10471000006000580346F0B500285FD0002A5DD045
:10472000022902D19068062858D85C1860791D7952
:10473000C0B2022DEEB251D110F0FB004ED1667125
:104740001B68176849B9D3F8002522F003023A43E1
:10475000C3F8002501236371F0BD0129D2E9015698
:1047600026D1D3F800291E4922F003023A43C3F8A8
:104770000029D3F8C02922F00F023243C3F8C02920
:10478000D3F8CC290A402A43C3F8CC29F21F012AC6
:1047900006D8D3F8DC290A402A43C3F8DC29D9E734
:1047A000092ED7D1D3F8DC290A4042EA5502F4E7B2
:1047B000D3F8002D22F003023A43C3F8002DD3F8BA
:1047C000C02D22F00F023243C3F8C02DD3F8CC2DF8
:1047D0006FF30E022A43C3F8CC2DBBE70120BBE7E1
:1047E0000080FFFFF8B50E461F46044610B90125AC
:1047F0002846F8BD1D07FAD103684518D3F80432DE
:104800006D79012DF3D1DB07F1D5FFF76BFD05467F
:104810000028ECD1314620463A46069BFFF7DDFDE5
:1048200031462046FFF704FEE2E7704770477047C5
:104830007047036870B5D3F8F86304467204D3F880
:10484000F05312D5690410D5D3F8F023002122F4D7
:104850008042C3F8F023826842F0040282604FF481
:104860008042C3F8FC23FFF7E1FF72050AD56B0510
:1048700008D54FF48062236800212046C3F8FC234A
:1048800008F0E8F8B00516D5A90514D52368D3F8C3
:104890000025520707D5D3F8F02322F40642C3F8C7
:1048A000F023012262714FF4007200212046C3F808
:1048B000FC2308F0DFF8F3050AD5E80508D54FF426
:1048C0008072236800212046C3F8FC23FFF7ADFF68
:1048D000310416D52A0414D523680021D3F8F02317
:1048E000204622F40042C3F8F023A26842F00802F6
:1048F000A2604FF40042C3F8FC2304236371FFF766
:1049000096FFF3030AD5E80308D54FF480322368F5
:1049100001212046C3F8FC23FFF787FF71030AD566
:104920006A0308D54FF48022236801212046C3F88A
:10493000FC2308F08FF8B30316D5A80314D5236819
:10494000D3F80029510707D5D3F8F02322F4060243
:10495000C3F8F0230122A2714FF400320121204656
:10496000C3F8FC2308F086F8320216D52B0214D5C2
:1049700023680121D3F8F023204622F40002C3F873
:10498000F023A26842F01002A2604FF40002C3F8C4
:10499000FC230423A371FFF74AFFF0010AD5E901C4
:1049A00008D54FF08072236802212046C3F8FC230B
:1049B000FFF73BFF72010AD56B0108D54FF080620B
:1049C000236802212046C3F8FC2308F043F8B00115
:1049D00016D5A90114D52368D3F8002D520707D5A1
:1049E000D3F8F02322F00642C3F8F0230122E2714B
:1049F0004FF0007202212046C3F8FC2308F03AF879
:104A0000002E16DA002D14DA23680221D3F8F023E1
:104A1000204622F00042C3F8F023A26842F02002B0
:104A2000A2604FF00042C3F8FC230423E371FFF7B8
:104A3000FEFE700614D5690612D523682046D3F809
:104A4000F02322F04002C3F8F023A26842F00202F1
:104A5000A2604022C3F8FC2304232371FFF7E8FE81
:104A6000B20614D5AB0612D523682046D3F8F0233E
:104A700022F02002C3F8F023A26842F00102A260F3
:104A80002022C3F8FC2304232371FFF7D1FE70BD5D
:104A90007047704770477047704770477047000015
:104AA000B54B2DE9F041D3F890600446B202D3F83B
:104AB0009480D3F88050D3F884700DD5A9020BD51B
:104AC000D3F8802022F40012C3F880204FF40012A3
:104AD000C3F80021FFF7DDFF320715D52B0713D5EB
:104AE00023680321D3F80035204613F0040FA24BAE
:104AF0001EBFD3F8802022F00802C3F880200822CD
:104B0000C3F80021FFF7CAFF700715D5690713D551
:104B100023680221D3F80035204613F0040F964B8A
:104B20001EBFD3F8802022F00402C3F880200422A4
:104B3000C3F80021FFF7B2FFB20715D5AB0713D5B5
:104B400023680121D3F80035204613F0040F8A4B67
:104B50001EBFD3F8802022F00202C3F88020022278
:104B6000C3F80021FFF79AFFF00715D5E90713D521
:104B700023680021D3F80035204613F0040F7E4B44
:104B80001EBFD3F8802022F00102C3F8802001224A
:104B9000C3F80021FFF782FF320416D52B0414D589
:104BA00023680321D3F80035204613F0040F724B1D
:104BB0001EBFD3F8802022F40042C3F880204FF4B7
:104BC0000042C3F80021FFF766FF700416D56904A0
:104BD00014D523680221D3F80035204613F0040FC2
:104BE000654B1EBFD3F8802022F48042C3F880209A
:104BF0004FF48042C3F80021FFF74DFFB20416D5F1
:104C0000AB0414D523680121D3F80035204613F0F6
:104C1000040F594B1EBFD3F8802022F40052C3F872
:104C200080204FF40052C3F80021FFF734FFF00456
:104C300016D5E90414D523680021D3F800352046A1
:104C400013F0040F4C4B1EBFD3F8802022F4805287
:104C5000C3F880204FF48052C3F80021FFF71BFFF8
:104C6000320516D52B0514D523680321D3F800355A
:104C7000204613F0040F404B1EBFD3F8802022F4CF
:104C80000062C3F880204FF40062C3F80021FFF7F0
:104C900003FF700516D5690514D523680221D3F8E2
:104CA0000035204613F0040F334B1EBFD3F880208D
:104CB00022F48062C3F880204FF48062C3F80021A0
:104CC000FFF7EAFEB20516D5AB0514D5236801211E
:104CD000D3F80035204613F0040F274B1EBFD3F83E
:104CE000802022F40072C3F880204FF40072C3F8D1
:104CF0000021FFF7D1FEF00516D5E90514D523688C
:104D00000021D3F80035204613F0040F1A4B1EBFC4
:104D1000D3F8802022F48072C3F880204FF4807290
:104D2000C3F80021FFF7B8FE320615D52B0613D5C0
:104D300023680321D3F80035204613F0040F0E4BEF
:104D40001EBFD3F8802022F08002C3F8802080228A
:104D5000C3F80021FFF7A1FE700619D5690617D523
:104D600023680221D3F80035204613F0040F024BCC
:104D700018BFD3F8802001E0006000581CBF22F06B
:104D80004002C3F880204022C3F80021FFF785FECF
:104D9000B20615D5AB0613D523680121D3F800352B
:104DA000204613F0040FB94B1EBFD3F8802022F029
:104DB0002002C3F880202022C3F80021FFF76DFEF7
:104DC000F00615D5E90613D523680021D3F8003580
:104DD000204613F0040FAD4B1EBFD3F8802022F005
:104DE0001002C3F880201022C3F80021FFF755FEFF
:104DF000720013D56B0011D5A44B2046D3F8802048
:104E000022F08042C3F880204FF08042C3F8002196
:104E1000A36843F48073A360FFF70AFDB00013D5C5
:104E2000A90011D5994B2046D3F8802022F00052DA
:104E3000C3F880204FF00052C3F80021A36843F468
:104E40000073A360FFF7F4FCF20013D5EB0011D55B
:104E50008E4B2046D3F8802022F08052C3F8802069
:104E60004FF08052C3F80021A36843F48063A3602D
:104E7000FFF7DEFC300113D5290111D5834B204605
:104E8000D3F8802022F00062C3F880204FF0006247
:104E9000C3F80021A36843F40063A360FFF7C8FCD4
:104EA000720113D56B0111D5784B2046D3F88020C1
:104EB00022F08062C3F880204FF08062C3F80021A6
:104EC000A36843F48053A360FFF7B2FCB00113D58D
:104ED000A90111D56D4B2046D3F8802022F0007235
:104EE000C3F880204FF00072C3F80021A36843F498
:104EF0000053A360FFF79CFCF20113D5EB0111D521
:104F0000624B2046D3F8802022F08072C3F88020C4
:104F10004FF08072C3F80021A36843F48043A3607C
:104F2000FFF786FC18F0010F14D0F80712D5012105
:104F3000564B2046D3F8802022F00102C3F880208F
:104F4000C3F80411A36843F40023A360042323716E
:104F5000FFF79EFD18F0020F15D0B90713D54B4B84
:104F60000121D3F88020204622F00202C3F88020DD
:104F70000222C3F80421A36843F48023A36004231E
:104F80002371FFF785FD18F0040F13D07A0711D5B0
:104F90003E4B0121D3F88020204622F00402C3F8C2
:104FA00080200422C3F80421A36843F40033A360E3
:104FB000FFF76EFD18F0080F13D03B0711D5334BE8
:104FC0000121D3F88020204622F00802C3F8802077
:104FD0000822C3F80421A36843F48033A360FFF7D9
:104FE00057FD18F0100F13D0F80611D5274B0121EB
:104FF000D3F88020204622F01002C3F8802010222F
:10500000C3F80421A36843F40043A360FFF740FD05
:1050100018F4807F16D0F90514D51C4B0221D3F863
:105020008020204622F48072C3F880204FF48072E2
:10503000C3F80421A36843F40023A360042323716D
:10504000FFF726FD18F4007F16D0BA0514D50F4BD4
:105050000221D3F88020204622F40072C3F8802079
:105060004FF40072C3F80421A36843F48023A360C3
:1050700004232371FFF70CFD18F4806F17D07B0514
:1050800015D5024B0221D3F8802001E000600058C2
:10509000204622F48062C3F880204FF48062C3F877
:1050A0000421A36843F40033A360FFF7F1FC18F474
:1050B000006F14D0380512D51F4B0221D3F8802081
:1050C000204622F40062C3F880204FF40062C3F847
:1050D0000421A36843F48033A360FFF7D9FC18F4DC
:1050E000805F14D0F90412D5134B0221D3F880202D
:1050F000204622F48052C3F880204FF48052C3F837
:105100000421A36843F40043A360FFF7C1FCF2034A
:105110000FD5EB030DD5084B2046D3F8802022F4A1
:105120008032C3F880204FF48032C3F80021FFF7AB
:10513000B1FCBDE8F08100BF0060005810B5002848
:105140005BD0002A59D00379022B56D109BB0168E4
:105150002B4BD1F804010340B3F5804F4DD0D2E979
:105160000043D1F8040543EA044300F0F020034370
:10517000C1F80435D2E9033492682343D1F8080515
:1051800043EA02431F4A02401343C1F80835002096
:1051900010BD012917D1D2E90043016843EA044355
:1051A000D1F8040900F0F0200343C1F80439D1F824
:1051B0000809D2E9024300F0F02243EA0443134312
:1051C000C1F80839E3E7022917D1D2E900430168A1
:1051D00043EA0443D1F8040D00F0F0200343C1F882
:1051E000043DD1F8080DD2E9024300F0F02243EA71
:1051F00004431343C1F8083DC9E70120C8E700BFD5
:105200000040FF0000F000B068B30379022B2AD100
:1052100079B90368154AD3F804110A40B2F5804FF2
:1052200021D0D3F8082542F00042C3F80825002019
:10523000704701290DD103680846D3F82028B2F53C
:10524000004F11D0D3F8082942F00042C3F80829D2
:10525000EDE7022907D10268D2F8083D43F0004388
:10526000C2F8083DE3E70120704700BF0040FF009F
:10527000E8B141B90268D2F8083523F00043C2F81A
:10528000083500207047012907D10268D2F8083993
:1052900023F00043C2F80839F3E7022907D1026876
:1052A000D2F8083D23F00043C2F8083DE9E70120A9
:1052B000704790B18AB10379022B0ED101290CD12C
:1052C000D2E9003200681343D0F8301821F01E02F2
:1052D0001343C0F83038002070470120704750B1A8
:1052E000012908D102680020D2F8303843F00103C8
:1052F000C2F83038704701207047F8B10379022BAB
:105300001CD101290CD1D2E9003200681343D0F836
:105310000C1921F01E021343C0F80C39002070470D
:1053200002290BD1D2E9003200681343D0F80C1DDA
:1053300021F01E021343C0F80C3DEFE70120704737
:10534000A0B1012908D10268D2F80C3943F0010359
:10535000C2F80C3900207047022907D10268D2F840
:105360000C3D43F00103C2F80C3DF3E70120704708
:10537000A0B1012908D10268D2F80C3923F0010349
:10538000C2F80C3900207047022907D10268D2F810
:105390000C3D23F00103C2F80C3DF3E701207047F8
:1053A00010B5002845D0002A43D00379022B40D104
:1053B00001291ED1D2E90441036841EA0441D3F82E
:1053C000100900F0FC200143C3F81019D2E90201D2
:1053D00041EA0041C3F81419D3F81819D2E90002C0
:1053E00001F0F02142EA00420A43C3F818290020E4
:1053F00010BD02291DD1D2E90441036841EA0441EC
:10540000D3F8100D00F0FC200143C3F8101DD2E9C1
:10541000020141EA0041C3F8141DD3F8181DD2E976
:10542000000201F0F02142EA00420A43C3F8182DBD
:10543000DDE70120DCE7A0B1012908D10268D2F83C
:10544000103943F00043C2F8103900207047022998
:1054500007D10268D2F8103D43F00043C2F8103D76
:10546000F3E701207047A0B1012908D10268D2F802
:10547000703943F00103C2F87039002070470229E7
:1054800007D10268D2F8703D43F00103C2F8703DC5
:10549000F3E701207047A0B1012908D10268D2F8D2
:1054A000703923F00103C2F87039002070470229D7
:1054B00007D10268D2F8703D23F00103C2F8703DB5
:1054C000F3E701207047012905D10368D3F870097B
:1054D00000F001007047022903D10368D3F8700D72
:1054E000F6E700207047000010B5C8B1C2B101292D
:1054F00016D1D2E903431B0743EA044394680168C9
:1055000023431468526843EA0453D1F8700843EA0D
:105510000263044A024000201343C1F8703810BDF2
:105520000120FCE7F9FF888850B1012908D1026801
:105530000020D2F8703843F00103C2F87038704789
:105540000120704750B1012908D102680020D2F82B
:10555000703823F00103C2F870387047012070479B
:1055600078B101290DD1006843EA0233D0F8201840
:1055700021F4FF4222F07F021343C0F820380020BC
:1055800070470120704750B1012908D102680020FE
:10559000D2F8203843F40043C2F820387047012085
:1055A000704750B1012908D102680020D2F8203894
:1055B00023F40043C2F8203870470120704760B1DF
:1055C00001290AD101680020D1F8243823F00E0304
:1055D00043EA4202C1F8242870470120704750B1C5
:1055E000012908D102680020D2F8243843F00103D1
:1055F000C2F8243870470120704750B1012908D102
:1056000002680020D2F8243823F00103C2F82438BD
:105610007047012070470368D3F82408C0F34200A4
:105620007047012903BF0368D3F8240800F0010084
:105630000020704758B152B10379022B07D103689B
:105640000020D3F82838C3F30B0313607047012000
:105650007047000070B5002800F0A880002A00F014
:10566000A580012940F0A28003681478D3F880084F
:10567000517820F0060041EA84010143C3F8801804
:10568000B2F902108CB2C1F30A000029B2F9041079
:10569000B8BF0446C1F30A05002988B2B8BF28463E
:1056A000D3F8841801F0F821214341EA0041C3F8FE
:1056B0008418B2F906108DB2C1F30A000029B2F9BC
:1056C0000810B8BF0546C1F3090000298CB2B8BF65
:1056D0000446D3F8881836480140294341EA04417A
:1056E000C3F88818B2F90C108DB2C1F30A0400296E
:1056F000B2F90A10B8BF2546C1F30A0600298CB2D8
:10570000B8BF3446D3F88C1801F0F82141EA0541BE
:105710002143C3F88C18B2F90E108DB2C1F30A04FC
:105720000029B2F91010B8BF2546C1F309060029B7
:105730008CB2B8BF3446D3F890180140294341EAEF
:105740000441C3F89018B2F912108DB2C1F30A04E3
:105750000029B2F91410B8BF2546C1F30A06002982
:105760008CB2B8BF3446D3F8941801F0F82129431D
:1057700041EA0441C3F89418B2F91610B2F918209E
:10578000C1F30A0500298CB2B8BF2C46C2F3090543
:10579000002A91B2D3F89828B8BF294602400020C9
:1057A000224342EA0142C3F8982870BD0120FCE779
:1057B00000F800FC50B1012908D102680020D2F89D
:1057C000803843F00103C2F88038704701207047E9
:1057D00050B1012908D102680020D2F8803823F0A6
:1057E0000103C2F8803870470120704710B598B1A6
:1057F00092B1012910D1006853781478D0F840187C
:1058000092781B0443EA046343EA0223CAB21343B7
:10581000C0F84038002010BD0120FCE750B101293C
:1058200008D102680020D2F8403843F00103C2F8E2
:10583000403870470120704750B1012908D10268F3
:105840000020D2F8403823F00103C2F840387047F6
:105850000120704710B530B32BB3012923D1D3E910
:1058600000149B682143012A43EA0103016809D01F
:10587000022A10D0D1F8582822F0FC021343C1F8B4
:10588000583806E0D1F8502822F0FC021343C1F842
:105890005038002010BDD1F8542822F0FC021343E8
:1058A000C1F85438F5E70120F4E710B5D8B1D2B10A
:1058B000012918D1D2E90043016843EA0443D1F831
:1058C0005C0800F0F0200343C1F85C38D1F86008B0
:1058D000D2E9024300F0F022002043EA04431343DC
:1058E000C1F8603810BD0120FCE7E0B101291AD1F0
:1058F000012A036808D0022A0ED0D3F8582842F0B3
:105900000102C3F8582805E0D3F8502842F00102FC
:10591000C3F8502800207047D3F8542842F0010201
:10592000C3F85428F6E70120704750B1012908D187
:1059300002680020D2F8603843F00043C2F86038B3
:1059400070470120704710B5F0B1EAB101291BD1B1
:10595000016853781478D1F844081B056FF31E5082
:1059600043EA04730343C1F84438D37890781B05A5
:1059700043EA00731079527943EA0033002043EA86
:105980000213C1F8483810BD0120FCE750B10129CD
:1059900008D102680020D2F8443843F00103C2F86D
:1059A000443870470120704750B1012908D102687E
:1059B0000020D2F8443823F00103C2F8443870477D
:1059C0000120704740B33AB3012925D1016810780E
:1059D000D1F8A03823F4FC4343EA4023C1F8A038AF
:1059E000937850785B0443EA4063D07843EA4023DD
:1059F000107943EA4003C1F8A438937950795B04E5
:105A000043EA4063D079127A43EA402343EA4203EF
:105A10000020C1F8A83870470120704750B1012913
:105A200008D102680020D2F8A03843F00103C2F880
:105A3000A03870470120704750B1012908D1026891
:105A40000020D2F8A03823F00103C2F8A038704734
:105A500001207047B0B1012909D10168D1F8CC39D2
:105A60006FF30E031A43C1F8CC29002070470229B6
:105A700008D10168D1F8CC3D6FF30E031A43C1F889
:105A8000CC2DF2E701207047B0B1012909D101689E
:105A9000D1F8C03923F00F031A43C1F8C029002000
:105AA0007047022908D10168D1F8C03D23F00F03E7
:105AB0001A43C1F8C02DF2E70120704708B361B95D
:105AC00001681AB9C1F8C43500207047D1F8C02563
:105AD000D20316D5C1F8C835F6E7012907D1016808
:105AE00012B9C1F8C439EFE7C1F8C839ECE70229A7
:105AF00007D1016812B9C1F8C43DE5E7C1F8C83D56
:105B0000E2E701207047B8B10379022B08D10129DF
:105B100008D10268D2F8C03943F01003C2F8C03986
:105B200000207047022907D10268D2F8C03D43F037
:105B30001003C2F8C03DF3E701207047B8B1037904
:105B4000022B08D1012908D10268D2F8C03923F00C
:105B50001003C2F8C03900207047022907D102683B
:105B6000D2F8C03D23F01003C2F8C03DF3E7012096
:105B7000704702290ED10368D3F8042CD3F8041817
:105B80000A4307D4D3F80428002022F48022C3F863
:105B90000428704701207047C8B1C3B1012916D14C
:105BA000022A0CD0032A0ED0012A01D0002070470F
:105BB0000268D2F8642822F07F421A60F6E7026891
:105BC000D2F86828F7E70268D2F86C28F3E70120DA
:105BD00070470000012970B540F08D800368D3F84C
:105BE0008018C1F3800001F0020110705170D3F8E9
:105BF00084484149C4F30A4040EA010514F0806F2B
:105C000018BF2846D3F884489080C4F30A0040EABD
:105C1000010514F4806F18BF2846D3F888585080C7
:105C20003648C5F3094444EA000615F0007F18BF62
:105C30003446D3F888581481C5F30A0444EA0106AF
:105C400015F4806F18BF3446D3F88C58D480C5F350
:105C50000A4444EA010615F0806F18BF3446D3F8B1
:105C60008C589481C5F30A0444EA010615F4806F48
:105C700018BF3446D3F890585481C5F3094444EA18
:105C8000000615F0007F18BF3446D3F890581482F0
:105C9000C5F30A0444EA010615F4806F18BF3446C0
:105CA000D3F89858D481C5F30944204315F0007FF8
:105CB00018BF04461483D3F89848C4F30A0040EA96
:105CC000010514F4806F18BF2846D3F89448D08299
:105CD000C4F30A4040EA010514F0806F18BF28465B
:105CE0009082D3F89408C0F30A03194310F4806F2C
:105CF00018BF0B46538270BD00F8FFFF00FCFFFF8A
:105D0000012903BF0368D3F8800800F001000020D8
:105D1000704700797047F0B50468059D666C45EAE8
:105D20000345436806F040463543B3F5403F65649C
:105D3000E2632FD1806801F07F4601F47F0301F414
:105D40007F42CDB203281AD8DFE800F00402060E25
:105D500021F07F41A163F0BDD90C920AC90241EA4A
:105D6000421141EAD501F5E7DB0CD20A9B0243EA76
:105D7000421343EAD503F10F43EAC131EAE71B0DB1
:105D8000120B1B0243EA021343EA1513360F43EAD0
:105D90000631DFE7B3F5802F0CBF6161E160DAE720
:105DA00010B50446002836D090F8613003F0FF02A9
:105DB0001BB980F86020FDF72FFB022384F86130C7
:105DC0002368E0691968626821F4E021024321F048
:105DD00040010A431A60596BA069A26821F48371DB
:105DE000024321F001010A435A631A6CE1686FF320
:105DF0000F020A431A64596BD4E90402520542EABD
:105E0000005221F440110A435A63002001236066C6
:105E100084F8613010BD0120FCE773B590F8605044
:105E20000446012D4FF002050FD0012680F8615085
:105E3000069D80F860600095FFF76DFF00202268E6
:105E400013683343136002B070BD2846FBE700239C
:105E500073B50193036804461B680D46DB0718D42D
:105E60002268D369526A13439E0606D5FDF74AFCA1
:105E7000064623685A68D2063FD5122223680020BE
:105E80009A60012384F86130002384F8603002B006
:105E900070BDFDF737FC064623685A689207DFD4C9
:105EA0005A680192019A12F0210F14D0019A9506B6
:105EB00042BF626E42F002026266019AD00742BFA0
:105EC000626E42F00102626621229A600423012080
:105ED00084F86130D8E7691CDFD0FDF713FC801B24
:105EE000A84201D8002DD7D1636E032043F02003D0
:105EF0006366032384F86130C6E75A680192019A09
:105F000012F0290F16D0019A160742BF626E42F0B6
:105F100004026266019A950642BF626E42F0020276
:105F20006266019AD00742BF626E42F00102626669
:105F30002922CAE7691C9DD0FDF7E4FB801BA8421B
:105F4000D2D8002D95D1CFE7F0B590F86030024659
:105F5000012B4FF0020033D01C24012304FB012449
:105F600082F8603082F86100A36BD4E90B601B05F6
:105F7000676B43EA0043E06B334343EA4053A6F1C7
:105F8000090507F07F401843012D43EA076398BFD6
:105F900003461068A9B9446A1749012D01EA0401B2
:105FA00041EA0301936A4162836103D8536B23F092
:105FB0007F4383620123002082F8613082F8600011
:105FC000F0BD0B2E03BF246C0C4E43EA84430C4EF1
:105FD000C469012D24EA060443EA0403C3614FF0B7
:105FE0001C0303FB01218B6A03619EBF4B6B23F0F3
:105FF0007F430362DEE700BFF0FFCC000F003FFFEE
:106000000F0033FF2DE9F04F00224FF00F0A734CC1
:106010000B6833FA02F501D1BDE8F08F012505FACE
:1060200002F919EA030300F0C18003274E684FEA22
:10603000420806F0030507FA08FE6F1E012F6FEAFB
:106040000E0ED1F808C031D8876807EA0E0BCF686A
:1060500007FA08F747EA0B078760476827EA090944
:10606000C6F30017974047EA09074760C7680CFA6C
:1060700008FC07EA0E074CEA0707022DC7601AD191
:106080004FEAD20C00EB8C0C02F00709DCF8207010
:106090004FEA89090AFA09FB27EA0B0B0F6907FA8D
:1060A00009F747EA0B07CCF8207004E0032DDDD197
:1060B000BCF1010FDAD1076805FA08F507EA0E0707
:1060C0003D4316F4403F056070D022F0030707F10E
:1060D000AC4707F5143702F0030C3D6E4FEACC0CC9
:1060E0000AFA0CFE25EA0E0E3D4DA84260D005F5D9
:1060F0008065A8425ED005F58065A8425CD005F5B4
:106100008065A8425AD005F58065A84258D005F5AB
:106110008065A84256D005F58065A84254D005F5A3
:106120008065A84252D005F5C055A84250D005F56B
:106130008065A8424ED005F58065A8424CD005F593
:106140008065A84214BF10250B2505FA0CF545EA19
:106150000E053D66D4F8805016F4803F25EA03070B
:1061600045EA030508BF3D46C4F88050D4F8845082
:1061700016F4003F25EA030745EA030508BF3D463C
:10618000C4F88450256816F4801F25EA030745EA01
:10619000030508BF3D462560656816F4001F25EA23
:1061A000030743EA050308BF3B46636001322FE75C
:1061B0000025CAE70125C8E70225C6E70325C4E78D
:1061C0000425C2E70525C0E70625BEE70725BCE78D
:1061D0000825BAE70925B8E70A25B6E700500256B0
:1061E000000002562DE9F04F00224FF0010A4FF057
:1061F0000F084FF0030B514C31FA02F301D1BDE807
:10620000F08F0AFA02FC1CEA01067FD022F0030597
:1062100005F1AC4505F5143502F003072B6EFF00C0
:1062200008FA07F909EA030E454B984270D003F5C6
:10623000806398426ED003F5806398426CD003F57A
:10624000806398426AD003F58063984268D003F572
:106250008063984266D003F58063984264D003F56A
:106260008063984262D003F5C053984260D003F532
:10627000806398425ED003F5806398425CD003F55A
:106280008063984214BF10230B23BB40734517D182
:10629000D4F8803023EA0603C4F88030D4F8843080
:1062A00023EA0603C4F88430236823EA0603236044
:1062B000636823EA060363602B6E23EA09032B66F7
:1062C000036856000BFA06F633430360D30800EB6D
:1062D000830302F007051F6AAD0008FA05F527EAF7
:1062E00005071F62876827EA06078760476827EA6D
:1062F0000C074760C76827EA0607C7601E6C26EAD6
:1063000005061E649E6C26EA05059D64013273E74E
:106310000023BAE70123B8E70223B6E70323B4E773
:106320000423B2E70523B0E70623AEE70723ACE773
:106330000823AAE70923A8E70A23A6E70050025684
:10634000000002560AB1816170478162704710B542
:1063500040F201149443036B09D10B4340F2022431
:1063600003639443436B09D10B43436310BD23EA9A
:10637000010412F4807F18BF2346EFE723EA0101EE
:1063800012F4007F18BF0B46EFE703689A69910784
:1063900044BF00229A629A69D2075EBF9A6942F0AE
:1063A00001029A617047000030B5039D04682B43D9
:1063B00043EA0243064A6068C1F309010B4342EA1B
:1063C000555223F0004320EA02000343636030BDCE
:1063D000FF63FF0303682DE9F0419C69054614F053
:1063E00010040F4616466FD000241022A046DA6132
:1063F0002B689A69900661D4B8F1000F35D001205E
:1064000044F004042E68B369D90541BF4FF480728B
:106410000120F26144F001045A0541BF4FF480624B
:10642000012044F00804F2619B054FD54FF400733E
:1064300044F00204F3612846FFF7A7FF73680120C8
:1064400023F0FF7323F48B3323F4FF7323F0010352
:1064500073606B6C23436B64202385F84130002309
:1064600085F8423085F8403032E07A1CC1D0FDF723
:1064700049F9801BB84201D8002FB9D12B6859685F
:1064800095F842209869D2B200040AD5490408D48C
:10649000202A06D05A6842F480425A60FDF732F949
:1064A00006462B689B699B06A2D4FDF72BF9801B3F
:1064B0001928F6D920244FF0010899E7B8F1000F08
:1064C0009DD12022DA619AE720469BE70028B2D1CD
:1064D000BDE8F08170B504460D46164623689B69F9
:1064E0009B0701D500201FE0324629462046FFF7D2
:1064F00071FFC0B96A1CF1D0FDF704F9801BA842F6
:1065000001D8002DEAD123689B6913F00203E5D17D
:10651000626C84F8403042F020026264202284F8E9
:10652000412084F84230012070BD2DE9F04104463D
:106530000F4616461D46DDF8188023689B6937EA2A
:1065400003030CBF01230023B34201D0002025E048
:10655000424629462046FFF73DFFF0B96B1CECD0C0
:10656000FDF7D0F8A0EB0800A84201D8002DE4D137
:1065700023689B6937EA03030CBF01230023B3425E
:10658000DBD1636C43F020036364202384F8413043
:10659000002384F8423084F840300120BDE8F081C7
:1065A00070B504460D46164623689B699B0601D5C7
:1065B00000201DE0324629462046FFF70BFFB0B908
:1065C000FDF7A0F8801BA84201D8002DECD123686C
:1065D0009B6913F02003E7D1626C84F8403042F0ED
:1065E00020026264202284F8412084F84230012095
:1065F00070BD10B5044600284ED090F8413003F02D
:10660000FF021BB980F84020FCF710FF242384F818
:10661000413023681A6822F001021A60626822F091
:1066200070621A619A6822F400429A60D4E90221E9
:10663000012906D142F400429A605A6822F40062AD
:1066400007E042F4044202299A60F6D15A6842F403
:1066500000625A605A68002042F0007242F4004220
:106660005A60DA6822F40042DA60D4E904210A436D
:10667000A16942EA0122DA60D4E907210A431A60DB
:106680001A6842F001021A602023606484F84130E5
:10669000206384F8420010BD0120FCE710B50446D9
:1066A00098B12423026880F84130136823F0010375
:1066B0001360FCF701FF0020606484F8400084F858
:1066C0004100206384F8420010BD0120FCE7000077
:1066D0002DE9F74F994690F841300446202B0F469C
:1066E0001646BDF834A0DDF8388040F0C6800C9B1B
:1066F00013B1BAF1000F06D14FF4007363640120A7
:1067000003B0BDE8F08F90F84030012B00F0B58069
:106710004FF0010B80F840B0FCF7F4FF1923054659
:1067200000905A464FF400412046FFF7FEFE002835
:10673000E5D1212384F84130402384F842300C9B7A
:10674000606463624E4B606339462046A4F82AA019
:106750005FFA89F200934FF08073FFF725FE2A4617
:1067600041462046FFF7B6FE18BBB9F1010F23687A
:1067700015D1F6B29E620022434680212046009544
:10678000FFF7D3FEA8B9638D9BB2FF2B15D8628D9E
:106790004FF0007392B222850090D2B212E0320A1A
:1067A0009A6241462A462046FFF794FE08B92368BC
:1067B000DFE7002384F84030A1E7FF224FF0807329
:1067C0002285009039462046FFF7EEFD2A464146D5
:1067D0002046FFF77FFE002891D1636A226813F8F4
:1067E000011B91626362638D228D013B9BB26385C5
:1067F000638D013A92B29BB22285B3B1AAB94346E6
:10680000802120460095FFF790FE00287FF477AFA7
:10681000638D9BB2FF2B28D9FF224FF08073228516
:10682000009039462046FFF7BFFD638D9BB2002BD9
:10683000CCD12A4641462046FFF7B2FE00287FF41D
:106840005EAF20212368D9615A6822F0FF7222F4DA
:106850008B3222F4FF7222F001025A6084F8411058
:1068600084F8400084F842004AE7628D4FF00073DC
:1068700092B222850090D2B2D3E7022040E700BF57
:10688000002000802DE9F74F994690F841300446EA
:10689000202B0F461646BDF834A0DDF8388040F0B6
:1068A000C9800C9B13B1BAF1000F06D14FF40073ED
:1068B0006364012003B0BDE8F08F90F84030012BF5
:1068C00000F0B8804FF0010B80F840B0FCF71AFFE1
:1068D0001923009005465A464FF400412046FFF721
:1068E00024FE03460028E4D1222284F841204022DD
:1068F00084F842200C9A606462624F4A60633946B1
:106900002046A4F82AA000925FFA89F2FFF74CFD16
:106910002A4641462046FFF7DDFD20BBB9F1010FB5
:10692000236816D1F6B29E620022434640212046DB
:106930000095FFF7FAFDB0B9638D9BB2FF2B3F4B7B
:1069400015D8628D92B222850093D2B24FF00073B7
:1069500012E0320A9A6241462A462046FFF7BAFD03
:1069600008B92368DEE7002384F84030A1E7FF225E
:10697000228500934FF0807339462046FFF714FDBF
:1069800043460022042120460095FFF7CEFD002853
:106990008FD123685A6A636A1A70636A228D013341
:1069A0006362638D013A013B9BB26385638D92B252
:1069B0009BB22285B3B1AAB94346802120460095F7
:1069C000FFF7B3FD00287FF474AF638D9BB2FF2BFC
:1069D00028D9FF224FF08073228500903946204647
:1069E000FFF7E2FC638D9BB2002BC9D12A464146DA
:1069F0002046FFF7D5FD00287FF45BAF20212368F8
:106A0000D9615A6822F0FF7222F48B3222F4FF72AD
:106A100022F001025A6084F8411084F8400084F8A2
:106A2000420047E7628D4FF0007392B222850090DA
:106A3000D2B2D3E702203DE700200080002400808E
:106A400010B590F841200346202AD4B21CD190F80A
:106A50004020012A18D0242280F8412002681068C2
:106A600020F001001060106820F480501060106861
:106A7000014300201160116841F00101116083F8A9
:106A8000414083F8400010BD0220FCE710B590F8AB
:106A900041200346202AD4B21BD190F84020012A7D
:106AA00017D0242280F841200268106820F00100ED
:106AB0001060106820F4706040EA0121002011602D
:106AC000116841F00101116083F8414083F84000F2
:106AD00010BD0220FCE72DE9F04F342687B0DDF829
:106AE00040C0046806FB0C06D6F848E0CDE9022356
:106AF000756E0CF1010304EB0323BEF1030FDD639C
:106B00004CD80426342707FB0C00D4F80CC0D0F86E
:106B100038B0E768D0F83C800BF10109C7F30B47A8
:106B2000CCF30B4C4F44C44447EA0C471F61476CFD
:106B3000026C0497E768E4680592C4F30B0C541CDC
:106B4000049AC7F30B076444174444EA0744C26D30
:106B50005C61A8EB0B0404FB06F90192039A006E3A
:106B6000032A00FB06FC09F1070A45D140F20D1685
:106B7000019AB6455A632AD040F20D26B64531D067
:106B80004AEA0C429A63DA6822F4807222F0010227
:106B900042F00102DA6007B0BDE8F08FAEF1040701
:106BA000092F4FF00106ADD840F29B2906FA07F8ED
:106BB00018EA090F07D1022F07D0082FA2D19E6F24
:106BC000C6F382469EE702269CE703269AE708F171
:106BD0000702A2EB0B0242EA004219649A646D08B4
:106BE000DD64CDE76408029A4008073444EA0044B3
:106BF00019645A649C64F2E7039A3ABB019A571EDF
:106C00004F445F6340F20D17BE450AD040F20D2796
:106C1000BE4510D04AEA0C429A63DA6842F48072A8
:106C2000B6E7013949441964073444EA00446D0861
:106C30009C64DD64EEE764086643029A0139013A18
:106C400031443244196440085A64EDE7DDE9042711
:106C5000A2EB0708039ACCF5004C012A4AEA0C4C37
:106C600031D1019A08F1FF3A09FB0A275F6340F22C
:106C70000D17BE4506D040F20D27BE450DD0C3F816
:106C800038C080E74FEA5802013A09FB02121A6441
:106C9000C3F848C06D08DD64F1E7640874434FEA47
:106CA0005808400808F1FF38C0F5004004FB08F818
:106CB0007043029A07344144424444EA0044196450
:106CC0005A649C64E6E7019A571E09FB08775F63E4
:106CD00040F20D17BE4506D040F20D27BE450DD03F
:106CE000C3F838C099E74FEA5808013909FB081181
:106CF0001964C3F848C06D08DD64F1E764087443A3
:106D000040084FEA5808C0F5004004FB08F87043FB
:106D1000029A0139013A07344244414444EA0044AA
:106D200019645A649C64DA6C6FF30F02DA64E2E768
:106D300002684B1C02EB0322342303FB0101086DA4
:106D400091F8683043EA006391F8690043EA002350
:106D500091F86A0043EA00435362136A23F0FF0389
:106D60001362CB6C1362906A054B03409362906A86
:106D7000D1E915310B4300F480310B439362704726
:106D8000F8F8FEFF342303FB01039A6CF0B5D41F1F
:106D9000042C23D8164ADFF86CC0165D154A164B32
:106DA000175D164A1B5D155D154A9B04125D1CF8A4
:106DB000044001F1010C01680720520202EB853208
:106DC0003A4403EB853301EB0C2102EB46122344DA
:106DD000C86103EB45134A678B67F0BD062AFCD8F0
:106DE0000368013103EB01210023CA614B67F3E71C
:106DF000548811704F881170598811704A88117029
:106E000045881170408811702DE9F0438C46079930
:106E100005684C1C05EB0425EC6804F4807EAC6B23
:106E200004F08048342404FB0104A66C032E13D81C
:106E30000424B8F1000F53D13427BEF1000F23D141
:106E4000032407FB0107CCF800406C6B296CFC6540
:106E500011606A6C1A602DE0043E092E4FF00104A7
:106E6000E7D840F29B2904FA06F717EA090F07D181
:106E7000022E07D0082EDCD1AC6FC4F38244D8E7D1
:106E80000224D6E70324D4E7CCF8008040F20D1C9E
:106E900007FB0100D0E90E71C91B04FB01F76E6B03
:106EA0000136F61BC665866C664505D040F20D2797
:106EB000BE4206D0BDE8F0832B6C0133DB1B1360B0
:106EC000F8E72E6C4908013604FB116111606A6C09
:106ED000D0E90E01091A0132490804FB1122B9E771
:106EE0003426BEF1000F38D1012706FB0106CCF88D
:106EF0000070D6E90E10401A00FB04FCD6E910170A
:106F0000D5F83480791A01F1FF3E0CFB1E8740F260
:106F10000D1EF765B76C774519D040F20D2C67450B
:106F2000C8D149084008013941432F6C04FB117155
:106F30001160D6E91012521A686C5208D6E90E5147
:106F4000491B013A49084A4304FB120282E72B6CB1
:106F5000490801390CFB1133B1E7022706FB010098
:106F6000CCF80070D5F834E0D0E90E61891BD0E987
:106F70001076F71B0EF1010640F20D1E01FB04FC1A
:106F800007FB1C66C665866C764519D040F20D2C51
:106F900066458FD149087F0879432E6C013604FB82
:106FA00011611160696CD0E90E52521BD0E91005D5
:106FB000281A520840084243013104FB121249E7E3
:106FC0002B6C7F0801330CFB173378E738B5044688
:106FD000002853D090F8A13003F0FF021BB980F8CD
:106FE000A020FCF785FA022384F8A13023689A696F
:106FF00022F070429A61D4E901200243E068996965
:107000000243206902430A439A61D4E9051242EA25
:1070100001429A60D4E9071242EA0142DA60D4E9F7
:10702000091242EA01421A61D4E90B1242EA014212
:107030005A61DA6A94F8350002F07F4294F836100B
:10704000DA62DD6A94F834202A4342EA002242EAF6
:107050000142DA620422C3F80821C3F808225A6EFA
:10706000002042F044025A669A6942F001029A6195
:107070000123C4F8A40084F8A13038BD0120FCE746
:10708000F7B590F8A0300646012B0D4617464FF095
:1070900002002CD0342404FB026486F8A1003834AA
:1070A0000FCD0FC40FCD0FC40FCD0FC42B683946C1
:1070B00023603046FFF766FE39463046FFF738FE5C
:1070C000002234687B1C04EB0324236B304623F03E
:1070D00008032363114603230097FFF7FCFC0523F5
:1070E0000020A360012386F8A00086F8A13003B039
:1070F000F0BD10B5034690F8A00001284FF0020043
:1071000012D083F8A10018680132446E41F00401E6
:1071100044F00804446600EB022081600122002054
:1071200083F8A12083F8A00010BDF0B5002590F8E9
:10713000A03087B0012B04460F4616464FF00203DD
:10714000CDE9035505951AD080F8A13005A9009224
:1071500004AB03AAFFF758FE342303FB0643204683
:10716000DF652A46059B29460096FFF7B4FC0123FC
:10717000284684F8A13084F8A05007B0F0BD184626
:10718000FBE7000011F0200F10B50D4B0DD01A6F6A
:1071900001F0220102431A6722295A6F01D10243EA
:1071A00001E022EA00025A6710BDC4431A6F01F0E1
:1071B000110122401A6711295A6FF0D02240F2E7DC
:1071C00000480256042829D8DFE800F0030B121902
:1071D0002100134AD36B23F0807343EA0163D36326
:1071E00070470F4AD36B23F0007343EA4163F6E71D
:1071F0000B4AD36B23F0806343EA8163EFE7084ACD
:10720000536B23F0807343EA016353637047044A6E
:10721000936B23F0807343EA01639363704700BF6D
:1072200000480256024AD36B43F48073D36370471D
:1072300000480256024AD36B43F40073D36370478D
:1072400000480256024A536B43F4807353637047FD
:107250000048025610B50446B8B102230371FCF78A
:10726000D9F9236800201A6822F010021A605A68BF
:1072700022F003025A605A6942F4817242F001021C
:107280005A610123A060237110BD0120FCE7026850
:10729000136823F480131360704700001F4B10B570
:1072A0001A6A02F04052B2F1005F34D006D852B9E7
:1072B0009B6C1B48C3F3C113D84010BDB2F1405FB3
:1072C00009D00020F9E75B6C164813F4007F164BD9
:1072D00008BF1846F1E7D3F8C800D3F8C830C0F3A8
:1072E000074003F04053B3F1005F00F101040FD0F9
:1072F00005D853B901F0A6FDB0FBF4F0DDE7B3F11A
:10730000405FDED101F05EFEF6E701F0DBFDF3E762
:1073100001F018FEF0E70548CFE700BF00800256F5
:107320000090D0030024F40000093D00006CDC0252
:10733000024A536D23F040035365704700800256A4
:10734000024A536D43F04003536570470080025674
:10735000024B586DC0F38010704700BF008002568A
:10736000024B5868C0F30010704700BF00800256FF
:10737000024B5868C0F3C000704700BF008002563F
:10738000024B5868C0F38000704700BF008002566F
:10739000024B5868C0F34000704700BF008002569F
:1073A000074930B5C4B2C0F304256358020EAA40A1
:1073B000C0F3074023EA0203A8400343635030BDF3
:1073C00044810256054BC2B2D158C0F30422030EC9
:1073D00093400B40D34040EA03407047448102563B
:1073E000024BD3F84002C0F3801070470080025671
:1073F000034BD3F8DC00C0F307400130704700BFF7
:1074000000800256024BD3F84002C0F3C010704710
:1074100000800256034BD3F8E000C0F30740013070
:10742000704700BF00800256024BD3F84002C0F301
:107430000020704700800256034BD3F8E400C0F3ED
:1074400007400130704700BF00800256024BD3F85E
:107450004002C0F34030704700800256034BD3F81F
:10746000F800C0F307400130704700BF00800256AB
:10747000024BD3F84002C0F38030704700800256C0
:10748000034BD3F8FC00C0F307400130704700BF46
:1074900000800256024B5B6AC3F30253D840704728
:1074A00000800256B0F1005F08B51DD00AD870B94F
:1074B000FFF75EFF48B1104B10489B6CC3F3C1133C
:1074C000D84003E0B0F1405F14D0002008BDFFF7C2
:1074D00057FF0028F9D0084B09485B6C13F4007F74
:1074E000084B08BF1846F1E7FFF73AFF0028ECD039
:1074F0000548EBE70548E9E7008002560090D00315
:107500000024F40000093D00006CDC020080BB0098
:1075100007EE102A06EE103A07EE900AB8EEC66A99
:10752000DFED105AB8EE477A06EE901AA6EE257AED
:10753000F8EE677A67EE877AB8EE667A87EE876A42
:10754000DDED007AF8EE677AC6EE276ADDED017AA6
:10755000F8EE677A86EEA77AFCEEC77A17EE900A05
:10756000704700BF0000803303682DE9F041190126
:1075700004462BD52A4BD0F88811D3F85C3113F48C
:10758000407336D1B1F5807F08D1FCF7BBF841F2EA
:1075900088360546FFF7FCFE002839D0D4F888313C
:1075A0001F4A03F44070B0F5407F08D1D2F85C1157
:1075B00023F4407321F47C310B43C2F85C31D2F8E0
:1075C0005C3123F440730343C2F85C314FF0000890
:1075D000D4E900566B0740D5D4F8B810104BCA1E3A
:1075E000042A32D8DFE812F0CC062000A806BA063A
:1075F000F60601F440729A42C4D00A4BDA6A42F0AD
:107600000102DA62DB6ADA07BCD44FF00108DFE777
:10761000FCF778F8401BB042BCD94FF00308D7E71D
:107620000080025600480256D3F8D420E06AA76AC8
:1076300022F0435222F47C1201383A4342EA0042DB
:10764000C3F8D4201022C3F8402AC54AD2F85C31CE
:1076500023F007030B43C2F85C31770219D5D4F845
:10766000AC00C04B984240F0C986BD4AE169D2F8EF
:10767000CC30A76923F0435323F47C1301393B43F7
:1076800043EA0143C2F8CC300423C2F8403AFFF782
:1076900087FE300219D5D4F8B000B34B984240F0C1
:1076A000CB86AF4AE169D2F8CC30A76923F04353C7
:1076B00023F47C1301393B4343EA0143C2F8CC3045
:1076C0000423C2F8403AFFF76BFEF10119D5D4F854
:1076D000B400A64B984240F0CD86A14AE169D2F8A9
:1076E000CC30A76923F0435323F47C1301393B4387
:1076F00043EA0143C2F8CC300423C2F8403AFFF712
:107700004FFE2A051ED5D4F8A810954A202940F02E
:10771000CF86D2F8CC30E069A76923F0435323F435
:107720007C1301383B4343EA0043C2F8CC300423C6
:10773000C2F8403A8A4AD2F84C3123F030030B4366
:10774000C2F84C316B0019D5D4F82C01884B984203
:1077500040F0C886824A616AD2F8D030276A23F0A6
:10776000435323F47C1301393B4343EA0143C2F8FA
:10777000D0300823C2F8403AFFF712FE002D19DA84
:10778000D4F830017B4B984240F0CA86744A616A53
:10779000D2F8D030276A23F0435323F47C13013905
:1077A0003B4343EA0143C2F8D0300823C2F8403AD1
:1077B000FFF7F6FDEF0725D5D4F8BC206849202A4D
:1077C00040F0CC86D1F8DC30E06BA76B23F043535C
:1077D00023F47C1301383B4343EA0043C1F8DC3017
:1077E0004023C1F8403A5E48D4F8C010D0F8443184
:1077F000013923F47F4323F07003134343EA012349
:10780000C0F84431A8071ED5D4F8C410544A022940
:1078100040F0BE86D2F8DC30E06BA76B23F0435318
:1078200023F47C1301383B4343EA0043C2F8DC30C5
:107830004023C2F8403A4A4AD2F8443123F00703C1
:107840000B43C2F84431290714D5454AD4F89410A3
:10785000D2F80831D4F8900023F0435323F47C137A
:107860000139034343EA0143C2F808314FF40033BE
:10787000C2F8403AEA0622D5D4F8C810384AB1F521
:10788000001F40F09F86D2F80431D4F88C00D4F861
:10789000887023F0435323F47C1301383B4343EABD
:1078A0000043C2F804314FF48033C2F8403A2C4A06
:1078B000D2F8443123F440130B43C2F84431AB06F1
:1078C00020D5D4F8CC10264AB1F5005F40F082866E
:1078D000D2F8F030606E276E23F0435323F47C130C
:1078E00001383B4343EA0043C2F8F0304FF40063F1
:1078F000C2F8403A1A4AD2F8483123F440530B43B5
:10790000C2F848316F0609D5154AD4F8D010D2F81C
:10791000483123F4E0230B43C2F84831280609D547
:107920000F4AD4F8D410D2F8483123F480130B4313
:10793000C2F84831E90509D5094AD4F8D810D2F877
:10794000483123F080730B43C2F84831AA0532D581
:10795000D4F8DC10024A022940F044860CE000BF53
:1079600000800256140002031404020314080203E8
:107970001C0002031C040203D2F8F430E06EA76E70
:1079800023F0435323F47C1301383B4343EA004381
:10799000C2F8F4304FF48053C2F8403AC948D4F8E2
:1079A000E020D0F84831013A23F0F3030B4343EAD7
:1079B0000213C0F848316B0521D5D4F8E410C14A50
:1079C000022940F01686D2F80C31D4F89C00D4F885
:1079D000987023F0435323F47C1301383B4343EA6C
:1079E0000043C2F80C314FF48023C2F8403AB54A44
:1079F000D2F84C3123F003030B43C2F84C31EF04AF
:107A00001AD5D4F8E800B04B984240F0F985AD4A59
:107A1000616DD2F8E830276D23F0435323F47C13D3
:107A200001393B4343EA0143C2F8E8304FF40073A5
:107A3000C2F8403AFFF7B4FCA8041AD5D4F8EC0019
:107A4000A24B984240F0FB859E4A616DD2F8E83027
:107A5000276D23F0435323F47C1301393B4343EA5E
:107A60000143C2F8E8304FF40073C2F8403AFFF720
:107A700097FC69041AD5D4F8F000954B984240F071
:107A8000FD85904A616DD2F8E830276D23F04353AD
:107A900023F47C1301393B4343EA0143C2F8E83045
:107AA0004FF40073C2F8403AFFF77AFC2A041AD563
:107AB000D4F8F400874B984240F0FF85814A616D0D
:107AC000D2F8E830276D23F0435323F47C130139B7
:107AD0003B4343EA0143C2F8E8304FF40073C2F875
:107AE000403AFFF75DFCEB031AD5D4F8F8007A4B67
:107AF000984240F02786734A616DD2F8E830276DCE
:107B000023F0435323F47C1301393B4343EA0143FD
:107B1000C2F8E8304FF40073C2F8403AFFF740FC77
:107B2000AF031AD5D4F8FC006C4B984240F029867C
:107B3000644A616DD2F8E830276D23F0435323F493
:107B40007C1301393B4343EA0143C2F8E8304FF468
:107B50000073C2F8403AFFF723FC68031AD5D4F843
:107B600000015F4B984240F02B86564AE16FD2F8F5
:107B7000FC30A76F23F0435323F47C1301393B43BC
:107B800043EA0143C2F8FC304FF48043C2F8403A64
:107B9000FFF706FC29031AD5D4F80401514B98428B
:107BA00040F01786474AE16FD2F8FC30A76F23F008
:107BB000435323F47C1301393B4343EA0143C2F8A6
:107BC000FC304FF48043C2F8403AFFF7E9FBEA0289
:107BD0001AD5D4F80801444B984240F00386394A3C
:107BE000E16FD2F8FC30A76F23F0435323F47C13EA
:107BF00001393B4343EA0143C2F8FC304FF4804370
:107C0000C2F8403AFFF7CCFBAB021AD5D4F80C010E
:107C1000364B984240F0EF852A4AE16FD2F8FC30AB
:107C2000A76F23F0435323F47C1301393B4343EA0A
:107C30000143C2F8FC304FF48043C2F8403AFFF7EA
:107C4000AFFB6F021AD5D4F81001294B984240F0CF
:107C5000DB851C4AE16FD2F8FC30A76F23F0435359
:107C600023F47C1301393B4343EA0143C2F8FC305F
:107C70004FF48043C2F8403AFFF792FB280239D50F
:107C8000D4F814110F4AB1F5007F40F0C685D2F840
:107C9000E430E06CA76C23F0435323F47C130138E9
:107CA0003B4343EA0043C2F8E4304FF48073C2F828
:107CB000403A044AD2F8783123F4E0630B43C2F827
:107CC000783117E0008002560C0002070C0402070E
:107CD0000C0802070C0C02070C1002070C14020718
:107CE0002C0802072C0C02072C1002072C14020788
:107CF0002C180207E90122D5D4F81811C94AB1F1AC
:107D0000007F40F0A785D2F80031D4F88400D4F881
:107D1000807023F0435323F47C1301383B4343EA40
:107D20000043C2F800314FF40043C2F8403ABD4A64
:107D3000D2F8503123F040730B43C2F85031AA01FE
:107D40001FD5D4F81C11B74AB1F5003F40F08A8521
:107D5000D2F8DC30E06BA76B23F0435323F47C13A1
:107D600001383B4343EA0043C2F8DC304023C2F809
:107D7000403AAC4AD2F8543123F4E0230B43C2F822
:107D800054316B0121D5D4F82011A64A202940F0A6
:107D90008585D2F81031D4F8A400D4F8A07023F06F
:107DA000435323F47C1301383B4343EA0043C2F8B6
:107DB00010314FF40023C2F8403A9A4AD2F85C31AD
:107DC00023F030030B43C2F85C31EF0019D5D4F82F
:107DD0002401954B984240F06885924AE16BD2F8B5
:107DE000DC30A76B23F0435323F47C1301393B436E
:107DF00043EA0143C2F8DC304023C2F8403AFFF7BF
:107E0000CFFAAD0019D5D4F82801884B984240F03C
:107E10006A85844AE16BD2F8DC30A56B23F04353CA
:107E200023F47C1301392B4343EA0143C2F8DC30CD
:107E30004023C2F8403AFFF7B3FAF0071ED5D4F852
:107E40004C11784A022940F06C85D2F8DC30E06BA6
:107E5000A56B23F0435323F47C1301382B4343EAEF
:107E60000043C2F8DC304023C2F8403A6D4AD2F8F1
:107E7000643123F007030B43C2F86431B10719D50D
:107E8000D4F834016A4B984240F06585654A616CCC
:107E9000D2F8E030256C23F0435323F47C130139EE
:107EA0002B4343EA0143C2F8E0308023C2F8403A52
:107EB000FFF776FA720719D5D4F838015D4B98426E
:107EC00040F06885574A616CD2F8E030256C23F0A9
:107ED000435323F47C1301392B4343EA0143C2F893
:107EE000E0308023C2F8403AFFF75AFA330719D539
:107EF000D4F83C01504B984240F06B85494A616C84
:107F0000D2F8E030256C23F0435323F47C1301397D
:107F10002B4343EA0143C2F8E0308023C2F8403AE1
:107F2000FFF73EFAF7061AD5D4F84001434B9842C2
:107F300040F096853B4AE16CD2F8E430A56C23F022
:107F4000435323F47C1301392B4343EA0143C2F822
:107F5000E4304FF48073C2F8403AFFF721FAB506D7
:107F60001AD5D4F84401364B984240F098852D4AF2
:107F7000E16CD2F8E430A56C23F0435323F47C1376
:107F800001392B4343EA0143C2F8E4304FF48073D4
:107F9000C2F8403AFFF704FA700619D5D4F8480140
:107FA000284B984240F09A851E4A616CD2F8E03026
:107FB000256C23F0435323F47C1301392B4343EA0C
:107FC0000143C2F8E0308023C2F8403AFFF7E8F9F5
:107FD000F1051AD5D4F850011B4B984240F09D850D
:107FE000104AE16CD2F8E430A56C23F0435323F43B
:107FF0007C1301392B4343EA0143C2F8E4304FF4C8
:108000008073C2F8403AFFF7CBF9B20531D5D4F806
:1080100054010E4B984240F09F85024AE16CD2F821
:10802000E43015E000800256181402071818020701
:108030002004020720080207200C02072010020774
:10804000201402072018020730000207300402073C
:10805000A56C23F0435323F47C1301392B4343EAEB
:108060000143C2F8E4304FF48073C2F8403AFFF79E
:1080700097F973051AD5D4F85801CB4B984240F0C4
:108080008A85CA4AE16CD2F8E430A56C23F04353E8
:1080900023F47C1301392B4343EA0143C2F8E43053
:1080A0004FF48073C2F8403AFFF77AF937051AD5D2
:1080B000D4F85C01BE4B984240F08C85BB4AE16C21
:1080C000D2F8E430A56C23F0435323F47C13013938
:1080D0002B4343EA0143C2F8E4304FF48073C2F803
:1080E000403AFFF75DF9F5041AD5D4F86001B14BB9
:1080F000984240F08E85AD4AE16CD2F8E430A56C30
:1081000023F0435323F47C1301392B4343EA014307
:10811000C2F8E4304FF48073C2F8403AFFF740F9F8
:10812000B0041AD5D4F86401A34B984240F090856E
:108130009E4AE16CD2F8E430A56C23F0435323F45B
:108140007C1301392B4343EA0143C2F8E4304FF476
:108150008073C2F8403AFFF723F971041AD5D4F8B6
:108160006801964B984240F09285904AE16CD2F8B3
:10817000E430A56C23F0435323F47C1301392B43E3
:1081800043EA0143C2F8E4304FF48073C2F8403A46
:10819000FFF706F932041AD5D4F86C01884B9842DF
:1081A00040F09485814AE16CD2F8E430A56C23F06C
:1081B000435323F47C1301392B4343EA0143C2F8B0
:1081C000E4304FF48073C2F8403AFFF7E9F8F30364
:1081D0001AD5D4F870017B4B984240F09685734ACB
:1081E000E16CD2F8E430A56C23F0435323F47C1304
:1081F00001392B4343EA0143C2F8E4304FF4807362
:10820000C2F8403AFFF7CCF8B7031AD5D4F8740196
:108210006D4B984240F0CA85644AE16CD2F8E43074
:10822000A56C23F0435323F47C1301392B4343EA19
:108230000143C2F8E4304FF48073C2F8403AFFF7CC
:10824000AFF875030CD5D4F8780120F00040FFF7A3
:10825000A7F8D4F87831002B80F2C785FFF770F8C3
:10826000F0020CD5D4F8800120F00040FFF798F818
:10827000D4F88031002B80F2BC85FFF761F8310320
:1082800023D5D4F87C01514B984240F0B685474A3B
:10829000E16FD2F8FC30A56F23F0435323F47C1335
:1082A00001392B4343EA0143C2F8FC304FF48043C9
:1082B000C2F8403A20F00040FFF772F8D4F87C3161
:1082C000002B80F2A385FFF73BF8B20223D5D4F848
:1082D00084013F4B984240F09D85344AE16FD2F8CB
:1082E000FC30A56F23F0435323F47C1301392B4357
:1082F00043EA0143C2F8FC304FF48043C2F8403AED
:1083000020F00040FFF74CF8D4F88431002B80F2C5
:108310008A85FFF715F8330608D5244AD4F88C115E
:10832000536A23F0407343EA01635362B8F10000DB
:1083300018BF0120BDE8F081D3F8E820606D276DFB
:1083400022F0435222F47C1201383A4342EA0042BE
:10835000C3F8E8204FF40072FFF775B9D3F8FC209A
:10836000E06FA76F22F0435222F47C1201383A43A7
:1083700042EA0042C3F8FC204FF48042FFF763B9A1
:10838000D3F80C21D4F89C00D4F8987022F0435212
:1083900022F47C1201383A4342EA0042C3F80C212D
:1083A0004FF48022FFF74FB93008020700800256D1
:1083B000300C020730100207301402073018020791
:1083C000301C02073400020734040207140C0203B5
:1083D00014140203D3F81021D4F8A400D4F8A07028
:1083E00022F0435222F47C1201383A4342EA00421E
:1083F000C3F810214FF40022FFF725B9BE4B984275
:1084000011D1BE4A616AD2F8D030276A23F04353B3
:1084100023F47C1301393B4343EA0143C2F8D030D3
:108420000823FFF732B9B64B984202BF4022B34B44
:10843000C3F8482AFFF72BB9B24B984211D1AF4A83
:10844000616AD2F8D030276A23F0435323F47C13B7
:1084500001393B4343EA0143C2F8D0300823FFF718
:1084600030B9A94B984202BF4022A44BC3F8482A16
:10847000FFF729B9A54B984211D1A04A616AD2F8F9
:10848000D030276A23F0435323F47C1301393B4354
:1084900043EA0143C2F8D0300823FFF72EB99C4BC2
:1084A000984202BF4022954BC3F8482AFFF727B9EC
:1084B000302910D1D2F8D030606A276A23F04353B4
:1084C00023F47C1301383B4343EA0043C2F8D03025
:1084D0000823FFF72DB9102904BF4023C2F8483AFA
:1084E000FFF728B98B4B984211D1844AE16AD2F840
:1084F000D430A76A23F0435323F47C1301393B4360
:1085000043EA0143C2F8D4301023FFF733B9824B5A
:10851000984202BF4022794BC3F8482AFFF72CB992
:108520007E4B984211D1754AE16AD2F8D430A76ADD
:1085300023F0435323F47C1301393B4343EA0143C3
:10854000C2F8D4301023FFF731B9754B984202BFFF
:1085500040226A4BC3F8482AFFF72AB9302A10D1C3
:10856000D1F8E030606C276C23F0435323F47C1384
:1085700001383B4343EA0043C1F8E0308023FFF772
:1085800030B9102A04BF4023C1F8483AFFF72BB98D
:10859000032910D1D2F8E030606C276C23F04353EC
:1085A00023F47C1301383B4343EA0043C2F8E03034
:1085B0008023FFF73EB9012904BF4023C2F8483A9F
:1085C000FFF739B9B1F5801F04BF4023C2F8483A1C
:1085D000FFF76DB9B1F5805F04BF4023C2F8483A98
:1085E000FFF788B9012904BF4023C2F8483AFFF7D2
:1085F000D5B9012904BF4023C2F8483AFFF7F7B9BB
:10860000484B984212D13D4AE16FD2F8FC30A76F37
:1086100023F0435323F47C1301393B4343EA0143E2
:10862000C2F8FC304FF48043FFF702BA3E4B984249
:1086300002BF4022314BC3F8482AFFF7FBB93B4B3E
:10864000984212D12D4AE16FD2F8FC30A76F23F087
:10865000435323F47C1301393B4343EA0143C2F8FB
:10866000FC304FF48043FFF700BA314B984202BF11
:108670004022224BC3F8482AFFF7F9B92D4B984204
:1086800012D11E4AE16FD2F8FC30A76F23F043539A
:1086900023F47C1301393B4343EA0143C2F8FC3025
:1086A0004FF48043FFF7FEB9234B984202BF4022AC
:1086B000124BC3F8482AFFF7F7B9204B984212D162
:1086C0000E4AE16FD2F8FC30A76F23F0435323F436
:1086D0007C1301393B4343EA0143C2F8FC304FF4B9
:1086E0008043FFF7FCB9164B984202BF4022034B70
:1086F000C3F8482AFFF7F5B91400030300800256B7
:1087000014000103140403031404010314080303F5
:10871000140801031C0003031C0001031C040303D1
:108720001C0401030C0003070C0001070C040307E1
:108730000C0401070C0803070C0801070C0C0307C5
:108740000C0C0107B24B984212D1B24AE16FD2F839
:10875000FC30A76F23F0435323F47C1301393B43D0
:1087600043EA0143C2F8FC304FF48043FFF7D4B929
:10877000A94B984202BF4022A64BC3F8482AFFF7F4
:10878000CDB9A64B984212D1A24AE16FD2F8FC3083
:10879000A76F23F0435323F47C1301393B4343EA8F
:1087A0000143C2F8FC304FF48043FFF7D2B99C4B31
:1087B000984202BF4022974BC3F8482AFFF7CBB933
:1087C000984B984202BF4022924BC3F8482AFFF7C9
:1087D000DFB9954B984202BF40228E4BC3F8482A1E
:1087E000FFF7F3B9914B984202BF4022894BC3F87F
:1087F000482AFFF707BA8E4B984202BF4022854BAA
:10880000C3F8482AFFF71BBA8A4B984202BF40229E
:10881000804BC3F8482AFFF72FBAB1F5407F11D13A
:10882000D2F8F830606F276F23F0435323F47C13A2
:1088300001383B4343EA0043C2F8F8304FF4005399
:10884000FFF735BAB1F5807F04BF4023C2F8483A3C
:10885000FFF72FBAB1F1807F04BF4023C2F8483A36
:10886000FFF765BAB1F5403F10D1D2F8E030606C47
:10887000276C23F0435323F47C1301383B4343EA32
:108880000043C2F8E0308023FFF771BAB1F5803FB2
:1088900004BF4023C2F8483AFFF76BBA102904BF5F
:1088A0004023C2F8483AFFF788BA634B984211D187
:1088B000584A616CD2F8E030276C23F0435323F41C
:1088C0007C1301393B4343EA0143C2F8E030802383
:1088D000FFF793BA594B984202BF40224D4BC3F861
:1088E000482AFFF78CBA564B984211D1494A616C1D
:1088F000D2F8E030256C23F0435323F47C13013984
:108900002B4343EA0143C2F8E0308023FFF791BADA
:108910004C4B984202BF40223E4BC3F8482AFFF717
:108920008ABA032910D1D2F8E030606C256C23F0AC
:10893000435323F47C1301382B4343EA0043C2F82A
:10894000E0308023FFF790BA012904BF4023C2F82A
:10895000483AFFF78BBA3C4B984212D12D4AE16C52
:10896000D2F8E430A56C23F0435323F47C1301398F
:108970002B4343EA0143C2F8E4304FF48073FFF71E
:1089800095BA324B984202BF4022224BC3F8482A84
:10899000FFF78EBA2E4B984212D11E4AE16CD2F8E4
:1089A000E430A56C23F0435323F47C1301392B43AB
:1089B00043EA0143C2F8E4304FF48073FFF792BA00
:1089C000244B984202BF4022124BC3F8482AFFF7BB
:1089D0008BBA214B984212D10E4AE16CD2F8E430A6
:1089E000A56C23F0435323F47C1301392B4343EA52
:1089F0000143C2F8E4304FF48073FFF78FBA174B8E
:108A0000984202BF4022034BC3F8482AFFF788BAB6
:108A10000C100307008002560C1001070C1403070A
:108A20000C1401072C0801072C0C01072C1001075E
:108A30002C1401072C180107181403071814010738
:108A4000181803071818010720040307200401075A
:108A50002008030720080107200C0307200C01074A
:108A6000B94B984212D1B94A616FD2F8F830256FEC
:108A700023F0435323F47C1301392B4343EA01438E
:108A8000C2F8F8304FF40053FFF765BAB04B984284
:108A900002BF4022AD4BC3F8482AFFF75EBAAD4B88
:108AA000984212D1A94A616FD2F8F830256F23F0AD
:108AB000435323F47C1301392B4343EA0143C2F8A7
:108AC000F8304FF40053FFF763BAA34B984202BF4C
:108AD00040229E4BC3F8482AFFF75CBA9F4B98424E
:108AE00012D19A4AE16CD2F8E430A56C23F04353DA
:108AF00023F47C1301392B4343EA0143C2F8E430E9
:108B00004FF48073FFF760BA954B984202BF402242
:108B10008E4BC3F8482AFFF759BA924B984212D1AC
:108B20008A4A616FD2F8F830256F23F0435323F45B
:108B30007C1301392B4343EA0143C2F8F8304FF468
:108B40000053FFF75EBA884B984202BF40227F4B2A
:108B5000C3F8482AFFF757BA844B984212D17B4A90
:108B6000616FD2F8F830256F23F0435323F47C1360
:108B700001392B4343EA0143C2F8F8304FF4005364
:108B8000FFF773BA7A4B984202BF40226F4BC3F88B
:108B9000482AFFF76CBA774B984212D16B4A616F43
:108BA000D2F8F830256F23F0435323F47C130139B6
:108BB0002B4343EA0143C2F8F8304FF40053FFF768
:108BC00071BA6D4B984202BF4022604BC3F8482AED
:108BD000FFF76ABA694B984212D15C4A616FD2F8CA
:108BE000F830256F23F0435323F47C1301392B43D2
:108BF00043EA0143C2F8F8304FF40053FFF76FBA6D
:108C00005F4B984202BF4022504BC3F8482AFFF7FF
:108C100068BA5C4B984212D14C4A616FD2F8F83076
:108C2000256F23F0435323F47C1301392B4343EA8C
:108C30000143C2F8F8304FF40053FFF76DBA524BBE
:108C4000984202BF4022414BC3F8482AFFF766BA58
:108C50004E4B984212D13D4A616FD2F8F830256FE1
:108C600023F0435323F47C1301392B4343EA01439C
:108C7000C2F8F8304FF40053FFF76BBA444B9842F8
:108C800002BF4022314BC3F8482AFFF764BA414B78
:108C9000984212D12D4A616FD2F8F830256F23F037
:108CA000435323F47C1301392B4343EA0143C2F8B5
:108CB000F8304FF40053FFF769BA374B984202BFC0
:108CC0004022224BC3F8482AFFF762BA334B98423E
:108CD00012D11E4A616FD2F8F830256F23F043534A
:108CE00023F47C1301392B4343EA0143C2F8F830E3
:108CF0004FF40053FFF767BA294B984202BF402256
:108D0000124BC3F8482AFFF760BA264B984212D19B
:108D10000E4A616FD2F8F830256F23F0435323F4E5
:108D20007C1301392B4343EA0143C2F8F8304FF476
:108D30000053FFF765BA1C4B984202BF4022034B19
:108D4000C3F8482AFFF75EBA2010030700800256D6
:108D5000201001072014030720140107201803071F
:108D60002018010730000307300001073004030713
:108D7000300401073008030730080107300C0307EF
:108D8000300C0107301003073010010730140307BF
:108D9000301401073018030730180107301C03078F
:108DA000301C01073400030734000107204B9842B0
:108DB00012D1204A616FD2F8F830256F23F0435367
:108DC00023F47C1301392B4343EA0143C2F8F83002
:108DD0004FF40053FFF731BA174B984202BF4022BD
:108DE000144BC3F8482AFFF72ABAFEF7A1FAFFF797
:108DF00037BAFEF79DFAFFF742BA104B984202BF0E
:108E000040220C4BC3F8482AFFF754BAFEF790FAF9
:108E1000FFF75BBA0A4B984202BF4022054BC3F8EA
:108E2000482AFFF76DBAFEF783FAFFF774BA00BF5E
:108E3000340403070080025634040107140C0103B4
:108E40001414010337B51E4C6368D90506D5D4F850
:108E500088305A000FD4002003B030BDD4F88030E1
:108E60001B01F8D5D4F8800000F0E04003B0BDE865
:108E70003040FEF717BBD4F8800000F0E040FEF76A
:108E800011FB0028E7D0D4F8803013F07C7FC3F3C7
:108E90000551E0D0D4F88020D4F88430D4F888503C
:108EA000D4F88840C5F3C265C4F302640194009508
:108EB00023F07F43C2F30B22FEF72AFBCCE700BF6F
:108EC0000080025637B51E4C6368990506D5D4F864
:108ED00098305A000FD4002003B030BDD4F8903041
:108EE0001B01F8D5D4F8900000F0E04003B0BDE8D5
:108EF0003040FEF7D7BAD4F8900000F0E040FEF71B
:108F0000D1FA0028E7D0D4F8903013F07C7FC3F377
:108F10000551E0D0D4F89020D4F89430D4F898508B
:108F2000D4F89840C5F3C265C4F302640194009577
:108F300023F07F43C2F30B22FEF7EAFACCE700BF2F
:108F40000080025637B51E4C6368590506D5D4F823
:108F5000A8305A000FD4002003B030BDD4F8A030A0
:108F60001B01F8D5D4F8A00000F0E04003B0BDE844
:108F70003040FEF797BAD4F8A00000F0E040FEF7CA
:108F800091FA0028E7D0D4F8A03013F07C7FC3F327
:108F90000551E0D0D4F8A020D4F8A430D4F8A850DB
:108FA000D4F8A840C5F3C265C4F3026401940095E7
:108FB00023F07F43C2F30B22FEF7AAFACCE700BFEF
:108FC0000080025637B51E4C6368190506D5D4F8E3
:108FD000B8305A000FD4002003B030BDD4F8B03000
:108FE0001B01F8D5D4F8B00000F0E04003B0BDE8B4
:108FF0003040FEF757BAD4F8B00000F0E040FEF77A
:1090000051FA0028E7D0D4F8B03013F07C7FC3F3D6
:109010000551E0D0D4F8B020D4F8B430D4F8B8502A
:10902000D4F8B840C5F3C265C4F302640194009556
:1090300023F07F43C2F30B22FEF76AFACCE700BFAE
:10904000008002563E4B10B5D3F8482252066BD52D
:10905000D3F85C2102F00702013A062A05D8DFE8BE
:1090600002F00F15481B323E5400FEF781F900282C
:109070005AD0334B33489B6CC3F3C113D84054E0F0
:10908000FEF77EF900284FD02F484EE0FEF768F932
:10909000002849D02D4848E0D3F84022D40643D5D3
:1090A000D3F8D400D3F8D430C0F30740441C03F005
:1090B0004053B3F1005F3CD033D8BBBBFFF7C2FED7
:1090C000B0FBF4F031E0D3F8402290052CD5D3F872
:1090D000E800D3F8E830C0F30740441CE7E7FEF7A8
:1090E000C7F908B3FEF7CCF9154B0446D3F8FC30AA
:1090F000DDE7D3F84022510316D5D3F80C01D3F89D
:109100000C31C0F30740441CD1E7D3F840221203CE
:109110000AD5D3F81001D3F81031C0F30740441C2E
:10912000C5E7B3F1405F07D0002010BDFFF7CAFECE
:10913000C6E7FFF707FFC3E7FFF744FFC0E700BF3D
:10914000008002560090D00300093D00006CDC0254
:1091500038B52B4DD5F8643103F00703062B35D80D
:10916000DFE803F0040D1128453C4B00FEF796F8AC
:10917000FEF790F96B6A03F00703D84027E0BDE8DB
:109180003840FFF75FBFFEF72BF9F8B1FEF730F973
:109190000446D5F8DC3003F04053B3F1005F17D03C
:1091A00011D813B9FFF74EFE01E0FFF78BFEB0FBBD
:1091B000F4F00CE0FEF726F940B1FEF72BF9D5F8F4
:1091C000E0300446E7E7B3F1405F04D0002038BD4B
:1091D000FFF7B8FEEBE7FFF7F5FEE8E7FEF7C8F8A4
:1091E0000028F3D0AB6C0748C3F3C113C5E7FEF703
:1091F000C7F80028EAD00448E9E70448E7E700BFD9
:10920000008002560090D00300093D000080BB00A2
:1092100010B5FEF7D7F8364B984228D01BD8A3F5E7
:109220008033984213D00BD820F48062A3F58033AA
:109230009A424AD003F50063984246D0002010BD00
:109240002C4B984203D003F580639842F6D1BDE8D9
:109250001040FFF7F7BE284B984228D020D8A3F53E
:109260007C43984203D003F580639842E6D1234BB8
:10927000D3F8400210F00400E1D0D3F8CC00D3F8CA
:10928000CC30C0F30740441C03F04053B3F1005FFF
:109290002AD020D82BBBFFF7D5FDB0FBF4F0CEE7EA
:1092A000174B984203D003F580639842C6D1134B05
:1092B000D3F8400210F00800C1D0D3F8D000D3F8A2
:1092C000D030C0F30740441CDEE7FDF7E7FFBDE800
:1092D0001040FEF7DFB8B3F1405FAFD1FFF772FE89
:1092E000DBE7FFF7EFFDD8E7FFF72CFED5E700BF80
:1092F0001400020314040103140003030080025647
:109300001404030310B5FEF75DF82B4B984221D0EF
:1093100015D8A3F5803398420DD009D8A3F5803332
:1093200098422DD003F50063984229D0002010BD4B
:10933000224B9842FAD1BDE81040FFF783BE204B84
:10934000984223D003F5006398421FD0A3F58033E1
:109350009842EBD1FEF78CF80028E7D0FEF790F8A2
:10936000184B0446D3F8FC3003F04053B3F1005FD0
:109370001FD015D8D3B9FFF765FDB0FBF4F0D6E7E1
:10938000FDF7EEFF0028D1D00F48D0E7FDF7E8FF4A
:109390000028CBD0FDF7DCFF0028F5D10B48C6E74D
:1093A000B3F1405FC2D1FFF70DFEE6E7FFF78AFD9C
:1093B000E3E7FFF7C7FDE0E7140C02031414010311
:1093C000140C03030080025600366E01006CDC02B0
:1093D00008B5FDF7F7FF114B98421CD005D8A3F54F
:1093E0000063984212D0002008BD0D4B20F40060AD
:1093F0009842F8D1FDF7B4FF0028F4D0FDF7A8FF9C
:10940000084B0028084808BF1846EDE70748BDE8A4
:109410000840FFF777BF0648F9E700BF14180001BE
:1094200014100101006CDC0200366E01140C000304
:109430001414000310B5FDF7C5FF6F4B984239D0E7
:1094400052D8A3F50033984200F0B58013D8A3F6A4
:10945000FC73984200F0AF800BD8A3F2044398420B
:1094600000F0A98003F58063984200F0AE800020F0
:1094700010BD624BF8E7624B98420CD00FD8A3F6B0
:10948000FC73984207D08EBF5E4B20F48060A3F23D
:1094900004439842EBD1BDE81040FFF7D3BD5A4BCF
:1094A000984207D08EBF594B20F48060A3F204434A
:1094B0009842DCD1FDF7B8FF0028D8D0FDF7BCFFFB
:1094C0000446534BD3F8E43003F04053B3F1005F4C
:1094D00000F08E8000F28280002B40F08680FFF743
:1094E000B1FCB0FBF4F0C3E74A4B984245D033D807
:1094F000A3F58033984228D01CD8A3F57B43FC3BCE
:10950000984206D010D820F48060A3F20443984219
:10951000ADD1FDF79BFF0028A9D0FDF79FFF3C4B85
:109520000446D3F8F830CFE73B4B9842F1D003F52F
:109530004063ECE7394B984207D08EBF384B20F0A0
:109540000400A3F58063984291D1FDF721FF003814
:1095500018BF0120C0038BE7324B984220D013D8AC
:10956000A3F57843984208D08EBF2F4B20F004001B
:10957000A3F5806398427FF47AAFFDF701FF0028DE
:109580003FF475AF294873E7294B984208D08EBF46
:10959000284B20F00400A3F5806398427FF467AF66
:1095A000FDF7E6FE00283FF462AF194B22489B6CA2
:1095B000C3F3C11307E0FDF771FEFDF76BFF144B1A
:1095C0005B6AC3F30213D84052E7FDF767FEFDF76D
:1095D00061FF0F4B5B6A03F00703F4E7B3F1405FF1
:1095E0007FF445AFFFF7EEFC7BE7FFF76BFC78E716
:1095F000FFF7A8FC75E700BF30140207300800072A
:10960000301401073008010734040207300802074C
:1096100000800256300005073008030730080407B1
:1096200030140407300006073014050700093D0018
:1096300030080607301406070090D00310B5FDF778
:10964000C1FE774B98423ED059D8A3F500339842DB
:1096500000F0C68014D8734B984200F0CB80013BD9
:1096600098420BD920F4006203F6FD739A4200F091
:10967000B780A3F58063984200F0B280002010BD4F
:10968000694B98420DD012D8A3F54063984208D098
:109690000BD8A3F6FC73984203D003F6FC33984230
:1096A000ECD1BDE81040FFF7CDBC604BF7E7604B55
:1096B000984208D021D8A3F6FC73984203D003F651
:1096C000FC339842DAD1FDF7AFFE0028D6D0FDF783
:1096D000B3FE0446574BD3F8E43003F04053B3F1E4
:1096E000005F00F09A8000F28E80002B40F09280A4
:1096F000FFF7A8FBB0FBF4F0C1E74F4BE1E74F4B9E
:1097000098424AD036D8A3F58033984229D01CD845
:10971000A3F57043043B984208D012D8A3F6FC731B
:10972000984203D003F6FC339842A7D1FDF78EFE92
:109730000028A3D0FDF792FE3E4B0446D3F8F83044
:10974000CBE73F4B20F48060EEE73E4B984208D0D9
:109750000ED8A3F54063984203D003F58063984286
:109760008CD1FDF715FE003818BF0120C00386E735
:10977000354BF4E7354B984225D017D8A3F568430D
:10978000043B984209D00FD8A3F54063984204D017
:1097900003F5806398427FF471AFFDF7F1FD002877
:1097A0003FF46CAF2A486AE72A4BF3E72A4B98420A
:1097B00009D013D8A3F54063984204D003F5806321
:1097C00098427FF45BAFFDF7D3FD00283FF456AF1E
:1097D000184B22489B6CC3F3C11309E0204BEFE701
:1097E000FDF75CFDFDF756FE124B5B6A03F00703C5
:1097F000D84044E7FDF752FDFDF74CFE0D4B5B6A88
:10980000C3F30213F4E7B3F1405F7FF437AFFFF720
:10981000D9FB6FE7FFF756FB6CE7FFF793FB69E7B0
:10982000301C020734000007301C01073018010704
:109830003010020700800256301802073400050776
:109840003018030730180407301C040734000607DB
:1098500000093D00301C0507301806070090D003B2
:10986000301C060710B5FDF7ADFD894B984255D069
:1098700065D8A3F53C33984200F0CA801ED8A3F502
:109880004063984200F0BA800AD8A3F5006398427A
:109890000BD003F58063984200F0B080002010BD2B
:1098A0007C4B20F480609842F8D1FDF7F7FCFDF77F
:1098B000F1FD794B5B6AC3F30213A7E0774B984243
:1098C00000F0AF801DD8A3F5784398420AD00DD898
:1098D000A3F50063984205D020F40060A3F58063EF
:1098E0009842DBD1BDE81040FFF7ACBB6C4B98420F
:1098F000F8D003F56C43984200F09380A3F57043D1
:10990000EEE7684B984209D013D8A3F5006398425C
:1099100000F0878003F580639842BFD1FDF784FD96
:109920000028BBD0FDF788FD5B4B0446D3F8E4303C
:1099300082E05D4B984274D003F56C43ECE75B4BDF
:10994000984243D030D8A3F5FA339842E6D008D8ED
:1099500020F48062A3F500639A4279D0A3F5806376
:10996000DAE7534B98420DD014D8A3F50063984220
:1099700008D00DD8A3F50063984203D003F58063A7
:1099800098428BD1FDF7FCFC002887D0494886E738
:10999000494BF5E7494B984218D003F5806398424C
:1099A00014D0A3F57043EBE7454B984269D01ED81D
:1099B000A3F54063984218D020F4806311D8414A3F
:1099C000934203D0404B98427FF468AFFDF7D0FC40
:1099D00000283FF463AF304B3C489B6CC3F3C1138A
:1099E00014E03B4A93427FF459AF3A4857E73A4B69
:1099F000984246D003F580639842F4E7FDF74EFCA9
:109A0000FDF748FD244B5B6A03F00703D84046E7A7
:109A1000FDF744FCFDF73EFD1F4B5B6AC3F30233C9
:109A2000F4E7FDF7EFFC00283FF438AFFDF7F2FC58
:109A30000446194BD3F8E03003F04053B3F1005F14
:109A40001CD011D8BBB9FFF7FDF9B0FBF4F026E745
:109A5000FDF7FCFC00283FF421AFFDF7FFFC0E4BA7
:109A60000446D3F8F830E7E7B3F1405F7FF416AF70
:109A7000FFF7A8FAE9E7FFF725FAE6E7FFF762FA4A
:109A8000E3E7FDF76DFC00283FF408AF134806E755
:109A90002008030720100007008002562008020754
:109AA000201801072014020720180207200C0507C0
:109AB0002014040700093D002010040720040507B6
:109AC0002010060720100507201805070090D00376
:109AD000200806070080BB0020140607006CDC028B
:109AE00010B5FDF76FFC494B98424AD039D8A3F521
:109AF0000033984221D015D8A3F5803398420DD079
:109B000009D8A3F5803398424ED003F5806398427C
:109B10004AD0002010BD3E4B9842FAD1BDE810401B
:109B2000FFF790BA3B4B98424DD003F580639842C3
:109B300049D0A3F580339842EBD1FDF751FC0028C2
:109B4000E7D0FDF755FC0446334BD3F8DC3003F087
:109B50004053B3F1005F47D040D87BBBFFF772F9A9
:109B60002EE02E4B98421DD011D8A3F58033984299
:109B70003DD003F58063984239D0A3F580339842F5
:109B8000C7D1FDF7FDFB0028C3D02548C2E7254B10
:109B9000984236D003F58063984232D0A3F58033E3
:109BA0009842B6D12048B5E7FDF778FBFDF772FC87
:109BB000194B5B6AC3F30213D840ABE7FFF782F996
:109BC000B0FBF4F0A6E7FDF71DFC0028A1D0FDF7DF
:109BD00021FC114B0446D3F8E030B8E7B3F1405F05
:109BE00097D1FFF7EFF9EBE7FFF7ACF9E8E7FDF7FF
:109BF000BFFB00288DD0084B0C489B6CC3F3C113EE
:109C0000DAE7BDE81040FFF7A3BA00BF1814040755
:109C100018180107181403070080025618140607C5
:109C200000093D00181407070080BB000090D00316
:109C300010B5FDF7C7FB3D4B984260D030D8A3F577
:109C4000FE33984257D00DD8A3F58033984248D0C0
:109C500003F57C4398424ED0A3F58033984240D020
:109C6000002010BD324B20F480609842F8D1314B77
:109C7000D3F840229205F3D5D3F8E800D3F8E830C2
:109C8000C0F30740441C03F04053B3F1005F4AD0D7
:109C900040D8002B44D1FFF7D5F8B0FBF4F0E0E753
:109CA000254B984208D00DD8A3F58033984226D092
:109CB00003F57C439842D3D1FDF762FB0028CFD057
:109CC0001E48CEE71E4B20F480609842C8D1FDF7B5
:109CD0004FFB0028C4D0174B1A489B6CC3F3C11329
:109CE00007E0FDF7DBFAFDF7D5FB124B5B6A03F0EB
:109CF0000703D840B5E7BDE81040FFF7A3B9FDF76B
:109D0000B7FB0028ACD0FDF7BBFB0A4B0446D3F8E9
:109D1000FC30B8E7B3F1405FA2D1FFF753F9BCE7DD
:109D2000FFF7D0F8B9E7FFF70DF9B6E70C10030716
:109D30000C100207008002560C14040700093D00B5
:109D40000C1005070090D00310B5FDF73BFB2D4B21
:109D500098421DD013D8A3F5803398420BD007D872
:109D600020F48060A3F5803398422AD0002010BDF3
:109D7000254B9842FAD1BDE81040FFF763B9234B59
:109D800020F480629A4222D0A3F57C439842EDD120
:109D90001F4BD3F8400210F00800E8D0D3F8D000F1
:109DA000D3F8D030C0F30740441C03F04053B3F164
:109DB000005F23D019D8F3B9FFF744F8B0FBF4F0F3
:109DC000D5E7FDF76BFABDE81040FDF763BB104B1C
:109DD000D3F8400210F01000C9D0D3F8D400D3F863
:109DE000D430C0F30740441CDFE7B3F1405FBDD17E
:109DF000FFF7E8F8E2E7FFF765F8DFE7FFF7A2F81B
:109E0000DCE700BF1C0002031C0401031C00030369
:109E10000080025610B5FDF7D5FA504B984200F07D
:109E200085804BD8A3F5FC3398421AD01DD8A3F5F2
:109E30007C43984208D020F480630FD8484A93426C
:109E400002D0484B98424AD1FDF728FAFDF722FB91
:109E5000454B5B6A03F00703D84041E0434A934215
:109E60003DD1BDE81040FFF7EDB8414B984208D016
:109E700020D8A3F578439842F3D003F57443984271
:109E80002DD1394BD3F84022920528D5D3F8E800DC
:109E9000D3F8E830C0F30740441C03F04053B3F15B
:109EA000005F57D04DD8002B51D1FEF7CBFFB0FB50
:109EB000F4F015E02F4B20F48060E0E72E4B984241
:109EC00014D019D8A3F57C4398422FD009D8A3F514
:109ED000006398422AD003F58063984226D0002080
:109EE00010BD264B20F480609842F8D1FDF748FA67
:109EF0000028F4D02248F3E7224B984208D011D82A
:109F0000A3F578439842F1D003F574439842E6D123
:109F1000FDF72EFA0028E2D0134B1B489B6CC3F3CD
:109F2000C11399E7194B20F48060EFE7FDF7A0FA21
:109F30000028D4D0FDF7A4FA0B4B0446D3F8FC302C
:109F4000ABE7B3F1405FCAD1FFF73CF8AFE7FEF7EC
:109F5000B9FFACE7FEF7F6FFA9E700BF0C00030767
:109F60000C0000070C080007008002560C000107D7
:109F70000C0402070C0802070C0804070C00040775
:109F800000093D000C0405070090D0030C080507EC
:109F900010B5FDF717FA634B98423AD050D8A3F5A5
:109FA000FE33984200F0A78013D8A3F5406398428F
:109FB00000F09780013B984209D903F2014398428F
:109FC00000F0998003F58063984200F094800020AF
:109FD00010BD554B984215D008D820F48062A3F5E7
:109FE00000639A420ED0A3F57043EDE74F4B9842C1
:109FF0000FD00BD8A3F57443984203D003F58063C8
:10A000009842E4D1BDE81040FFF71CB8484B984295
:10A01000DDD1FDF72DFA0028D9D0FDF731FA454BF7
:10A020000446D3F8FC3003F04053B3F1005F75D021
:10A030006AD8002B6FD1FEF705FFB0FBF4F0C7E73D
:10A040003D4B984234D024D8A3F57C4398420FD09E
:10A0500015D8A3F5006398420AD006D8A3F5744337
:10A060009842D6D003F58063D1E7344B9842AED105
:10A07000FDF78EF9003818BF0120C003A8E7304B68
:10A080009842F5D003F57043984211D0A3F574437C
:10A09000ECE72C4B984215D01BD8A3F5744398429B
:10A0A00006D00CD820F48060A3F5006398428ED1CE
:10A0B000204B5B68DB078AD54FF4FA4088E7224BD8
:10A0C000984284D1FDF7EAF81A4B5B6AC3F3016347
:10A0D0000FE01E4B20F480629A42F3D003F5006338
:10A0E000EEE7FDF7DBF8FDF7D5F9124B5B6A03F0FD
:10A0F0000703D8406CE7FDF7D1F8FDF7CBF90D4B1E
:10A100005B6AC3F30233F4E7B3F1405F7FF45FAF00
:10A11000FEF758FF91E7FEF7D5FE8EE7FEF712FF38
:10A120008BE700BF2C1002072C1001072C08020738
:10A130002C0C0207008002562C0C04072C0C030781
:10A140002C1803072C0C05072C0805072C100507F5
:10A1500038B500F160430B4300F04784BF4B984291
:10A1600071F1000380F0E680A0F580330B4300F02E
:10A170005B83B0F1011F71F100036AD2A0F5007397
:10A180000B4300F0B98240F20123984271F10003C1
:10A1900024D2092871F1000315D250EA01031BD023
:10A1A000013841F1FF31082871F1000114D207286C
:10A1B00012D8DFE810F0A6010F021100850211008D
:10A1C000110011003502A0F110030B4300F0428290
:10A1D0002038084300F06882002019E2A0F50053FF
:10A1E0000B4300F01D8342F20103984271F100031A
:10A1F00024D2A0F500630B4300F0DF82A0F580536A
:10A200000B4300F00883A0F580600843E4D1944D2F
:10A21000D5F84C3103F00303022B00F0C182032B6D
:10A2200000F05682012B00F04B82FDF737F8FDF766
:10A2300031F96B6A03F00703D840E9E1A0F58043E8
:10A240000B4300F0EF82A0F500400843C4D18548DD
:10A25000E2E2A0F500030B4300F0F682824B984245
:10A2600071F1000324D2A0F580130B4300F0E882C3
:10A270007E4B984271F100030FD2A0F580230B436F
:10A2800000F0D782A0F500230B4300F0D782A0F5A1
:10A2900000300843A0D17648C7E2A0F500130B4375
:10A2A00000F0D082A0F58000084395D17148C1E24A
:10A2B00000F17C430B4300F04D836F4B984271F1EA
:10A2C000000328D200F17F430B4300F0028300F12A
:10A2D0007E40084380D1624DD5F8543103F4E02329
:10A2E000B3F5802F00F0958100F21983B3F5003F9C
:10A2F00000F01F8340F2E181B3F5403F7FF46CAF83
:10A30000FDF780F800283FF467AFFDF783F8D5F834
:10A31000E030044691E100F178430B4300F04483C0
:10A3200000F1704008437FF457AF5448BDE838400F
:10A33000FFF7D6BB00234FF48052914208BF9842EA
:10A3400000F06F8383428A415FD31022914208BF9D
:10A35000984200F0598383428A4129D302229142D4
:10A3600008BF984200F0498383428A4114D399423E
:10A3700008BFB0F1004F00F03A83012908BF9842AE
:10A3800000F0378300F1404008437FF425AF3C489C
:10A39000BDE83840FFF7D8BC042908BF984200F058
:10A3A0003183082908BF98427FF416AF354825E36A
:10A3B0004FF40072914208BF984200F02E8383420E
:10A3C0008A4111D3402908BF984200F01F83B1F59C
:10A3D000807F08BF984200F01B83202908BF002817
:10A3E0007FF4FAAE284809E3B1F5806F08BF9842C0
:10A3F00000F01583B1F5006F08BF98427FF4ECAE12
:10A400002248BDE83840FFF719B94FF400229142C5
:10A4100008BF984200F00F8383428A414BD34FF428
:10A420008032914208BF984200F0018383428A4102
:10A4300030D3B1F5804F08BF984200F0F482B1F5F7
:10A44000004F08BF984200F0F082B1F5005F08BFEE
:10A4500000287FF4C1AE0E48DBE200BF01000020FF
:10A46000008002560C0C0007010080000100100063
:10A470000C1400072C180007010000041814000732
:10A480001C000003200C000720140007300C0007FC
:10A4900030140007B1F5003F08BF984200F0C982B0
:10A4A000B1F5802F08BF98427FF496AEB448BDE85E
:10A4B0003840FEF78DBF4FF48002914208BF9842AA
:10A4C00000F0C08283428A410DD3B1F5801F08BFDE
:10A4D000984200F0B582B1F5001F08BF98427FF4A2
:10A4E0007BAEA848A8E2B1F5000F08BF984200F083
:10A4F000AE82B1F1807F08BF98427FF46DAEA24872
:10A50000A1E2A24DD5F8443103F07003402B53D0A3
:10A5100014D8202B25D005D803BBFCF7BFFEFCF7D1
:10A52000B9FF02E0302B34D00020984BD3F84431EF
:10A53000C3F307230133B0FBF3F069E0602B47D08E
:10A54000702B3FD0502BEFD1FCF712FF0028EBD03F
:10A55000AB6C8F48C3F3C113D840E6E7FEF772FD3A
:10A56000E3E7FCF73DFF0028DED0FCF741FF04469F
:10A57000D5F8DC3003F04053B3F1005F19D012D8A6
:10A5800013B9FEF75FFC01E0FEF79CFCB0FBF4F0B2
:10A59000CBE7FCF737FF0028C6D0FCF73BFFD5F828
:10A5A000E0300446E6E7B3F1405FBDD1FEF70AFDB7
:10A5B000ECE7FEF7C7FCE9E7FCF7E2FE0028B3D0C2
:10A5C0007448B2E7FCF76AFE6B6AC3F30163C3E742
:10A5D0007148AAE76D4DD5F8443103F00703013BFC
:10A5E000062B00F2F58001A252F823F0C1A61070EC
:10A5F00033A9107001A3107013A6107081A61070FB
:10A6000053AA107049A91070FEF75CFCB0FBF4F07F
:10A6100038BDFCF7B5FE00283FF4DEAD5D48F7E736
:10A620005A4BD3F8402295037FF5D6ADD3F80801F5
:10A63000D3F80831C0F30740441C03F04053B3F192
:10A64000005F00F0AE8100F2A581002BDCD1FEF7A7
:10A65000F9FBDBE74D4DD5F8443103F44013B3F576
:10A66000001F14D008D85BBBFCF718FEFCF712FFE4
:10A670006B6AC3F30243DFE5B3F5401F7FF4ACAD73
:10A68000FCF776FE00283FF4A7ADAB6C36E1D5F8B9
:10A690004032DC037FF5A0ADD5F80401D5F80431D4
:10A6A000C0F30740441CC8E7384AD2F8483103F4E5
:10A6B0004053B3F5005F12D006D8002B00F088801D
:10A6C000BDE83840FEF7BEBCB3F5405F7FF484AD13
:10A6D000FCF746FE00283FF47FAD304898E7D2F8FB
:10A6E000403218057FF578ADD2F8F000D2F8F0309E
:10A6F000C0F30740441CA0E7244AD2F8483103F0D5
:10A700000303022B10D0032B34D0012B09D0FCF70C
:10A71000C5FDFCF7BFFE1D4BD3F84831C3F303134F
:10A7200008E7FEF78FFCF6E7D2F84032D90416D5D9
:10A73000D2F8F400D2F8F430C0F3074003F04053ED
:10A74000B3F1005F00F101040ED005D84BB9FEF75C
:10A7500079FBB0FBF4F0DEE7B3F1405F07D00020F7
:10A76000D9E7FEF7AFFBF4E7FEF7ECFBF1E7FEF706
:10A7700029FCEEE7FCF7F4FD0028F0D00748CAE713
:10A780001410000114140003140800030080025682
:10A790000090D00300093D000080BB00006CDC028B
:10A7A000D5F840325B037FF517ADD5F80C01D5F82D
:10A7B0000C31C0F30740441C3FE7A74BD3F84C21B2
:10A7C00002F03002202A19D008D8002A7FF478AF8E
:10A7D000FCF764FDBDE83840FCF75CBE302A7FF42E
:10A7E000FBACD3F8402214077FF5F6ACD3F8D000C9
:10A7F000D3F8D030C0F30740441C1EE7D3F8402202
:10A8000055077FF5E9ACD3F8CC00D3F8CC30C0F3D2
:10A810000740441C11E79148BDE83840FFF7FABAF9
:10A820008F48F9E78F48F7E78F48BDE83840FFF7D2
:10A83000FFB98E48BDE83840FFF7AABB8C48F9E75E
:10A840008C48F7E78C48F5E7834AD2F8783103F46F
:10A85000E063B3F5407F31D012D8B3F5807F3FF489
:10A860002FAFB3F5007F1DD0002B7FF4B5ACFCF704
:10A8700015FDFCF70FFE784B5B6AC3F30233DBE494
:10A88000B3F5A06F3FF4C5AEB3F5C06F2FD0B3F5ED
:10A89000806F7FF4A1ACFCF77BFD003818BF01206E
:10A8A000C003B5E6FCF7C0FD00283FF495ACFCF70B
:10A8B000C3FD694B0446D3F8E430BEE6FCF7C6FDA1
:10A8C00000283FF489ACFCF7C9FDD2F8F830044603
:10A8D000B3E6614DD5F8503103F04073B3F1007F1A
:10A8E00010D07FF6C0AEB3F1407F7FF475ACFCF7BB
:10A8F0003FFD00283FF470AC574B9B6C5F48C3F39F
:10A90000C11399E4D5F8403218047FF565ACD5F849
:10A910000001D5F80031C0F30740441C8DE6B3F5C3
:10A92000C02F00F09680B3F5E02F0DD0B3F5A02F27
:10A93000A4E6FCF755FD00283FF44EACFCF758FDAB
:10A94000D5F8DC30044678E6FCF7A8FC6B6AC3F364
:10A95000016371E4404AD2F85C3103F03003202BEC
:10A960000BD07FF6AAAE302B7FF436ACFCF700FD9F
:10A9700000283FF431AC936CC0E7D2F840321903A1
:10A980007FF52AACD2F81001D2F81031C0F307409D
:10A99000441C52E6B3F1405F7FF41EACFEF712FB9D
:10A9A00034E6FEF7CFFA31E62B4AD2F85C3103F4F5
:10A9B0004073B3F5007F05D0B3F5407F09D0B3F500
:10A9C000807F66E75368DB077FF506AC4FF4FA40FB
:10A9D0001EE6FCF7C5FC00283FF4FEABD2F85C3164
:10A9E0002748C3F305330133A5E526489EE42648EE
:10A9F000CEE4BDE83840FEF7ABBB2448BDE83840A4
:10AA0000FEF730BF2248F9E72248F7E72248F5E78A
:10AA10002248BDE83840FEF70DBD2148F9E721483E
:10AA2000F7E72148EDE42148EBE42148E9E4214837
:10AA3000E7E42148EDE72148BDE83840FEF762BC75
:10AA40001F4834E51F48BDE83840FEF7E1BB1E480B
:10AA5000F9E71E48DCE500BF008002560C00000745
:10AA60000C0400070C0800070C1000072C08000756
:10AA70002C0C00072C1000072C1400070090D003AA
:10AA8000006CDC02181800071C04000320040007F7
:10AA900020080007201000072018000730000007DA
:10AAA0003004000730080007301000073018000796
:10AAB000301C00073400000734040007140C0003A6
:10AAC0001418000114000003140400030080BB00EC
:10AAD0000B6893FAA3F3B3FA83F2800000F1A84065
:10AAE00000F51030D0F8103C496823F45C7343EA59
:10AAF000012343EA0213C0F8103C704737B5012424
:10AB0000030F9B0003F1A84303F510331A6900F00B
:10AB10001F000192019A844022EA04020192019DE1
:10AB200001F0010282402A430192019AC1F34001DF
:10AB30001A611A6B81400192019A22EA0402019281
:10AB4000019A11430191019A1A6303B030BD0000CC
:10AB500010B5026852E8003F23F4907342E80031D8
:10AB600002680029F5D10F4C02F1080353E8003FB9
:10AB7000234002F1080C4CE800310029F4D1C36EE7
:10AB8000012B07D152E8003F23F0100342E80031C7
:10AB90000029F7D12023C0F88C300023C366436717
:10ABA00010BD00BFFEFFFFEFF8B504462169A268A3
:10ABB00003680A436169C5690A43186878492A43EA
:10ABC00001400A431A605A68E16822F440520A437D
:10ABD0005A60744AA169934205D002F170429342CF
:10ABE0001CBF226A11439A6822F06E4222F430623E
:10ABF0000A439A60DA6A616A22F00F020A43DA6253
:10AC0000694A934269D0694A934200F08B8002F509
:10AC10008062934200F08A8002F58062934200F0E5
:10AC20008980B3F1502F00F08980614A934200F08F
:10AC30008980604A934200F0898002F580629342E5
:10AC400000F088805C4A934200F0888002F58062C0
:10AC5000934200F08780534A93421DD002F1704224
:10AC600093424FF000004FF0000139D1FFF770FA26
:10AC700088B3616A514A656832F8112005EB4501D5
:10AC8000B0FBF2F399420BD901204FF00113A366F8
:10AC90000023C4E91D33F8BD4FF400000021E5E7AF
:10ACA000B3EB053FF0D800231946F6F783FF0646BD
:10ACB0000F4656EA0F27680830182A464FF000035F
:10ACC00047F10001F6F776FF3D4BA0F540729A423E
:10ACD000DAD82368D8600020D7E700204FF48071CD
:10ACE000B5F5004F42D1FFF733FA0028F3D0616A7F
:10ACF000324B626833F81130B0FBF3F0530803EBCA
:10AD00004003B3FBF2F34FF6EF72A3F1100191424F
:10AD1000BAD823F00F02216892B2C3F3420313435F
:10AD2000CB60D8E700204FF40071D9E700204FF442
:10AD30008061D5E700204FF40061D1E700204FF497
:10AD40008051CDE700204FF40051C9E700204FF4B7
:10AD50008041C5E700204FF40041C1E700204FF4D7
:10AD60008031BDE700204FF40031B9E7FFF7F0F97B
:10AD70000028B0D0616A114B626833F81130B0FB23
:10AD8000F3F303EB5203B3FBF2F34FF6EF72A3F1CD
:10AD9000100191423FF678AF2268D3609BE700BF75
:10ADA000F369FFCF000C0056001000520044005021
:10ADB0000014005200780050001800525E88117094
:10ADC000FFFC0F00836A10B51A0706D50168846B73
:10ADD0004A6822F4004222434A60DC0706D5016833
:10ADE000C46A4A6822F4003222434A60990706D5B1
:10ADF0000168046B4A6822F4803222434A605A0791
:10AE000006D50168446B4A6822F4802222434A60D6
:10AE1000DC0606D50168C46B8A6822F4805222439E
:10AE20008A60990606D50168046C8A6822F400528B
:10AE300022438A605A0610D50168446C4A68B4F50A
:10AE4000801F22F4801242EA04024A6005D14A6857
:10AE5000846C22F4C00222434A601B0606D50268B5
:10AE6000C16C536823F400230B43536010BD2DE9DC
:10AE7000F84304460D4617469846DDF820902268B0
:10AE8000D36935EA03030CBF01230023BB4201D081
:10AE9000002022E0B9F1FF3FF2D0F8F733FCA0EB3D
:10AEA0000800484529D8B9F1000F26D021680B6861
:10AEB0005A07E4D5802DE2D0402DE0D0CE6916F0BF
:10AEC00008060CD0082520460D62FFF741FE00233E
:10AED0000120C4F8905084F88430BDE8F883CB6931
:10AEE0001B05CCD54FF4006320460B62FFF730FE04
:10AEF000202384F88460C4F890300320EDE72DE926
:10AF0000F7439846D0F888300446202B0D46164665
:10AF100048D1002948D0002A46D021234FF000090B
:10AF2000C0F89090C0F88830F8F7ECFBA368A4F85C
:10AF30005460B3F5805FA4F8566007464E4603D1CF
:10AF400023690BB92E461D46B4F856203B4692B2F3
:10AF5000CDF8008042B940212046FFF788FF20232A
:10AF600048B9C4F8883009E0002280212046FFF764
:10AF70007EFF30B120230320C4F8883003B0BDE841
:10AF8000F08322685DB936F8023BC3F3080393628D
:10AF9000B4F85620013A92B2A4F85620D4E715F836
:10AFA000013BF4E70220E9E70120E7E773B500265B
:10AFB0000446C0F89060F8F7A5FB236805461B68B7
:10AFC0001A071CD56FF07E43324600934FF40011F0
:10AFD00003462046FFF74BFF88B1226852E8003F46
:10AFE00023F0800342E800310029F6D12023C4F881
:10AFF00088300320002384F8843002B070BD2368B9
:10B000001B685B0724D56FF07E43002200934FF44A
:10B0100080012B462046FFF72AFFC8B1226852E87C
:10B02000003F23F4907342E8003122680029F5D1F3
:10B0300002F1080353E8003F23F0010302F1080086
:10B0400040E800310029F3D12023C4F88C30D0E748
:10B0500020230020C4F88830C4F88C30E0662067D4
:10B06000C8E710B5044650B3D0F888301BB980F853
:10B070008430F8F7EBFA24232268C4F88830136888
:10B0800023F001031360A36A13B12046FFF79AFE71
:10B090002046FFF789FD012811D023682046BDE82E
:10B0A00010405A6822F490425A609A6822F02A02AC
:10B0B0009A601A6842F001021A60FFF777BF012018
:10B0C00010BD0000436E30B52BB90123A0F86A30E3
:10B0D000A0F8683030BD0368094D9A689968094C3A
:10B0E000490F6B5C615C1B01B3FBF1F3C2F342627D
:10B0F000A0F86A30AB5CA25C1B01B3FBF2F3E7E79C
:10B100007E8811707688117090F88430012B14D0ED
:10B1100024230268C0F888301168136821F00051B8
:10B1200023F001031360002343661160202280F89E
:10B130008430C0F88820184670470220704770B5E8
:10B1400090F884300446012B17D024230568C0F8FA
:10B1500088302E682B6823F001032B60AB6823F046
:10B1600060431943A960FFF7ADFF20232E60C0F8AC
:10B170008830002084F8840070BD0220FCE770B5A0
:10B1800090F884300446012B17D024230568C0F8BA
:10B1900088302E682B6823F001032B60AB6823F006
:10B1A00060631943A960FFF78DFF20232E60C0F86C
:10B1B0008830002084F8840070BD0220FCE7000085
:10B1C00030B5134D6B69DB031FD50A1A002A1CDD4D
:10B1D00000F01F031A44BFF34F8F8418C2431B1A99
:10B1E0000B442244203B5209203302F1010ED8BF08
:10B1F0004FF0010E4EF001E0C5F85C0220300FF078
:10B2000005C8BFF34F8FBFF36F8F002030BD00BF65
:10B2100000ED00E030B5134D6B69DB031FD50A1A52
:10B22000002A1CDD00F01F031A44BFF34F8F84185F
:10B23000C2431B1A0B442244203B5209203302F123
:10B24000010ED8BF4FF0010E4EF001E0C5F86802C4
:10B2500020300FF005C8BFF34F8FBFF36F8F002072
:10B2600030BD00BF00ED00E00248034B0360F8F77B
:10B27000C4BF00BF7C8D003400FC0D5810B5034CDA
:10B280002046F8F797FF0228FAD010BD7C8D0034D5
:10B290000A1A01460148F8F7C2BF00BF7C8D00348E
:10B2A00038B50C461B4B0168994204D01A4807F088
:10B2B0002DFD002010E0C3680BB91848F7E7C5184A
:10B2C000C058174B984201D01648F0E76B6824B974
:10B2D0000AB102331360012038BD610701D0124862
:10B2E000E5E70AB91148E2E71268991C8A4203D2DD
:10B2F0000F4807F0A3FCDCE7206044F8043F23F08C
:10B30000404304350133013BE5D055F8042F44F8A0
:10B31000042FF8E72000BFECBD631170E7631170E4
:10B320007A7A05CA1F64117057641170A76411708E
:10B33000FF64117008B50268064B9A4204D00648B3
:10B3400007F0E4FC002008BD4368002BFAD0184445
:10B35000F9E700BF2000BFECBD631170F8B5069D92
:10B360000C4620B9154807F0D1FC002007E02968F9
:10B37000994203D00168914202D82B600120F8BDA8
:10B380000C214A43083281184968825811F003069B
:10B3900003D00B4807F052FCE7E708440132013ABA
:10B3A000EBD050F826102F680231A3EB070C54F8AD
:10B3B00021700136674444F82170F0E7826511700E
:10B3C000E165117010B5A34B88B01A780AB9012253
:10B3D0001A70A14B1A6842F002021A6001221A6028
:10B3E0004FF0FF329A60DA6000221A6103F5A04341
:10B3F0005C68002CFCD045F20103A2B29A4240F0F6
:10B400009280964B5C68002CFCD045F21713A2B2D8
:10B410009A4240F0B080924B5C68002CFCD041F224
:10B420001C13A2B29A4240F0CC808E4B5C68002C78
:10B43000FCD041F21A03A2B29A4240F0E6808A4B55
:10B440005C68002CFCD041F21B13A2B29A4240F07F
:10B450002D81864B5C68002CFCD041F61923A2B2EA
:10B460009A4240F04781824B5C68002CFCD041F24C
:10B470002113A2B29A4240F062817E4B5C68002C9C
:10B48000FCD043F22023A2B29A4240F07C81724B5E
:10B490005C68002CFCD041F21F23A2B29A4240F01B
:10B4A0009881754B5C68002CFCD041F21E13A2B24F
:10B4B0009A4240F0B481714B5C68002CFCD0A3B27E
:10B4C000B3F5B05F40F0CF816D4A5468002CFCD0DA
:10B4D00045F21D03A1B2994200F0EC8108F08AF810
:10B4E0000368002B00F0E48108F084F8006808F09D
:10B4F0001BF8034605220021CDE905211D220492F7
:10B50000C4F303220392C4F3033202925D4AE4B20D
:10B510005D4900925D48FD22019407F08FFBFD21FB
:10B520005B4B5C4A22E008F065F803680BB308F057
:10B5300061F8006807F0F8FF034605224FF0000E9F
:10B54000CDE9052E01220492C4F303220392C4F331
:10B5500003320292504AE4B24B4900924B48C9224E
:10B56000019407F06BFBC921494B4A4A464806F053
:10B57000D7FB4A4BE1E708F03DF80368FBB108F060
:10B5800039F8006807F0D0FF034605224FF0010CA0
:10B59000CDE9052C17220492C4F303220392C4F3CD
:10B5A000033202923E4AE4B2374900923748CC2235
:10B5B000019407F043FBCC21354B364AD6E7374B95
:10B5C000E3E708F017F80368EBB108F013F8006838
:10B5D00007F0AAFF03460122CDE905221C220492AE
:10B5E000C4F303220392C4F3033202922D4AE4B25D
:10B5F000254900922548D022019407F01FFBD02155
:10B60000234B244AB2E7254BE5E707F0F3FF036835
:10B61000F3B107F0EFFF006807F086FF0346012251
:10B620000020CDE905201A220492C4F303220392DC
:10B63000C4F3033202921C4AE4B213490092134845
:10B64000D422019407F0FAFAD421114B114A8DE764
:10B65000124BE4E7888D003400000E5800F00E58BD
:10B6600000B00F5800700F5800500F5800300F589E
:10B6700000E00F5800D00F5800100E5800400E5830
:10B6800000200E582C6711701F66117077661170BC
:10B690000D69117086881170DB6611701A66117061
:10B6A000E2661170EA661170EF66117007F0A2FF92
:10B6B0000368EBB107F09EFF006807F035FF034613
:10B6C0000122CDE905221B220492C4F30322039236
:10B6D000C4F3033202927C4AE4B27C4900927C4873
:10B6E000D822019407F0AAFAD8217A4B7A4A3DE78A
:10B6F0007A4BE5E707F07EFF0368F3B107F07AFFC6
:10B70000006807F011FF034601220A21CDE9052157
:10B7100019220492C4F303220392C4F30332029267
:10B720006F4AE4B2694900926948DC22019407F04B
:10B7300085FADC21674B684A18E7684BE4E707F0B5
:10B7400059FF0368EBB107F055FF006807F0ECFE06
:10B7500003460122CDE9052221220492C4F30322EB
:10B760000392C4F3033202925E4AE4B25749009254
:10B770005748E022019407F061FAE021554B564A00
:10B78000F4E6564BE5E707F035FF0368FBB107F039
:10B7900031FF006807F0C8FE034603224FF0020E97
:10B7A000CDE9052E20220492C4F303220392C4F3B0
:10B7B000033202924C4AE4B2444900924448E422E3
:10B7C000019407F03BFAE421424B434ACEE6434B57
:10B7D000E3E707F00FFF0368FBB107F00BFF00681A
:10B7E00007F0A2FE034601224FF0020CCDE9052C22
:10B7F0001F220492C4F303220392C4F30332029281
:10B800003A4AE4B2314900923148F722019407F0F4
:10B8100015FAF7212F4B304AA8E6304BE3E707F043
:10B82000E9FE0368EBB107F0E5FE006807F07CFE77
:10B8300003460122CDE905221E220492C4F303220D
:10B840000392C4F303320292294AE4B21F490092E0
:10B850001F48F922019407F0F1F9F9211D4B1E4A06
:10B8600084E61E4BE5E707F0C5FE0368F3B107F079
:10B87000C1FE006807F058FE034601220620CDE90C
:10B88000052000220492C4F303220392C4F303327E
:10B890000292184AE4B20D4900920D48FB2201942D
:10B8A00007F0CCF9FB210B4B0B4A5FE60B4BE4E7AF
:10B8B0000A4B1FE60123002013600F4A1360A2F514
:10B8C0000052136008B010BDF56611701F6611704C
:10B8D000776611700D691170868811701A66117083
:10B8E000FB661170016711700B67117012671170A0
:10B8F0001A6711702267117000300E580020074B34
:10B90000186003F58053186003F580531860A3F5A1
:10B9100040539860D86018611860704700100E5846
:10B9200030B501240025012354EA0D05034A834064
:10B9300011694B4023404B40136130BD00000E584D
:10B94000002810B50C460EDC1930FFF7E9FF23790B
:10B95000084A03F00103DB001360236813F00700BB
:10B9600004D1936010BD4FF0FF30FBE76FF0010092
:10B97000F8E700BF00E00F5830B50124002554EA75
:10B980000D05034A136923EA0403136130BD00BFA8
:10B9900000000E58002208B511463423154804F063
:10B9A0007BFC024628B17B21134B144A144806F055
:10B9B000B7F901462023134804F046FD024618B1AA
:10B9C0007F210D4B0D4AF1E7014620230E4804F07C
:10B9D0003BFD014618B18321074B084AE6E73423B3
:10B9E00001220A4804F058FC18B18721024B034A8F
:10B9F000DCE708BD008E0034AA671170E188117081
:10BA000045671170E08D0034C08D00348C8D00349A
:10BA100008B5114804F098FC28B193210F4B104A47
:10BA2000104806F07DF9104804F05EFD18B197212A
:10BA30000A4B0B4AF4E70D4804F056FD18B19B2160
:10BA4000064B074AECE70A4804F07EFC18B19F2138
:10BA5000024B034AE4E708BD008E0034AA67117068
:10BA6000C888117045671170E08D0034C08D0034B6
:10BA70008C8D003408B54FF0FF31064804F052FDBC
:10BA800030B140F21F11044B044A054806F048F952
:10BA900008BD00BFC08D0034AA671170B288117054
:10BAA0004567117008B5064804F05CFD30B14FF4ED
:10BAB0009571044B044A054806F032F908BD00BFF1
:10BAC000C08D0034AA67117093881170456711709A
:10BAD00010B5044628B93021104B114A114806F020
:10BAE0001FF903681BB931210F4B0D4AF6E700F02F
:10BAF00007FA204600F0C2F9204600F07FFA01283C
:10BB000002D1FFF7B7FFF7E70228F5D1204600F092
:10BB1000D9F9BDE8104000F03FBA00BFBE67117010
:10BB2000F8881170DE6711703E68117010B5044618
:10BB300010B3036803B3DB69984700236060A0601B
:10BB4000E360236163616368A3B91A4662620022FD
:10BB5000E36AA2622276E26184F8202063B1214682
:10BB6000BDE810400420184714330132198A090730
:10BB7000FAD5EBE70122F9E710BD000008B5094B43
:10BB80001A68824205D04221074B084A084806F04D
:10BB9000C7F8084A12681AB14621074B034AF5E76D
:10BBA0001A6008BD3C8E003467681170568A1170A7
:10BBB00093681170388E0034F368117008B5074B24
:10BBC0001B682BB97521064B064A074806F0A8F8F2
:10BBD000064B1860C043064B586208BD3C8E0034CB
:10BBE0000F691170A989117093681170388E003433
:10BBF00000100E5808B5038A5B0706D440F22A21CC
:10BC0000034B044A044806F08BF8C06808BD00BF27
:10BC1000396911708A89117054691170CB6A2DE9E4
:10BC2000F04105460C4613B10246022098472B8A84
:10BC3000580718D52846FFF7DDFF28B1B521254B59
:10BC4000254A264806F06CF80222254B1A601A682D
:10BC50009107FCD44FF080421A601A685200FCD45D
:10BC60001920FFF789FE6B680BB1284698472E8A8A
:10BC700016F0900F06F0C00708D10FBB194B1B68D8
:10BC8000A34215D1D521184B134ADAE7154B1B688F
:10BC9000A34203D0C921154B0F4AD2E70020FFF77A
:10BCA0008DFFF306E9D52046FFF768FF002FE5D0AA
:10BCB000E36A63B12A462146BDE8F04103201847F4
:10BCC0002369002BF4D1E368002BF1D1EBE7BDE849
:10BCD000F08100BFB96911706B891170C269117070
:10BCE00000E00F583C8E00344C6A1170226A1170CB
:10BCF00008B528B9E021194B194A1A4806F010F87E
:10BD0000C3691BB1E221184B154AF6E7C3680BB3B0
:10BD100003691BB1EA21154B114AEEE74368036141
:10BD200083684361436A8362C3684360C368836016
:10BD300083686BB91A4600234262C360002380F80F
:10BD4000203008BD14330132198A0907FAD5F2E709
:10BD50000122F9E7436814334360EFE7BA6A1170D0
:10BD600046891170C2691170D56A1170056B117026
:10BD70007047000038B50446002856D02B4B1842B7
:10BD800002D02B4806F0C2FFC4F3090313B12948BF
:10BD900006F0BCFF14F4700F02D0274806F0B6FF7F
:10BDA000E50102D5254806F0B1FF14F0C06F0ED0B2
:10BDB000234806F0ABFF234B00211A69224806F006
:10BDC0003DFF224B01211A691F4806F037FF200171
:10BDD00002D51F4806F09AFF61000CD51D4D1E4884
:10BDE000E96806F02BFF296A1C4806F027FFE9697D
:10BDF0001B4806F023FFA20002D51A4806F086FF72
:10BE0000E30002D5184806F081FFFFF7B1FF224694
:10BE1000002340F2FB21154806F010FF40F2FF21FD
:10BE2000134B144A144805F07BFF38BD00FC0F008B
:10BE3000466B1170676B11708D6B1170B16B117067
:10BE4000D16B117000200E58E96B117000300E5844
:10BE5000FE6B117000E00F58166C11704A6C117077
:10BE6000746C1170956C1170B66C1170D16C11708E
:10BE70000D69117022891170C269117010B50446E4
:10BE8000B0B10368A3B15B6833B94FF4BB71094B20
:10BE9000094A0A4805F044FF984720B94FF4BC719D
:10BEA000074B054AF5E72046BDE81040FFF73EBEC8
:10BEB00010BD00BFF86C11706C8A1170C2691170EE
:10BEC0002D6D117010B50446B8B1C36A1BB101469F
:10BED000002205209847094B1B68A34202D1204647
:10BEE000FFF74CFE00236360A360E360236163619E
:10BEF0006362A362E36184F8203010BD3C8E00349D
:10BF000010B5FFF75FFA0222204B1A601A689107FA
:10BF1000FCD44FF080421A601A685200FCD440F200
:10BF2000FF325A614FF0FF325A621A6842F0010242
:10BF30001A60FFF72FFD4FF40012154BC3F8842051
:10BF4000BFF34F8FBFF36F8F4FF48001C3F884109E
:10BF5000BFF34F8FBFF36F8F4FF40001C3F884100E
:10BF6000BFF34F8FBFF36F8F4FF08071C3F8841012
:10BF7000BFF34F8FBFF36F8F5A60064B1B681BB127
:10BF8000BDE810400620184710BD00BF00100E5835
:10BF900000E100E0348E003408B5164B1B680BB18D
:10BFA000072098474FF40012134BC3F88420BFF3C7
:10BFB0004F8FBFF36F8F4FF48002C3F88420BFF31D
:10BFC0004F8FBFF36F8F4FF40002C3F88420BFF38D
:10BFD0004F8FBFF36F8F4FF08072C3F88420BFF391
:10BFE0004F8FBFF36F8FFFF713FDBDE80840FFF7DA
:10BFF00085BC00BF348E003400E100E073B5044618
:10C0000030B940F20F218C4B8C4A8D4805F088FEE8
:10C01000436823B940F212218A4B884AF5E7037E30
:10C020008BB903680BB19B6823B94FF40671864B3B
:10C03000824AEAE7984720B940F21A21834B7F4AA7
:10C04000E3E7012323766068038A5A0712D5FFF7D6
:10C05000D1FD012303FA00F094F8203003F0FF062D
:10C0600043B3002836D0E36930EA030304D001204B
:10C0700002B070BDC068EFE7754B1B68A34204D0E7
:10C0800040F23221734B6D4ABFE74FF40011724A00
:10C09000C2F88410BFF34F8FBFF36F8FE36923EAB9
:10C0A0000003E361516060682146FFF7B7FD204659
:10C0B000FFF71EFE63681B8A1B0734D52369002B1C
:10C0C00000F0B780624B1A6832B99721634B644A1B
:10C0D00064489BE70646EDE76268128A160703D4B8
:10C0E0009821614B5E4AF3E72269128A550603D410
:10C0F0009A215E4B5A4AEBE71868FFF73FFDE36869
:10C100001BB1A3215A4B564AE2E722696260626979
:10C11000A260A26A626223616361A36263681433EE
:10C1200063600020A4E7002EFBD194F82030002BA0
:10C1300069D1012384F820306568E3681BB15F2171
:10C140004B4B4C4A61E7E36A1BB12A462146304615
:10C1500098472B8AD80705D5E2691AB15621464B74
:10C16000464AB5E713F0500F15D0394A11688C4292
:10C1700003D13121424B434AAAE7116819B1352155
:10C18000414B404AA4E74149096819B13921404B64
:10C190003C4A9DE7146059071CD413F0900F0AD055
:10C1A0002B4B1B689C4203D076212A4B314A2CE74B
:10C1B000E868FFF703FD2B680BB1284698472B8AE8
:10C1C0005A071AD52846FFF715FD30B19721314B94
:10C1D000284A1AE740F2FF30EBE79DF80420AB68ED
:10C1E00060F3000269468DF804200093FFF7A8FB76
:10C1F000294A136843F001031360E36A1BB12A461E
:10C200002146012098476068038A5B070FD5FFF736
:10C21000F1FC012303FA00F000287FF428AF6068E6
:10C220002146FFF7FBFC2046FFF762FD79E7C06877
:10C23000F2E702201CE700BFBA6A11703D8A117054
:10C24000C2691170366D1170716D11702D6D1170A4
:10C250003C8E0034D36D117000E100E00F69117065
:10C26000168A117093681170FD6D1170996E1170BE
:10C27000E56E1170F5891170D56A1170D68911704B
:10C280001D6F1170C2891170456F1170388E0034A6
:10C29000F3681170B969117000E00F58F8B5394BA7
:10C2A000394C9D68236843B323685B6833B940F217
:10C2B0006231364B364A374805F032FD23685B68F9
:10C2C0001B8A5B070CD425F47F7020F00300FFF776
:10C2D00051FD23689BB940F283312F4B2C4AEAE78A
:10C2E00023685868FFF786FC20B140F26F312B4B72
:10C2F000274AE0E725F08050E9E72846E7E723688A
:10C300005B681B8A13F0040326D122685268D26846
:10C310002A4017D04FF0010C0A202168204EC9692D
:10C3200022FA03F7FF0707D51F0357F806E047F87F
:10C3300006E00CFA03F73943013803F10103EFD1AA
:10C340002368D961BFF34F8F0E4B1D61BFF34F8F31
:10C35000BDE8F840FFF7A6BB23685868FFF74AFC22
:10C3600020B140F242310D4B0E4AA4E7EB00E9D573
:10C370000D4BDA68DA602368DB69226843F0010359
:10C38000D361DFE700100E583C8E00346F6F1170E0
:10C3900036891170C26911700F691170B969117015
:10C3A0003C500E580889117000E00F5890F82C305E
:10C3B000474A002B474B18BF134610B5C4B00A9329
:10C3C00043694FF082740B93836ACDE90C33424B7F
:10C3D0000E93036C0F93436DCDE9103390F88430C6
:10C3E000002B0CBF0222042242F00102ADF8102003
:10C3F000C26E04ABADF81220D0F8802022930692D2
:10C40000D0F8AC200369079206AA059240F20142D7
:10C410001293C368CDE9234213938368416A14934E
:10C420001691016A43681791C169159312AB259360
:10C43000189140F2024381692B92199116A9279114
:10C440000AA928910021C26B26931A92826BCDE92A
:10C4500029141B92426B1C92026B1D921AAACDE901
:10C460002C23036D22AA1E93C36C1F93836C00922E
:10C470002093436C29AA21931EAB2E930EAB2F93CE
:10C48000042308930123CDE93A13389301ABCDE996
:10C490003C3102ABCDE93F3103ABCDE9423138ABA2
:10C4A00009930E4B019231A81C223E9102914191B9
:10C4B00003913093CDF8E4D006F048FE084B30A845
:10C4C000359308AB369304F0C9FD44B010BD00BFEE
:10C4D0004004840840040408401082000701010061
:10C4E0005D101170024B00201B6A0B60704700BF8B
:10C4F000BC8F0034024B00205B6A0B60704700BFAA
:10C50000BC8F003408B5054B9B6D13B104489847A8
:10C5100008B9002008BD8320FCE700BF508F00341D
:10C520004C8E0034002170B5414B96B04FF48272AE
:10C5300004461846CDE90111CDE90311CDE90511F5
:10C5400006F004FE342202803A4A3B49C0F8E42057
:10C550003A4AC0F8E8203A4AC0F8F020394AC0F810
:10C56000EC20394AC0F8F420384AC0F8F820384A9C
:10C57000C0F8FC20374AC0F80021374AC0F8DC2058
:10C58000364AC0F8C820364AC0F8CC20354AC0F830
:10C59000D020354AC0F8D420344AC0F8C42000F076
:10C5A00083FC002840D12368234D0BB163683BB95D
:10C5B000AB6D1F4807A99847109B2360119B6360D0
:10C5C00021462B681A48984770BB05212B6C1848E8
:10C5D0009847044640BB01234FF40072CDE9012384
:10C5E0002C231D4801A90393F7F78CFF20B16FF0AE
:10C5F0000304204616B070BD032221461648F8F702
:10C6000065F80028F3D12B232546CDE90534124ED9
:10C6100004942946304604AAF8F702F80028E6D127
:10C620000135032DF5D1E4E76FF00404E1E700BF25
:10C630004C8E003449381070508F003461381070BF
:10C64000AD38107085381070D538107009371070FB
:10C6500085C6107071C61070B08F003405C9107097
:10C66000E5C4107049C91070F5C4107005C510708C
:10C67000021E18BF012240210148F9F763BE00BF26
:10C6800000180256021E18BF012210210148F9F7B6
:10C6900059BE00BF00180256F0B540220024012701
:10C6A0000326114B89B00794C3F85C2AD3F85C12B7
:10C6B0000E4D02910299C3F85C2AD3F85C322846E9
:10C6C000019303A9019B0392059404970696F9F739
:10C6D00099FC1023284603A9CDE904740393069618
:10C6E000F9F790FC09B0F0BD008002560018025620
:10C6F00000487047B08F00342DE9F043002604460F
:10C7000093B00DF130080D461746314618224046C9
:10C71000CDE9046602960696039606F017FD1422EC
:10C72000314607A80DF1080906F010FD5CB9214655
:10C730004F4804AAF7F7EEFF00287CD06FF0040002
:10C7400013B0BDE8F083CDE900984A482A46D0E905
:10C75000000107AB00F014FADDE90932134315D0EC
:10C760002146434807AAF8F7E9FC0028E6D121460C
:10C770003F48F8F749FD0028E0D1DDE902321343D4
:10C7800009D121463A48F8F7F3FD0FE02146384831
:10C79000F8F76EFDEFE74A4621463548F8F7ADFD5C
:10C7A0000028CBD121463248F8F7CAFD0028C5D170
:10C7B000424621462E48F8F7F3FD2D4E0028BDD104
:10C7C00021463046F8F737FE0028B7D12B692146BD
:10C7D0003046002B31D0F9F796F90028AED16B69BD
:10C7E000002B2DDA022C0FD1DFF88C80D8F8003026
:10C7F00053B921461E48F9F7BCF900289ED1D8F854
:10C8000000300133C8F800300023EA6804932B6835
:10C81000264453430F3323F00F03AA68059373791B
:10C820000692C3B92146124804AAF7F773FF0028FD
:10C8300084D1059B3B60002082E7F9F77FF9CCE7C4
:10C8400021460B4804D0F8F70EFE0028CAD075E741
:10C85000F8F721FEF9E721460548F9F715F9002810
:10C860007FF46CAF2146059A0148F9F7F3F8DEE74B
:10C87000B08F003400900034408E003402280B4604
:10C8800013B515D8014600920E480022F7F7AAFF0B
:10C8900088B90D4C236813B1002002B010BD0B4BBA
:10C8A0000B489B68984748B9236801332360F3E736
:10C8B0006FF00100F1E76FF00300EEE76FF00400A6
:10C8C000EBE700BFB08F0034448E0034508F00344B
:10C8D0004C8E0034084B10B59B6C044633B10146B6
:10C8E0000648984728B9064B1C6210BD6FF00A0035
:10C8F000FBE76FF00400F8E7508F00344C8E0034F3
:10C90000BC8F0034084608B5FFF7E4FF002814BFC9
:10C910007920002008BD0000084B10B5DB6C0446F0
:10C9200033B101460648984728B9064B5C6210BDF2
:10C930006FF00A00FBE76FF00400F8E7508F003457
:10C940004C8E0034BC8F0034084608B5FFF7E4FF76
:10C95000002814BF8320002008BD000008B5074B45
:10C9600001469B6D33B106489847002818BF6FF009
:10C97000040008BD6FF00A00FBE700BF508F0034D1
:10C980004C8E003470B5044694B03C22002105A8BA
:10C9900006F0DCFB2368244E009363680193A368D0
:10C9A0000293E3680393636904933368002B38D1DF
:10C9B0001E4D1F4B28462B60F5F7B8FE18B16FF0DF
:10C9C000030014B070BD2846F7F788FD0028F6D1A3
:10C9D000FFF762FE6846FFF7A5FD10B16FF0060095
:10C9E000EFE70122134B05A81A70FFF7B7FF0530D8
:10C9F000F4D01298FFF790FF0530EFD01098FFF7B2
:10CA000069FF0530EAD0009B0B4D2360019B6360FA
:10CA10000FCC0FC5336894E8030085E803000133A9
:10CA200033600020CDE700BF488E0034B08F003463
:10CA300000200058FC8F003400900034034BDB686A
:10CA40000BB1034818471846704700BF508F003499
:10CA50004C8E0034054B10B51B690C460BB10448D5
:10CA600098472046F5F782FE10BD00BF508F003476
:10CA70004C8E0034054B10B55B690C460BB1044875
:10CA800098472046F5F784FE10BD00BF508F003454
:10CA90004C8E0034042330B51B4C85B0C4F87C3A6E
:10CAA000D4F87C2204F580550392039AC4F8BC3A6A
:10CAB000D4F8BC2207210292029A3020C4F83C3AF2
:10CAC0000022C5F83C32F7F7CBFB3020F7F7FCFB30
:10CAD0004023C4F87C3AD4F87C2207210192019AC1
:10CAE000C4F8BC3AD4F8BC222F200092009AC4F8B3
:10CAF0003C3A0022C5F83C32F7F7B2FB2F2005B0D4
:10CB0000BDE83040F7F7E0BB0080025608B5B2EE52
:10CB1000007A0123F6EE006AD0ED007AF4EEC77ACF
:10CB2000F1EE10FA08DA013B072B1AD8DFE803F020
:10CB30001F0A190F1919191467EEA67A5B00C0EDC8
:10CB4000007AE9E700290CBF0220082008BD00296F
:10CB50000CBF04201020F9E700290CBF0620182084
:10CB6000F4E77721034B044A044805F0D9F8002084
:10CB7000ECE700BF0D691170848A1170B96F1170F4
:10CB8000F7B51446DDE908566768926906EE907AB3
:10CB900007EE100A07EE901AB8EE665A002A40F027
:10CBA0008E80D4ED006AB8EE476AF8EE664AF8EE79
:10CBB000676A86EE244AC6EE855AB4EE654AF1EEFF
:10CBC00010FA48BFF0EE445AB7EE004AF4EEC45AE9
:10CBD000F1EE10FA05DA4F214F4B504A504805F05C
:10CBE0009FF89FED504AF4EEC45AF1EE10FA03D4C8
:10CBF00050214D4B494AF1E724EEA54AB4EEC46AF0
:10CC000065EE255AF1EE10FAF4EEE56ACCBFBCEE03
:10CC1000C46ABCEEC66AF1EE10FA014616EE102A9E
:10CC2000CCBFFCEEE56AFCEEE66A0131891A4908E0
:10CC3000596017EE901A16EE902A83ED036AC3ED41
:10CC4000026AB8EE466AF8EE666A0131891A002275
:10CC5000C6EE245A86EE857A490819601A610021C9
:10CC600068468DED017ACDED005AFFF74FFF0121A7
:10CC7000686001A8FFF74AFF9FED2C7ADDED007A8E
:10CC800067EE877AFCEEE77A286017EE903A206824
:10CC9000C6ED037ADDED017A67EE877AFCEEE77A7E
:10CCA00017EE902A2249C6ED027AB1FBF3F3B1FBED
:10CCB000F2F1C6E900707361316103B0F0BD012A81
:10CCC0000CD1D4ED006AB8EE477AF8EE666AC7EE8A
:10CCD000265AF8EE677A87EE857AC0E7022A06D1EF
:10CCE000F8EE677A87EE857AF0EE475AB7E7E169A2
:10CCF00094ED007A07EE901AB8EE477AF8EE677A6C
:10CD0000606A226A5860A06AC7EE875AD96007EE47
:10CD1000902A9A601860DCE714701170AF8A117065
:10CD2000B96F1170000080421F7011700000004642
:10CD3000FFFF7F007047083000F0CEB9083000F0E8
:10CD4000DBBA000008B50B46B8B1B1B118460C49C2
:10CD500006F07DFC4FF420624FF4226102844FF410
:10CD6000F3620346C0E909120020064A5863C3E98A
:10CD70000B0248F2F2129A6308BD6FF00100FBE764
:10CD80002A70117040190100032928BF03210830BF
:10CD900000F098BA083000F069BA083000F03EBAE6
:10CDA000083000F0E9B9083000F0AEB908B530300D
:10CDB00001F012F8002814BF6FF00300002008BD36
:10CDC00010B50446303000F04DFF10B16FF0040094
:10CDD00010BD04F1080000F076F90028F8D0F5E75E
:10CDE00030B587B002AB044610220021184606F089
:10CDF000ADF90F4A04F13005CDE9000204F1B803A2
:10CE000000222846D4F8DC1000F0A2FE48B92846DB
:10CE100000F03AFF40B904F1080000F037F907B01C
:10CE200030BD6FF00400FAE76FF00300F7E700BFD2
:10CE3000CC8A117038B5D1E90023B2F5226F0546CE
:10CE40000C4602D06FF0010038BDB3F5F36FF9D195
:10CE50000969FFF799FF0028F4D10621E26805F17E
:10CE6000080000F0F3F8002818BF6FF00400EBE7AB
:10CE7000012910B507D002290FD099B9BDE810409B
:10CE8000303000F0BFBF00F13004204600F0B6FFA4
:10CE90002046BDE8104000F0AFBF3030BDE8104084
:10CEA00000F0AEBF10BD000073B5044603880D4608
:10CEB0000382D0F8E43008348360D0F8E830C360EF
:10CEC000D0F8F430C361D0F8F0308361D0F8EC30A2
:10CED0004361D0F8FC3000209847D4F8F03064204B
:10CEE0009847D4F8F83000209847D4F8F030642000
:10CEF0009847D4F8F43001209847D4F8F0306420F3
:10CF00009847D4F8F83001209847D4F8F0306420DE
:10CF100098472146204600F07DF8064620B16FF084
:10CF20000404204602B070BD204601A900F0D4F8E8
:10CF300004460028F3D1019B4822002B08BF044679
:10CF4000314605F1180018BF6FF0060406F0FEF830
:10CF50000E4B2B600E4BAB600E4B6B600E4BEB60C1
:10CF60000E4B2B610E4B6B610E4BEB610E4BAB64AA
:10CF70000E4BEB640E4B2B640E4B6B640E4BEB6253
:10CF80000E4BAB650E4BEB65CBE700BF35CE10709B
:10CF9000E1CD1070C1CD1070ADCD107071CE10709C
:10CFA00035CD107037CD1070A7CD1070A1CD107099
:10CFB0009BCD107095CD107089CD107045CD10703F
:10CFC0003DCD107010B404690089A4465DF8044B8F
:10CFD000604710B4C4680089A4465DF8044B6047FC
:10CFE000F8B500258C1C04EB820600F1180735B15A
:10CFF0004FF0FF350434B442F9D12846F8BD01237F
:10D000002246384634F8021C00F0A1F90028EFD17E
:10D01000F0E7000090B14A680B6842600A8903603B
:10D020000281CA68C2600A6902614A69006242619B
:10D03000044AC261044A826103B118474FF0FF30CD
:10D04000704700BFC5CF1070D3CF107010B590F8E7
:10D0500024300446A3B9062902D04FF0FF3010BD9A
:10D0600054220849FFF7BCFF0028F6D105222046CC
:10D070000549FFF7B5FF0028EFD1012384F82430DC
:10D080000020ECE7DC8E1170C88E1170002373B5A0
:10D0900005468DF807304FF4405101230DF107028A
:10D0A000183000F054F9044650B96B6998470646A9
:10D0B0006B699847831B132BFAD9204602B070BDC9
:10D0C0004FF0FF34F9E790F82430012B04BF002320
:10D0D00080F824300020704737B5044654F8183BD8
:10D0E0000D469847012343F6121120460DF1070221
:10D0F00000F026F920B99DF807302B6003B030BD51
:10D100004FF0FF30FAE7000030B51A4B85B0994276
:10D1100003D94FF0FF3005B030BD4FF496730125B1
:10D1200091FBF3F100F1180401912B4643F2010148
:10D1300020460DF10F028DF80F5000F008F900287D
:10D14000E7D1022343F2E801204601AA00F0FFF8EC
:10D150000028DED18DF80F002B4643F20101204656
:10D160000DF10F0200F0F3F8003818BF0120404223
:10D17000D1E700BF4019010030B52DED028B00F161
:10D18000180485B008EE101A042343F2300120463B
:10D1900002AA00F0D5F828B14FF0FF3005B0BDEC81
:10D1A000028B30BDDDED027AB8EEC88ADFED1A6A77
:10D1B000F8EE677A88EE267A77EEC77AFCEEE77AA1
:10D1C00017EE903A082BCDED037AE5D9012543F20D
:10D1D00001012B4620460DF107028DF8075000F0A3
:10D1E000B6F80028D8D1032343F25801204603AAF9
:10D1F00000F0ADF80028CFD18DF807002B4643F2A0
:10D20000010120460DF1070200F0A1F8003818BF17
:10D2100001204042C2E700BF7C09ED4001390722EE
:10D2200008B5042914D8DFE801F0110F0D030B0035
:10D230000849FFF7D5FE003818BF0120404208BD5D
:10D240000549F6E70549F4E70549F2E70549F0E73E
:10D250000549EEE7AC8E1170908E1170748E1170CE
:10D26000588E11703C8E1170208E1170142908B5E3
:10D27000034619D007DC0A290AD00F2911D002224F
:10D2800018460B4906E01929F9D10222094901E0A3
:10D2900002220949FFF7A4FE003818BF01204042CE
:10D2A00008BD02220549F5E702220549F2E700BF61
:10D2B000F88D1170008E1170188E1170108E117013
:10D2C000088E117002294FF00A0206D0032906D0F9
:10D2D000012906D10449FFF783BE0449FBE704494D
:10D2E000F9E70449F7E700BF808D1170A88D117030
:10D2F000D08D1170588D117013B50029044615DBBF
:10D300008DF80710012343F29E210DF1070218301A
:10D3100000F01DF868B9072220460749FFF760FEB4
:10D32000003818BF0120404202B010BD0722034957
:10D33000F4E74FF0FF30F7E73C8D1170208D11704E
:10D3400010B4D0E90140A4465DF8044B604710B426
:10D3500004688068A4465DF8044B6047002048706C
:10D3600070470020704703234370002070474378C4
:10D370000BB103234370002070470000F7B504464B
:10D3800001F06CF990F85430074613B9002003B04F
:10D39000F0BD204601F01AF91E4B1A688242F5D002
:10D3A0001D4D186095F900305A1C002B2A700ADBBD
:10D3B0006946204600F009FF0028E8D1174A019B82
:10D3C00011680B44136095F900200A2ADED1134E30
:10D3D0003368B3FBF2F3BA6D3360934212D99DF810
:10D3E000013013B1013B8DF801300123694620461D
:10D3F0008DF8003000F0CEFE0028C8D1FF23306049
:10D400002B70C4E7F1D29DF80130052BEDD8013324
:10D41000E9E700BF7C9200347892003474920034C3
:10D42000F8B50D46044601F019F906460F48F4F721
:10D430005BF80F4F386030B1F4F7AAF8012804D038
:10D440003868F4F76BF8BE20F8BD0020F26E3B6838
:10D450001A61D4F880201A64D4F884205A64A26F28
:10D460009A64E26FDA646870EEE700BF89D41070E6
:10D470008892003408B5034B186808B1F4F74EF8E9
:10D48000002008BD8892003408B505F0D7FBBDE840
:10D490000840014805F03ABCB3711170F0B587B08F
:10D4A00005460C4601F0DAF8034690F8680028B10A
:10D4B0006278012A04D9032A12D0002007B0F0BDF7
:10D4C000012304210226CDE9013122462846254BBD
:10D4D0002549009601F006FB0028EFD16670EDE7C4
:10D4E000224EDB6E3268284613611E4B04A993F866
:10D4F000377001F030F80028E0D1284605A901F086
:10D5000047F80028DAD1DDE904123B463068F4F729
:10D510004AF801280CD0012304220226CDE9013269
:10D52000284622460F4B1049009601F0DBFAD5E75A
:10D530003368049A9B689A420CD13368059A5B68F9
:10D540009A42E8D0284605A9059301F012F8002870
:10D55000E1D0B3E7284604A9049300F0EDFF0028CA
:10D56000EBD0ABE7FC91003467D3107088920034A5
:10D5700010B506480C46F3F7AAFC054B186010B12D
:10D580000020607010BDBE20FCE700BF89D4107081
:10D590008492003408B5034B186808B1F3F7B4FC63
:10D5A000002008BD8492003408B52DED028B08EEF2
:10D5B000101A012101F014F890B1DFED0F7AB8EEE6
:10D5C000488A88EE270A9FED081BB7EEC00A08F0CC
:10D5D0006BF89FED077B20EE070BBDEC028B08BDBF
:10D5E000B8EE480BF9E700BF175D74D14517DD3F72
:10D5F0000000000000E06F4000007F4300000000DA
:10D600002DE9F0438BB00E46694615461C4600F0E6
:10D610003DFF0246002840F096809DF80030012B27
:10D6200040F09180019BD917A3FB063706FB0177D9
:10D6300002994FEAE17CA1FB051005FB0C005B1889
:10D6400047EB000703984FEAE07CA0FB040104FBD2
:10D650000C111818049B41EB0701DF17A3FB06838D
:10D6600006FB0733059FA7FB05CE4FEAE77905FBCD
:10D6700009EE18EB0C07DDF818C043EB0E034FEA78
:10D68000EC7EACFB04C804FB0E8817EB0C0748EBE0
:10D690000308079B4FEAE37CA3FB06E306FB0C3C75
:10D6A000089B4FEAE379A3FB053605FB09651EEBF2
:10D6B00003034CEB050C099D4FEAE57EA5FB0456E0
:10D6C00004FB0E665C194FF0FF33294D46EB0C0648
:10D6D000A84271EB03033FDB23A3D3E90023F4F754
:10D6E00019FAB0F5807F71F10001814601DB4FF03E
:10D6F000FF094FF0FF33AF4278EB03032EDB1AA391
:10D70000D3E9002338464146F4F704FAB0F5807FA8
:10D7100071F10001074600DBFF274FF0FF33AC42F9
:10D7200076EB03031CDB10A3D3E90023204631462C
:10D73000F4F7F0F9B0F5807F71F10001044600DBE9
:10D74000FF244E463D46129B1E60139B1D60149B9A
:10D750001C600BB0BDE8F0839146CAE70027DCE708
:10D760000024EEE7AFF3008000E1F50500000000C3
:10D77000011F0AFA000000002DE9F0472DED028B91
:10D7800000249EB006460F46CDE90744099400F0F8
:10D7900065FF90F870200546C34B32B91A7000201F
:10D7A0001EB0BDEC028BBDE8F087197811B1FF2ADD
:10D7B00040F0B18000227A700122BC4985F87020C7
:10D7C0000A701A7000249FEDBA8ADFF8F092DFF831
:10D7D000E8A205F58878D8F80400002800F0AA80AF
:10D7E0005CB1D8F8003003EB430303449B0807EE19
:10D7F000903AF8EEE77A49ED017AD8ED067AF8EE3C
:10D80000677A87EE887AD8ED0B7AF8EE677A8DED35
:10D810000E7A87EE887AD8ED107AF8EE677A8DED79
:10D820000F7A8DED107A87EE887A242314A98DED76
:10D83000117A4FF0030C0A4603FB0453D3ED597AD7
:10D84000F8EEE77A87EE887AD3ED5A7AF8EEE77A3F
:10D8500081ED007A87EE887AD3ED5B7AF8EEE77A8D
:10D8600081ED017A87EE887ABCF1010C81ED027AB4
:10D8700003F10C0301F10C01E0D107EE900A442002
:10D88000B8EE670A00FB04A007AB0EA90134F3F75A
:10D8900041FB052C08F1040809F104099BD105EBB3
:10D8A000840393ED441A95ED450A824DB8EE411B71
:10D8B000B8EE400B804B814A2868A1B2F3F74AFBCF
:10D8C000012840F0A6800FF2D019D9E90089B0EE06
:10D8D000007B9FED736B4FF07E52032C98BFB0EE30
:10D8E000467B2B68C3F8B822754A83EDA87BC3E951
:10D8F000A689C3F8B4220523CDE9010302243A46E0
:10D900003046704B7049009401F0ECF800287FF429
:10D9100047AF7C7044E77B78032B10D03FF63FAFD6
:10D92000002B3FF44FAF012B7FF439AF0522CDE937
:10D930000132E3E79620002C3FF432AFAFE706ABAD
:10D94000029305AB01935F4904AB009391F8363025
:10D9500091F83520304691F83410FFF751FE3046EB
:10D960000499FFF721FE304605998DED0E0BFFF768
:10D970001BFE304606998DED100BFFF715FEDFF804
:10D98000348101222146D8F800000EAB8DED120B38
:10D99000F3F7B4FC01283AD1DFF83491D8F800301D
:10D9A000D9ED007A93ED126BB8EE677BB4EE476B5E
:10D9B000F1EE10FA3D4B02D11A78012A16D14FF040
:10D9C000000A83F800A0052305F5887292ED017A1C
:10D9D000B8EE477BB4EE476BF1EE10FA02F10402A9
:10D9E00019D0013B0AF1010AF0D196240123052246
:10D9F0000225CDE9013230463A46324B3249009594
:10DA000001F070F8002C18BF20467D70C8E6BE24D7
:10DA1000ECE7BE20C4E601234FF0040E8DF8503031
:10DA200024234EF001E003FB0A5315AA03F5B27359
:10DA3000144618685968083303C422460FF009C019
:10DA4000186814A92060304600F098FC04460028AD
:10DA5000CCD1012305EB8A058DF82830D5F8283183
:10DA600030460B93D5F83C310AA90C93D5F85031C8
:10DA70000D9300F0E9FB04460028B7D1D8F8003038
:10DA800093ED127BBCEEC77B104B89ED007AC3F897
:10DA900000A0ABE7AFF300809A9999999999F53F67
:10DAA000CDCCCCCCCCCCFC3FF9910034F8910034F7
:10DAB00020BCBE4C8492003494900034E891003431
:10DAC000000040401C9000346FD3107080920034EE
:10DAD0001890003438B504460025094B8361A369CA
:10DAE000595921B904350C2DF9D1002038BD4B68A6
:10DAF000002BF7D0204698470028F3D0F6E700BF68
:10DB00003800003438B504460025A369595921B9B5
:10DB100004350C2DF9D1002038BD8B68002BF7D0CF
:10DB2000204698470028F3D0F6E738B5044600258C
:10DB3000A369595921B904350C2DF9D1002038BDFC
:10DB4000CB68002BF7D0204698470028F3D0F6E7A3
:10DB50002DE9F743DDF828800E4691461C46054620
:10DB6000002870D000296ED0002B6CD000F108077F
:10DB700080220021384605F0E9FA0FCCC5E900699A
:10DB800005F11C060FC60FCC0FC623683360AB6AC5
:10DB90003BB92E4805F0BAF8B424204603B0BDE8DE
:10DBA000F083EB6A0BB92A48F4E72B6B0BB92948D1
:10DBB000F0E76B6B0BB92848ECE7AB6B0BB9274868
:10DBC000E8E7B8F1000F03D098E80F0087E80F00EE
:10DBD00028460B9900F038FD04460028DDD1284680
:10DBE00005F14C0100F09AFC04460028D5D12A6FBB
:10DBF000B2F5286F0FD3B2F5A85F20D3B2F5285F36
:10DC00001FD3B2F5A84F4FF0080305D3144805F011
:10DC10007DF81E24C1E70123284601A98DF80430B0
:10DC200000F0C6F904460028B7D12846FFF752FF96
:10DC300004460028B1D1284600F014FDADE70223C8
:10DC4000EAE70423E8E70124A7E700BF3170117079
:10DC500069701170A1701170D97011701571117007
:10DC60005171117038B5054650B1FFF74BFF0446AE
:10DC700020B901468822284605F068FA204638BDBA
:10DC80000124FBE70000000073B50646002800F001
:10DC90009C8000F08BFC002871D1304600F0DEFC47
:10DCA000054600F10C01304600F022F9002866D14B
:10DCB0002946304600F05BF9002860D1304605F176
:10DCC000140100F0A9F9002859D1EB6C002B4BD1BD
:10DCD0002B6D002B55D195F85C3033B1304605F1F2
:10DCE0005C0100F057FA002849D195F8643033B14F
:10DCF000304605F1640100F082FA00283FD195F822
:10DD00001832002B49D195F82832002B51D13369B4
:10DD100006F108040BB1736923B905F13C030FCB7D
:10DD200084E80F002146304600F0F0F938BB304659
:10DD300005F5147100F066FC08BB95F96930B0EE8A
:10DD4000000B01EE103ABAEEEF1AB7EEC11A0190CD
:10DD500007F0AAFC9FED1E7B20EE070BBCEEC00B6C
:10DD6000019885ED1B0A0AE095F86830002BAFD1C9
:10DD7000304605F14C0100F0DFFB0028A8D002B0CE
:10DD800070BD95F86830002BA5D1304605F15001E3
:10DD900000F0EFFB00289ED0F1E795F87030002BE3
:10DDA000B1D1304605F5067100F04EFA0028AAD030
:10DDB000E5E795F87030002BA9D1304605F50A71DA
:10DDC00000F0DCFA0028A2D0D9E70120D7E700BF95
:10DDD0000000000000004C4038B5054650B100F08E
:10DDE00043FE04462846FFF7A0FE002C08BF044669
:10DDF000204638BD0124FBE700F03CBC00F0E2BB4C
:10DE000000F0E6BB00F0E8BB10B5D0E90440604389
:10DE10000D4C0229247804FB04F4B0FBF4F010D07C
:10DE2000012A14BF0422022282429FBFB0FBF2F0FB
:10DE3000420802EB0323B3FBF0F08CBF0020C0B21A
:10DE400010BD0122F0E700BFFA000034F0B50B4628
:10DE5000064600240C2793E8070007FB04650134FD
:10DE6000032C85E80700F6D1F0BD70B506460C46D8
:10DE700001252346EAB2012130680135F7F78CFE0F
:10DE8000042D04F10404F4D170BD00000000000072
:10DE900007EE101A05EE100A9FED0F4BB8EEC77B88
:10DEA00006EE102AB8EEC55B27EE047B9FED0C4B07
:10DEB000B8EEC66BA5EE047B9FED0B5BA6EE057B73
:10DEC000FCEEC77B82B0CDED017A9DF8040002B074
:10DED000704700BFAFF3008062105839B4C8E23F0A
:10DEE000894160E5D022D33FC976BE9F1A2FBD3F3E
:10DEF000F0B5044687B0002837D0002935D08F7898
:10DF0000072F32D8CE78072E2FD80D79072D2CD891
:10DF10004879072829D80B7813B14A78042A07D101
:10DF200001212068F7F70EFB00B10B2007B0F0BD10
:10DF3000022A18D0511E4B424B41032A4FEA430399
:10DF400008BF062305900121206801AACDE9033707
:10DF5000CDE90165F7F7C8FA0028E6D1012120686C
:10DF6000F7F7E2FAE0E70423ECE70A20DEE710B572
:10DF70000446D8B1D1B14A68072A17D840F6FE70D6
:10DF80008B68834212D80978206821B90121F7F7FC
:10DF900008FB28B103E00121F7F7E2FA08B11520E8
:10DFA00010BD01212068F7F7EEFAF2E71420F7E739
:10DFB00037B50C46054650B349B30B78013B072BE8
:10DFC00025D8DFE803F0170424112424241408239F
:10DFD0000222CDE9003201216A462868F7F769F983
:10DFE00058B11F2003B030BD10230422F1E71823DD
:10DFF0000622EEE700231A46EBE701212868F7F72F
:10E000006EF90028EDD12278024B1A70EAE71E2043
:10E01000E8E700BFFA0000342DE9F043054685B07B
:10E02000002871D000296FD04B68B3F5C57F6BD83D
:10E03000D1F80890B9F5C57F66D8D1F80C80B8F54D
:10E04000C57F61D8D1F810E0BEF5C57F5CD8D1F8A6
:10E0500014C0BCF5C57F57D88F69B7F5C57F53D8B5
:10E06000CE69B6F5C57F4FD80C6AB4F5C57F4BD8DD
:10E070004A6AB2F5C57F47D80978006821B90121FD
:10E08000F7F7DAFCC0B336E0190164231201B1FBE3
:10E09000F3F1B2FBF3F24FEA09194FEA08184FEA1D
:10E0A0000E1E4FEA0C1C3F0136012401B9FBF3F9A7
:10E0B000B8FBF3F8BEFBF3FEBCFBF3FCB7FBF3F7D6
:10E0C000B6FBF3F6B4FBF3F48DF804108DF80C20D6
:10E0D000012101AA8DF805908DF806808DF807E0E2
:10E0E0008DF808C08DF809708DF80A608DF80B4026
:10E0F000F7F768FC18B1292005B0BDE8F0830121CD
:10E100002868F7F78BFCBDE72820F5E77FB50446C4
:10E1100000283AD0002938D040F6FE720D689542AA
:10E1200033D84868904230D88B6893422DD8CA685B
:10E1300040F6FA71161F8E4227D8032B25D9266F79
:10E14000E918B14221D8666F8118B1421DD8104933
:10E150000978B0FBF1F0B2FBF1F2B5FBF1F5B3FBDE
:10E16000F1F30090029201216A4620680195039321
:10E17000F7F79BFB10B1332004B070BD012120687C
:10E18000F7F7D3FB0028F7D0F5E73220F4E700BF1C
:10E19000FA00003410B50446A8B1A1B14A78072AA4
:10E1A00011D80B78006801211BB9F7F726FA20B1C6
:10E1B00002E0F7F704FA08B13D2010BD0121206804
:10E1C000F7F70DFAF3E73C20F7E738B50D460446BC
:10E1D00098B191B101210068F7F723FA2870012165
:10E1E0002068F7F718FA6870012120682A1DF7F7F0
:10E1F00021FA002818BF3D2038BD3C20FCE713B5AC
:10E200000446F0B1E9B10B78006823B90121F7F7B2
:10E2100013FB78B10DE04B7801AA8DF804308B78B0
:10E220008DF80530CB7801218DF80630F7F7DEFA4E
:10E2300010B1472002B010BD01212068F7F7EEFAB7
:10E24000E7E74620F6E700002DE9F74F05460028EE
:10E2500000F08B80002900F088804A68464B9A4283
:10E2600000F28380D1F8088098457ED8CF689F421D
:10E270007BD80B78066833B901213046F7F794FB59
:10E2800000285BD059E00024104639A3D3E90023CD
:10E29000214650EACF11F3F78DFC234682468B4688
:10E2A0002246BAF5807F7BF1000003F1010148D2DC
:10E2B0000024002A08BF1346404621468DF800304E
:10E2C00050EACF112AA3D3E900238DF801A0F3F778
:10E2D00071FC2346804689462246B8F5807F79F155
:10E2E000000003F1010131D20024002A08BF1346C7
:10E2F000384621468DF8023050EACF111CA3D3E9ED
:10E3000000238DF80380F3F755FC234680468946A9
:10E310002246B8F5807F79F1000003F101011AD29D
:10E32000002A08BF134601216A4630468DF80430A2
:10E330008DF80580F7F707FB90B1512003B0BDE8D9
:10E34000F08F5AEA5F0B0B460122AAE758EA5F09F1
:10E350000B460122C1E758EA5F090B460122D8E7C4
:10E3600001212868F7F712FB8AE75020E6E700BF93
:10E3700000E1F5050000000000105E5F70B5054685
:10E3800088B00C461A22002101A804F0DFFE6DB10E
:10E3900064B123463A483B4A04F1240659680144D3
:10E3A000914203D899680144914201D95A205FE013
:10E3B000D96801449142F9D80C33B342EED12378A5
:10E3C0002E6833B901213046F7F702FA00284FD002
:10E3D0004DE0606800232C4AC117F3F79BFBADF8B2
:10E3E0000600A0680023284AC117F3F793FBADF895
:10E3F0000800E0680023244AC117F3F78BFBADF84F
:10E400000A0020690023204AC117F3F783FBADF807
:10E410000E00606900231C4AC117F3F77BFBADF8BF
:10E420001000A0690023184AC117F3F773FBADF879
:10E430001200E0690023144AC117F3F76BFBADF833
:10E440001600206A0023104AC117F3F763FBADF8EA
:10E450001800606A0C4A0023C117F3F75BFB012127
:10E46000ADF81A0001AA3046F7F7F4F810B15B20B6
:10E4700008B070BD01212868F7F79CF9A6E700BF36
:10E48000C041C8178083902FE1F5050030B50C46D8
:10E49000054689B000283CD000293AD00121006807
:10E4A000F7F72EFC20700121286801AAF7F792FBEC
:10E4B000194BBDF906200020A2FB03216260BDF9C3
:10E4C0000820A2FB0321A260BDF90A20A2FB0321C0
:10E4D000E260BDF90E20A2FB03212261BDF91020EC
:10E4E000A2FB03216261BDF91220A2FB0321A261FC
:10E4F000BDF91620A2FB0321E261BDF91820A2FBA1
:10E5000003212262BDF91A20A2FB0323626209B033
:10E5100030BD5A20FBE700BFE1F5050008B538B172
:10E5200031B1836A13B14068984718B9002008BD1B
:10E530006E20FCE76F20FAE708B540B139B1C36A35
:10E540001BB109684068984718B9002008BD7820B9
:10E55000FCE77920FAE708B538B131B1036B13B1A4
:10E560004068984718B9002008BD7820FCE779205A
:10E57000FAE708B540B139B1436B1BB1096840688F
:10E58000984718B9002008BD8220FCE78320FAE7ED
:10E5900008B538B131B1836B13B14068984718B9E9
:10E5A000002008BD8220FCE78320FAE708B538B1D7
:10E5B0000068F7F7AEFB022814BF8C20002008BDCE
:10E5C0000120FCE7036C013303647047006C704763
:10E5D000436C013343647047836C01338364704739
:10E5E00008B568B1012906D0022904D000200038FE
:10E5F00018BF012008BD0068F6F765FFC0B2F6E756
:10E600000120F7E738B50D46044608B9952038BD16
:10E610000029FBD00B780068012153B9F6F73BFFC6
:10E620000028F3D16B78206833B10221F6F71BFF85
:10E6300005E0F6F718FFF3E70221F6F72CFF0028B4
:10E64000E4D10020E3E7000008B54FF4157202485A
:10E6500005F013F8002008BDEC9300340048704723
:10E66000EC9300344FF4B0720021014804F06EBD09
:10E670008C9200342DE9F04F05468DB028B9AA4898
:10E680000DB0BDE8F04F04F041BB0068002800F079
:10E69000B480DFF8F092A54C99F80030092B36D8F9
:10E6A000DFE803F0053F4446484A87898B8D012205
:10E6B0006B461146F7F770FA0222012101AB286878
:10E6C000F7F76AFA0322012102AB2868F7F764FA28
:10E6D00001210022009B2846FFF796FB0A460646CA
:10E6E000019B84F87C002846FFF78EFB0222074638
:10E6F00084F87D00029B2846FFF786FB39460246D8
:10E7000084F87E003046FFF7C3FB84F87F0023784F
:10E71000092B63D8DFE803F0747F848688558A8CE0
:10E720008E9083492846FFF7A0FBF0E78149F9E77F
:10E730008149F7E78149F5E701226B461146F7F772
:10E740002BFA0222012101AB2868F7F725FA0322F0
:10E75000012102AB2868F7F71FFA02210022009B73
:10E760002846FFF751FB0122019B84F8B0000746C1
:10E770002846FFF749FB0A46029B84F8B10006468B
:10E780002846FFF741FB84F8B20095F86C3002464A
:10E79000042B02D06A4B1B7B23B93E44324484F8DD
:10E7A000B320B4E731463846FFF772FB84F8B30074
:10E7B000ADE76449B6E76449B4E76449B2E7644940
:10E7C000B0E700234022CDE903325022CDE90723F0
:10E7D0006022CDE905330993CDE90A234FF0010802
:10E7E00003AF5FFA88F63B46324601212868F7F707
:10E7F00031F818B3574804F089FA0DB0BDE8F08F2E
:10E8000000231022CDE90333CDE90723CDE90533F9
:10E8100020220993E0E7504903A8FFF717FBDDE743
:10E820004E49F9E74E49F7E74E49F5E74E49F3E718
:10E830004E49F1E74E49EFE74E49EDE732460121F7
:10E840002868F7F752F8064608B14B48D3E708F1B5
:10E850000108B8F1040F07F10C07C2D194F85881F0
:10E8600099F800B018F0050F0CBF01230023D5F86C
:10E8700040A094F859715B4508BFC4F8E4A017F0B4
:10E88000050F0CBF062305239B457DD1C4F8ECA0E2
:10E8900017F0060F0CBF052309239B451ED1D4F8A2
:10E8A000ECE0BEF1000F19D0344DC4E91DEA05F1CA
:10E8B000780CBCE80F000FC5BCE80F000FC5BCE822
:10E8C0000F000FC52846DCF80030342240F8483BE2
:10E8D000002104F03BFC0023C4E93B3348EA070372
:10E8E0005A070BD5D4F85C3153453FBF28F00408D4
:10E8F00027F0040784F8588184F85971204B94F864
:10E9000058111A7889F8002022781A704B0703D41E
:10E9100094F859315F0761D5531CDBB2092A38BF1F
:10E920001E46267069E700BF9A7111708C92003400
:10E930000C93003418930034249300343093003443
:10E94000EC930034409300344C93003458930034DB
:10E9500064930034B57111708090117074901170CF
:10E96000689011705C90117050901170449011700B
:10E97000389011702C901170E3711170C4920034B2
:10E98000F8000034F900003418F0060F14BF01231A
:10E990000023BBEB830F7FF47BAFD4F8E4E0BEF140
:10E9A000000F3FF475AF2F4DC4E91BEA05F1780C59
:10E9B000BCE80F000FC5BCE80F000FC5BCE80F0096
:10E9C0000FC52846DCF80030342240F8483B0021CF
:10E9D00004F0BCFB0023C4E9393359E7092A36D8CF
:10E9E000DFE802F005353535111D3535352A8D073F
:10E9F00034D4D80734D413F002062BD111F0010F10
:10EA000008BF09268DE7DA072AD413F0020621D1C0
:10EA1000CB0786D411F0020F18BF0126F0E713F0E0
:10EA2000020617D1CF073FF57CAF8D0716D413F040
:10EA3000010F18BF1646E3E7C8070DD489070DD4A8
:10EA4000DA070DD413F0020F18BF0626D8E70132FB
:10EA5000D6B266E7062664E7002662E7012660E78D
:10EA600005265EE7909200342DE9F04700251C4C06
:10EA700005272646A94604F10408D4F8F4A0BAF103
:10EA8000000F16D094F80431022B19D1D4F80021CC
:10EA9000736F9A420DD878224146D4F8FC0004F0F6
:10EAA000ECFDD4F8F800D047002818BF0546C4F89C
:10EAB000F490013F04F11404DFD12846BDE8F0874B
:10EAC000012B03D1D4F80021F36EE2E7032BF0D140
:10EAD000D4F80031F26E9342EBD8726F9342D9E7CB
:10EAE0008C9200342DE9F04391469DF81CC09DF8AE
:10EAF0002050B0B1ABB11E4E4FF0000E34464FF077
:10EB00000508006C099F0744D6F8F4205AB1B8F103
:10EB100001080EF1010E06F11406F5D1AC20BDE896
:10EB2000F0830120FBE71CF0010F04D094F858613A
:10EB30002E4384F858611CF0020F1EBF94F85961EF
:10EB40002E4384F85961042D04BF1E30C4F85C01C3
:10EB5000142000FB0E40C0E93D19C0F8FC3080F8DD
:10EB600004C180F80551C0F800710020D7E700BF4C
:10EB70008C9200340C4B1B68053300EB830001EBD7
:10EB80008301D0ED007A91ED007A77EEC77AF5EE49
:10EB9000C07AF1EE10FA04D4CCBF4FF0FF30002061
:10EBA00070470120704700BF409600342DE9F04FB8
:10EBB000D0F800900C46CA4600270D6885B0053590
:10EBC0004FEA85082368BB4203DC002005B0BDE89E
:10EBD000F08F2B4B48461F6042462A4B616A03F078
:10EBE000DAF956460020626A6A43824208DC002352
:10EBF00050461E469A4230DA01370AF1040AE1E72C
:10EC0000D6ED057AF5EE407AF1EE10FA05EB00024A
:10EC1000464401D11046E6E79346334609EB8000AF
:10EC2000616A69435945F5DD09EB8B01CDE9023293
:10EC3000019000F039FADDE90103D4ED077AB4EE72
:10EC4000E70AF1EE10FAC8BFDFED0F7A039AC8BFEA
:10EC5000C3ED057AAB444344E2E76169B1420ADDA2
:10EC6000D0ED057AF5EE407AF1EE10FA03D00136D8
:10EC70002B444044BEE7DFED047AC0ED057AF7E7A8
:10EC80004096003475EB1070000000002DE9F74F3E
:10EC90000B6817680D4616460468053703B90C6003
:10ECA0004FF000094FF0180BC8464FEA870A14349A
:10ECB000736A7B434B4505DC0020C5F8048003B034
:10ECC000BDE8F08F6A462046316801AB00F013F9C9
:10ECD000DDED007A96ED067AB4EEE77AF1EE10FA01
:10ECE00014D82B6854F8142C0BFB08331A6054F812
:10ECF000102C08F101085A6054F80C2C9A6054F852
:10ED0000082CC3ED047ADA60019A5A61B94454447C
:10ED1000CEE72DE9F04F2DED048B8BB0D1ED027ACB
:10ED2000B7EE007AF8EEE77AC7EE278AD1ED037ADC
:10ED30000025F8EEE77A00230C4687EE279A2E4648
:10ED4000AA4600AF3B620B685A1D9B003A61DA1D70
:10ED500022F00702ADEB020D02681433C7F80CD0A5
:10ED60007A61BB60BD61A368AB4200F3A78000205D
:10ED7000BB692C376362BD46BDEC048BBDE8F08FE8
:10ED80001BED010A00F0F2F85946FB6822680BED12
:10ED9000010A584600F0F6F821685A46002901F1A8
:10EDA0000103B8BF0123013B7AD1584607F1240380
:10EDB00007F1200200F09FF894ED067AD7ED087A6B
:10EDC000B4EEE77AF1EE10FA51D879690AF104034A
:10EDD00001EB830821685BF8042C43460029C8F83E
:10EDE0000020DC4601F10102B8BF01220433013AE0
:10EDF0005FD11BED050A00F0B9F8D7ED077AF8EE00
:10EE0000E77A77EE807A67EEA87A48ED047A1BED10
:10EE1000040A00F0ABF807EE905AF8EEE77A77EEC6
:10EE2000807A67EE897A48ED037A236A1BED030A3C
:10EE300003EBC90393ED008A7B6006F085FE28EEA4
:10EE4000008A28EE288A08ED028A7B681BED020AF8
:10EE500093ED018A06F078FE28EE008A28EE098AF2
:10EE600008ED018A3B699A44BB690133BB61BB6809
:10EE700009F101099B443B691E4463684B453FF718
:10EE80007FAFFB69053E0133FB61FA69E36893429A
:10EE900016DD7B6905364FF0000903EB860BECE7C6
:10EEA00092ED007A5BED017A67EE877AE2EC017A07
:10EEB00079E75CF8041B43F8041B98E70023E3E7B9
:10EEC000013550E7034600205862704770B50E4682
:10EED000114605461446FFF71CFF58B9214628463F
:10EEE000FFF764FE30B9224631462846BDE870403F
:10EEF000FFF7CCBE70BDF0B500246FF40005A6EEA0
:10EF0000104B25EE6E2FCC1CA40811F1040F04F158
:10EF100001042DED048BA4EE105B0F4680EF5480AE
:10EF2000CCBF26460126013E0ED1BDEC048BEEEE91
:10EF3000045F35EE451FA4EE101B37FE056FEAFE99
:10EF4000861F15601960F0BD27F001E871FE4D0FB6
:10EF5000B0EC041F71FE4D0F31EE051F043F33FE70
:10EF6000076F31FE054F22EF4828DCE708B5B1EE08
:10EF7000400A06F0E9FDF7EE007A30EE270A87EE48
:10EF8000800A08BD2DE9F0470F462DED028B14468F
:10EF90001D46064698469A464FF000099FED148A92
:10EFA000A14513DBF7EE007A002C04F1010287EE95
:10EFB000887AB8BF0122013A13D1BDEC028B2946F1
:10EFC0003846A200BDE8F04704F057BBB6EC010A92
:10EFD00006F0BAFD09F10109AAEC010A38EE008A2F
:10EFE000DEE7D8ED007A67EE877AE8EC017AE2E7AF
:10EFF00000000000F6EE007A60EEA70A61EEA71AA4
:10F0000030EE607A71EE617A70EE800AB4EE677A63
:10F0100031EE811AF1EE10FAF4EE410A77FE277A0A
:10F02000F1EE10FA48BFB0EE601A31EE670A704791
:10F03000D1ED021A91ED001AD0ED020A90ED000A0E
:10F0400008B5FFF7D7FFB5EEC00AF1EE10FAF0EE03
:10F05000406A11D4D1ED031A91ED011AD0ED030AE3
:10F0600090ED010AFFF7C6FFB5EEC00AF1EE10FA07
:10F0700002D426EE800A08BD9FED010AFBE700BF1F
:10F080000000000010B5FFF7D3FF91ED037AD1ED3A
:10F09000027AD0ED026A67EE877A90ED037AE6EEA7
:10F0A000877A37EEC00A10BD08B5FFF7C1FFB5EE8D
:10F0B000400AF1EE10FAB0EE406A0BD0FFF7E2FF23
:10F0C000B5EE400AF1EE10FAF0EE407A02D086EE8C
:10F0D000270A08BD9FED010AFBE700BF0000000002
:10F0E00008B500F041FD00F09FFF00230C4A1360BB
:10F0F0000C4A13600C4A13600C4A13600C4A1360EC
:10F100000C4A13600C4A13600C4A13600C4A1360DB
:10F110000C4A13600C4A13600C4A136008BD00BF10
:10F1200074960034709600346C96003468960034FF
:10F13000649600346096003454960034509600343F
:10F140004C960034489600345C960034589600344F
:10F1500010B50F4C236813F10F3F0AD04FF0F03376
:10F160002360F1F715FBFFF7BBFF0A4A1368013371
:10F1700013604FF0F0332360074B1868F4F7B8F8CA
:10F180000023236001F096FABDE81040F1F744BB7C
:10F19000FC00003480960034449600344FF0F03385
:10F1A00010B5064C2360F1F7F3FAFFF799FF044A14
:10F1B000136801331360034B236010BDFC0000345F
:10F1C00080960034F1F0F0F010B5EFF3108472B6D1
:10F1D000184B826E9A422AD1D0F8BC308B4226D18D
:10F1E000C36E23B31968144A914220D1DA69F2B18F
:10F1F0000021013A8166DA610AB99A6106E0D0E934
:10F200001C2151670A6799698142F6D0036B0D2B67
:10F210000DD11D23094AC0F88430136801331360EF
:10F2200084F3108800F066FDEFF3108472B684F367
:10F23000108810BDC9F110704554554D80960034AA
:10F2400070B50546EFF3108372B601260C4C2268A8
:10F2500001322260D5F8A40058B1866083F310888B
:10F2600000F0BAF9EFF3108372B6D5F8A420002AA3
:10F27000F0D12268013A226083F3108870BD00BF8C
:10F280008096003470B504460E461546002134229F
:10F2900003F05CFF66602561EFF3108572B60C4BDE
:10F2A0000C4A23600C490D4B1A600B680C4A43B999
:10F2B000C4E90844146001330B6085F31088002012
:10F2C00070BD1268506A54620462C4E90820F2E713
:10F2D0004554554D41F21070589600347C960034D8
:10F2E0005C9600342DE9F843EFF3108272B60023E8
:10F2F000244903600B68013B0B6023490BB90B6089
:10F3000006E0D0E908345C6223620C688442F6D0DF
:10F310001E4C85692368C66901332360002383611D
:10F32000C361C36843B10123836082F3108800F096
:10F3300053F9EFF3108272B682F3108800274FF072
:10F34000010866B9EFF3108272B62368013B2360AF
:10F3500082F3108800F0B0FC3046BDE8F883013E2F
:10F36000EFF3108272B62368D5F870900133AF6660
:10F37000C5F88480236082F31088284600F0BAFC28
:10F380004D46DEE7589600345C9600348096003493
:10F39000F8B50346EFF3108272B637489D680468EB
:10F3A00005BB0121C3E902149CB11969012901BF00
:10F3B000E16A596120219962D4F8A41069B1086BFF
:10F3C0000B63C362C3E90B10D4F8A0300133C4F857
:10F3D000A03082F310880020F8BDC4F8A430C3E93F
:10F3E0000B33F1E7D868A04202D101359D60F0E708
:10F3F00011B1224E35681DB182F310881D20EBE754
:10F400001F4DC4E91A53D4F8BC500135C4F8BC50A0
:10F41000DD693DBB9C61C4E91C440135DD610D25FE
:10F4200025630125E1643168A5632944316082F3D5
:10F4300010881A69AA420FD1E16A9A6A8A4288BF83
:10F440009962D0F89C309942C36A38BFC0F89C10CA
:10F45000994201D200F060F8204600F0CBFCD4F8CD
:10F460008400B9E79F69D7F874C02767C4F874C0EF
:10F47000CCF870407C67D0E71C970034809600344D
:10F48000C9F11070F8B5EFF3108472B6C669012E99
:10F4900003D884F310880020F8BD8369022E196F09
:10F4A000DA6ACD6A03D1954238BF8161F1E79C46A3
:10F4B000184D2A6801322A60DA6ACF6A974238BF4B
:10F4C0000B4684F31088EFF3108472B68269C76923
:10F4D00062451BD1B74219D1096F8A4214D12968FC
:10F4E0009A4201F1FF31296009D0D3E91C516967C3
:10F4F0000D67516FC3E91C210B675367836184F368
:10F50000108800F0D9FBC6E79446D5E73E4613467F
:10F51000116FE2E7809600342DE9F84304460D466A
:10F52000EFF3108272B6016B51B1D0F89830C5621A
:10F53000AB4294BFC363C56382F31088BDE8F88310
:10F54000214E224F3368D7F80090023333600E23E8
:10F550000126D0F82C8003638663C16482F310888F
:10F5600000F048FCEFF3108372B6D4F89820E562FF
:10F57000AA4294BFE263E56383F31088204600F05B
:10F58000B9FBEFF3108072B63A6894420DD0236B4A
:10F590005BB9E36AD16A8B420AD84C4505D1A845CC
:10F5A0003C6002D20A4A42F8234080F31088C5E743
:10F5B000E26B9342F9D99142F1D2064A9E40136818
:10F5C00033431360F1E700BF80960034189700348E
:10F5D00084960034089700342DE9F0410446EFF397
:10F5E0001082114672B6806838B16B4DE3682D68A1
:10F5F000AB4207D0694D2D6825B982F310881E20D3
:10F60000BDE8F0810138A06018B182F310880020B5
:10F61000F6E7002BF9D0D3F8A0000138C3F8A0001A
:10F6200010B9C3F8A40007E0D4E90B050563E8624C
:10F63000D3F8A450A542F4D0A569206915B908B93A
:10F64000E060E2E70128D3F89470544D1ED1296898
:10F650000131296082F31088D3F8A41020200A46D3
:10F660004AB11669012E03D1966AB04228BF3046CE
:10F67000D26A9142F4D1EFF3108172B6874228BF6B
:10F6800007462A68C3F89C00013A2A60E369012B07
:10F6900010D92369012B0DD12B6801332B6081F325
:10F6A00010882046FFF7EEFEEFF3108172B62B684C
:10F6B000013B2B60A669D6B92B6801332B6081F31F
:10F6C00010882023E068A362C36ABB4202D0394697
:10F6D000FFF722FFEFF3108272B62B68013B2B601D
:10F6E0000023E36082F3108800F0E6FA8FE72369D5
:10F6F000012B09BFF36A4FF000086361202308BFA4
:10F70000A362D6F8A03008BFD4F80C80002B34D107
:10F71000C6F8A440C4E90B440133C6F8A030012365
:10F72000C4E90236E369013BE36173BBA3610023D3
:10F73000B366C6F884302B6801332B6081F31088E0
:10F740002369012B15D1E3695BB12046FFF79AFECF
:10F75000EFF3108272B6A3690BB1DB6AA36282F386
:10F760001088D8F82C30BB4203D039464046FFF70A
:10F77000D3FE304600F0BEFA49E7D6F8A420106B5D
:10F780001463C462C4E90B20C6E7336F726FA361D0
:10F790005A671367CBE700BF1C970034809600348C
:10F7A00038B50446EFF3108272B603697BB98368FB
:10F7B0008B4203D382F31088212038BD013383604C
:10F7C000C36982F3108803B198470020F5E7C06849
:10F7D000013B1DBF016F456FE160E3601CBF4D67DA
:10F7E00029672361002308498366C0F884300B68C9
:10F7F000E56901330B6082F3108800F07BFA002D7D
:10F80000E3D02046A847E0E78096003410B5EFF338
:10F81000108472B6184B826E9A422AD1D0F8BC304E
:10F820008B4226D1C36E23B31968144A914220D16A
:10F830001A69F2B10021013A81661A610AB9DA60E7
:10F8400006E0D0E91C2151670A67D9688142F6D0E9
:10F85000036B062B0DD10D23094AC0F884301368C1
:10F860000133136084F3108800F044FAEFF310843E
:10F8700072B684F3108810BD0DF81070414D4553D9
:10F880008096003470B504460E46154600212022AD
:10F8900003F05CFCC4E90165EFF3108572B60B4B15
:10F8A0000B4923600B680B4A43B9C4E90544146053
:10F8B00001330B6085F31088002070BD12689069D9
:10F8C00094614461C4E90520F2E700BF414D45530E
:10F8D000709600347496003403462DE9F041EFF33E
:10F8E000108772B600221E4902600A68013A0A6057
:10F8F0001C490AB90A6006E0D0E90520906142611E
:10F9000008689842F6D00026174CD86822681D690E
:10F9100001322260DE601E6187F31088012765B91D
:10F92000EFF3108272B62368013B236082F31088E4
:10F9300000F0C2F92846BDE8F081013DEFF31082E6
:10F9400072B62368D0F8708001338666C0F8847080
:10F95000236082F3108800F0CDF94046DFE700BF56
:10F96000709600347496003480960034F8B5EFF346
:10F97000108372B682682AB1013A826083F31088DC
:10F980000020F8BD11B1174D2A681AB183F3108811
:10F990000D20F6E7144A1468144AC4E91A20D4F872
:10F9A000BC200132C4F8BC200269A2B9C460C4E919
:10F9B0001C4401320261062222630122A2632A68EA
:10F9C000E16401322A6083F31088204600F012FAC5
:10F9D000D4F88400D5E7C668776F266767673C6709
:10F9E0007467E6E7809600341C9700340DF81070B9
:10F9F00070B50446EFF3108172B60369C56943B967
:10FA000083680133836081F3108805B1A847002023
:10FA100070BDC068013B1DBF026F466FE260E360CE
:10FA20001CBF5667326723610023074A8366C0F80C
:10FA3000843013680133136081F3108800F05AF9A1
:10FA4000002DE4D02046E1E7809600342DE9F84F00
:10FA50000446DDE90A5688461746EF213246284615
:10FA60009946DDF830B0DDF838A003F06FFBC02216
:10FA70000021204603F06AFB2023C4F89C300D9B34
:10FA80006661E363C4F898300323013E23632E4B81
:10FA9000E56035442046C4E91179C4E906AAC4E901
:10FAA00015342A49C4F82880C4F82CB0C4F894B09E
:10FAB0002561F0F721FFEFF3108172B6244B254842
:10FAC00023600368244A23BBC4E922441460013341
:10FAD0000360224B1A6801321A600F9A012A25D15D
:10FAE000EFF305821E4B1B681343B3F1F03F1AD3AB
:10FAF0001C4B1D682E4615B1EB6AEE6BEB6381F370
:10FB00001088204600F0F6F805B1EE630020BDE84D
:10FB1000F88F1268D2F88C50C2F88C40C5F8884033
:10FB2000C4E92225D3E700263546E8E781F31088AB
:10FB3000EFF3108172B61A68013A1A6081F31088E7
:10FB400000F0BAF8E2E700BFB5FF1070D9FB107003
:10FB5000445248541097003414970034809600346F
:10FB6000FC0000341897003410B5002420220F4BFD
:10FB700021461C600E4B0F481C600F4B1C600F4B46
:10FB80001C600F4B1A60802203F0E0FA0D4B0E4A06
:10FB90001C600E4B1C600E4B1C600E4B1C601368EF
:10FBA00043F0807343F08003136010BD1C97003452
:10FBB00018970034849600340C970034089700346A
:10FBC000049700341497003478960034109700346A
:10FBD000809600347C96003438B5194B1C68EFF3DE
:10FBE000108272B6D4F8AC3082F3108813B10021C1
:10FBF00020469847D4E911309847124B1B680BB147
:10FC000020469847EFF3108572B6002301210E4875
:10FC1000E3640368D4F8AC200B442163A163036060
:10FC200085F31088EFF3148323F0040383F314881F
:10FC30000AB1204690472046BDE8384000F0DAB8C7
:10FC40001C9700347C9600348096003438B5EFF36E
:10FC5000108372B6144A14681CB983F310881320F9
:10FC600038BDEFF30581114A12680A43F5D1104AF5
:10FC70009442F2D010B983F31088F1E70D4A11686D
:10FC80000029EAD1042525630125C4F884101168F0
:10FC9000A5632944E064116083F31088204600F0D6
:10FCA000A9F8D4F88400DBE71C970034FC0000348A
:10FCB000389B0034809600340B4B1B689BB90B4B70
:10FCC0001A680B4B1B689A420DD04FF0E0234FF09F
:10FCD0008052C3F8042DEFF3058323B9EFF31083AB
:10FCE00062B683F310887047809600341C97003406
:10FCF00018970034F8B50446EFF3108572B6436EDA
:10FD0000002B32D04C3000F023FA334AA06B13683A
:10FD10003249013B1360236B002854D1EBB1636B74
:10FD2000002B4BD12E4E2363E36A56F823000028A4
:10FD30003ED101202B4F46F823403E6800FA03FCD9
:10FD400046EA0C063E60284EC4E9084437689F42E4
:10FD500003D933600E6856B90C60244B1B6885F3D9
:10FD600010880968994210D1F8BDC364CDE7F76BDC
:10FD70009F42F2D9F36A9F4204D01D4E98403368E7
:10FD8000034333600C6085F310881368002BEBD1BC
:10FD90004FF0E0234FF08052C3F8042DEFF30583BA
:10FDA000002BE1D1EFF3108362B683F31088DBE719
:10FDB000436A1C624462C4E90803CEE7002363631C
:10FDC00003232363C9E7013B012BC6D9636B002BD7
:10FDD000F4D1A363F5E700BF809600341897003490
:10FDE000849600340C970034049700341C97003438
:10FDF00008970034F8B5504B04461E68EFF31085A1
:10FE000072B686420AD1F36C013B033303D806F184
:10FE10004C0000F073F9E269484B1A60484A4948BF
:10FE20001368013B1360A36B012B7ED10021D4F832
:10FE300020E0D4F82CC07445434FA16340D0616AE0
:10FE4000CEF82410C1F820E057F82C10A1420CD1B4
:10FE500047F82CE0DFF8F8E0DEF8001029B103FAEB
:10FE60000CF321EA0301CEF800100368A3425CD131
:10FE7000364E374C336857F8233003602368002B25
:10FE80003AD013680133136085F31088EFF31085BF
:10FE900072B61368D4F800C0013B13609CFAACF151
:10FEA000B1FA81F157F821703668FB6BB34223D861
:10FEB0000760012000FA01F12CEA010323601BE036
:10FEC000DFF890E047F82C1003FA0CF1DEF8003070
:10FED0006FEA010C23EA0103CEF80030DFF870E08E
:10FEE000DEF8001019B10CEA0101CEF80010174934
:10FEF000ABB9202403600C6085F310881368CBB97C
:10FF00004FF0E0234FF08052C3F8042DEFF3058348
:10FF100083B9EFF3108362B683F310880AE093FA93
:10FF2000A3F3B3FA83F30B609FE785F310880368AC
:10FF3000B342E3D1F8BD00BF1C97003424970034CE
:10FF40008096003418970034849600340497003467
:10FF5000089700340C970034104B1B68EFF31080A7
:10FF600072B600210E4A1160ABB11A6B9AB9DA6908
:10FF70000C499A610A60196A99420CD0DA6ADB6B03
:10FF80009A4208D1084B43F82210084A126853F8E5
:10FF90002220074B1A6080F3108870471C970034AA
:10FFA000949C0034249700348496003404970034E1
:10FFB0001897003410B4EFF3108472B6026B042A61
:10FFC00009D10B4A13680133136084F310885DF87C
:10FFD000044BFFF78FBE826ED0F8BC1084F31088FC
:10FFE00012B15DF8044B10475DF8044B704700BF39
:10FFF00080960034EFF3108372B6024A106883F3E0
:02000004701179
:1000000010887047989C0034EFF3108172B6044A50
:1000100013680133136081F310880248FFF76ABE4A
:1000200080960034389B00342DE9F0430024204BA7
:1000300087B01C601F4B80221C601F4B21461C6038
:100040001E4B1F4D1C601F4B1F4F1C601F4B204E33
:10005000184603F07BF803461E4A803310601E4AA0
:100060003C6010601D4ADFF88C9013601C4BDFF879
:1000700088802B604FF480631A4C3360002338680B
:10008000CDE90433CDE902003368424601932B6881
:100090002146009314484B46FFF7D8FC0028EDD1C9
:1000A000124B1860124B186007B0BDE8F08300BF18
:1000B000989C003424970034949C0034049C0034B1
:1000C000309B0034F89B0034289B0034149C00348F
:1000D0002C9B0034109C0034089C00340C9C003491
:1000E0002897003414721170389B0034009C00343F
:1000F000FC9B00344D4954417D01117003685A1E28
:10010000033217D88269AAB9202B28BF20235A1E90
:100110000C4B1B6803EB82030B4A12689A429FBF89
:100120009B1A0A4A12689B181A6822B9C0E904008F
:10013000186083617047516908615061C0E904210A
:10014000F7E700BF089C00340C9C0034109C00347E
:1001500083694BB10269904207D11A68824201D18A
:1001600000221A60002383617047416951610A616E
:1001700019688142F6D19361F3E700003E4B2DE907
:10018000F74F984275D100252F46A9463B4EDFF820
:100190000081EFF3108172B633681A6800920AB1D9
:1001A000C2F818D0364A43F8047B12683360934291
:1001B00008BF344BC8F8009004BF1B68336081F35C
:1001C0001088EFF3108272B6DFF8C8A0009C8CB9DB
:1001D000D8F80030002B49D103232B482B49036367
:1001E000012383630B6801330B6082F31088FFF7F0
:1001F00001FECEE72369CDF804909C420CBF00239A
:10020000616900931EBF59610B61C3F818D0236860
:10021000202B1FD9203B236001ABA3610023246165
:100220000194CAF8004082F310880BB12846984721
:10023000EFF3108B72B6019BCAF80070A34203D192
:100240002046A761FFF75AFF8BF31088EFF3108267
:1002500072B6BBE76168D4E90235216021B101A91A
:10026000A16124610194DCE7A161DAE782F31088DF
:100270008FE703B0BDE8F08F4D495441089C00342E
:100280000C9C0034109C0034389B00348096003461
:10029000049C0034F89B0034F8B50F46154604461C
:1002A00008B91C20F8BD342BFBD1EFF3108172B6D6
:1002B0001F4A13680133136081F310881D4B1E68B9
:1002C0001D4B1B680133013B01D0A64229D1EFF33E
:1002D000108172B61368013B136081F31088FFF739
:1002E000EBFCA642DDD0012D1DD8144B1A68144B2F
:1002F0009A420CBF13210021EFF30580114B1A68BD
:10030000024306D0EFF305821B681343B3F1F03FBD
:100310000BD351B92A4639462046BDE8F840FEF7CE
:10032000B1BF366ACFE71F20BCE71320BAE700BF92
:10033000809600345C960034589600341C97003444
:10034000389B0034FC00003480B10268094B9A42AB
:100350000CD1EFF30582084B1B68134308D1074B00
:100360001A68074B9A4203D0FEF7BCBF1C207047A7
:10037000132070474554554DFC0000341C97003441
:10038000389B003410B4F8B10268134B9A421BD169
:10039000124B49B1EFF305841A68224318D1104A71
:1003A0001468104A944213D0EFF305841A6822436C
:1003B00006D0EFF305821B681343B3F1F03F09D376
:1003C0005DF8044BFEF7E4BF1C205DF8044B70475A
:1003D0000420FAE71320F8E74554554DFC0000349B
:1003E0001C970034389B003490B102680A4B9A4243
:1003F0000ED1EFF30581094B1A680A4306D0EFF3DB
:1004000005821B681343B3F1F03F03D3FFF7E4B851
:100410001C207047132070474554554DFC00003494
:1004200010B440B10468074B9C4204D139B15DF867
:10043000044BFFF7B5B90C205DF8044B7047222040
:10044000FAE700BF414D4553F8B50E46174604463E
:1004500008B90C20F8BD202BFBD1EFF3108272B647
:100460001B4803680133036082F31088194B1D6831
:10047000194B1B680133013B01D0A54224D1EFF396
:10048000108272B60368013B036082F31088FFF7A5
:1004900013FCA542DDD0114B1A68114B9A4215D0BE
:1004A000EFF305810F4B1A680A4306D0EFF305827C
:1004B0001B681343B3F1F03F08D33A463146204658
:1004C000BDE8F840FFF7DEB96D69D4E71320C1E756
:1004D0008096003474960034709600341C97003473
:1004E000389B0034FC00003480B10268094B9A420A
:1004F0000CD1EFF30582084B1B68134308D1074B5F
:100500001A68074B9A4203D0FFF7E6B90C207047F0
:1005100013207047414D4553FC0000341C970034B4
:10052000389B003488B102680A4B9A420DD151B110
:10053000EFF30582084B1B68134308D1074B1A6879
:10054000074B9A4203D0FFF711BA0C2070470420E2
:10055000704700BF414D4553FC0000341C970034E8
:10056000389B003428B10268034B9A4201D1FFF74F
:100570003FBA0C20704700BF414D45532DE9F04F65
:1005800085B00293129B1746DDE90E48DDE9109A0B
:1005900003930646DDE913B3019118B90E2005B0A7
:1005A000BDE8F08FC02BF9D1EFF3108172B63B4A52
:1005B00013680133136081F310880020384B08F171
:1005C000FF3C1D68374BA4441B6803F1010EBEF1CC
:1005D000010E01D0B54240D1EFF3108172B613681D
:1005E000013B136081F31088FFF766FBB542D5D05D
:1005F000002C46D0002F44D0B8F1C70F43D9B9F131
:100600001F0F42D8D14542D3BBF1010F41D8264B31
:100610001A68264B9A420CBF13220022EFF3058082
:10062000234B1968014306D0EFF305811B680B4388
:10063000B3F1F03F2FD372BB3A463046039B01998A
:10064000CDE911A3029BCDE90F89CDF84CB00E94F2
:1006500005B0BDE8F04FFFF7F9B90128BCD0E96853
:10066000A14204D82B69A34284BF01200024614524
:1006700004D82969614584BF01200024D5F8885039
:10068000A5E703208BE7052089E70F2087E71820DF
:1006900085E7102083E7132081E700BF80960034B0
:1006A00014970034109700341C970034389B0034A2
:1006B000FC0000340122034B1A60034B5A68034BC1
:1006C0001A6070479C9C0034001000E0A09C00342D
:1006D0000F4B30B559680F4B0F4D1B68C3F8B8105E
:1006E0002B68A3B10D4B0E481B680024C91AD0E932
:1006F00000325B1852F1000228BF0124002C1CBFFD
:100700004FF0FF330022C0E9003200232B6030BDE0
:10071000001000E01C9700349C9C0034A09C003426
:10072000A89C00341B4B10B51968002930D01A4B17
:100730005868D1F8B8300BB30024C01AD1E92C3274
:100740001B1852F10002C1F8B84028BF0124002C48
:100750001CBF4FF0FF330022C1E92C320F490024A7
:10076000D1E900321B1852F1000228BF0124002CED
:100770001CBF4FF0FF330022C1E90032084B1B6859
:1007800033B9054B5A68074B1A600122064B1A60B1
:1007900010BD00BF1C970034001000E0C09C003466
:1007A00018970034A09C00349C9C0034F0B5EFF303
:1007B0000586254B1B681E43012E2BD1234B586801
:1007C000234B1B683BB3D3F8B8400CB3D3E92C21BF
:1007D0000025041B121951F10001C3F8B85028BFBD
:1007E0003546002D1CBF4FF0FF320021C3E92C21FC
:1007F00018490025D1E900321B1952F1000228BF27
:100800000125002D1CBF4FF0FF330022C1E900324B
:10081000114B1860F0BD114F3A68002AF8D0104A09
:10082000104C1568D4E90021451B521951F1000103
:1008300028BF3346002B1CBF4FF0FF32002100239E
:10084000C4E900213B60E3E7FC000034001000E055
:100850001C970034C09C0034B09C00349C9C003435
:10086000A09C0034A89C003470B5EFF305841C4BA9
:100870001B681C43012C23D11A4B002559681A4BC5
:100880001A684B1E881A9142A3EB020328BF034645
:100890001648D0E900629B1952F1000228BF254694
:1008A000002D1CBF4FF0FF330022C0E90032104B77
:1008B000104A1B6812684BB1934202D1C3F8B810BA
:1008C00070BD0D48006808B1C3F8B810002AF7D110
:1008D000044B5A68094B1A600122094B1A60EFE772
:1008E000FC000034001000E0B09C0034B89C0034E0
:1008F0001C9700341897003480960034A09C003474
:100900009C9C0034034BD3E90023C0E90023002062
:10091000704700BFC09C0034034BD3E90023C0E9FB
:1009200000230020704700BFB89C0034034BD3E97C
:100930000023C0E900230020704700BFA89C0034BA
:1009400001490248FAF73CBC806D2034C06720346E
:1009500030B5254CAFB02068D22500F5B85100F570
:10096000B750FAF72DFCB422002101A802F0EEFBEB
:1009700040F2BE5107222A231E20CDE90615CDE9FB
:100980000222CDE90D228DF804300A910123119144
:1009900078224FF45271CDE90403CDE90803CDE983
:1009A0000F03CDE91212042041F2F862CDE91402DE
:1009B00022680E4D16920E4A01A8219230328DF80F
:1009C00030308DF85C301C938DF8883027932C9252
:1009D0008DF8B4300B95FBF7E9FC206800F5B851B1
:1009E000FAF718FC2FB030BDC8510134C06720346D
:1009F000E0D3C87040B911F01F0007D1B2F5133F22
:100A000006D3044B196070470320704701207047DC
:100A100002207047CC51013410B9024B186870475E
:100A200000207047CC51013448B911F01F0008D1A3
:100A300041F2F7639A4206D9044B196070470320CC
:100A40007047012070470220704700BFC851013431
:100A500010B9024B1868704700207047C851013424
:100A600000220E4B13B50E490E481A60FAF710FC1F
:100A700042F63E530B490C4801AA0193FAF710FCC9
:100A8000044640B10848FAF755FC084B0449186081
:100A90000448FAF7BFFB204602B010BDC89C0034E2
:100AA000C8510134D09C003460E41170CC9C0034F7
:100AB00013B50B490B48FAF7EBFB0B4B0B480093B4
:100AC0000B4B00221B6807490068FAF747FC0446F5
:100AD00018B103490348FAF79DFB204602B010BD48
:100AE000C8510134D09C0034C89C0034CC9C0034E4
:100AF000CC51013400487047F4E31170004870474E
:100B000004D911700048704734991170004870473B
:100B10002C93117070B50025144C0368026A236091
:100B20004368226263608368426AA360C368104EB0
:100B3000E3600369626223614369826A6361836976
:100B400006F11401A361C369C6E903552846E361B0
:100B5000A2629847236A06F118012846984728465A
:100B6000A36A06F11C01BDE870401847D05101345A
:100B7000FC51013470B5104E0546736ADBB10F4C61
:100B8000014620699847B0B904EB4511F369206923
:100B9000E56014319847E168336A04EB411120693C
:100BA00018319847E168B36A04EB411120691C31A0
:100BB000BDE87040184770BDD0510134FC5101347C
:100BC000024AD3685B01D050704700BFFC5101342A
:100BD000024BDA6803EB421398607047FC51013412
:100BE000024BDA6803EB421398687047FC510134FA
:100BF00013B5049CCDE90034044B5C6813460A46E7
:100C0000014603480069A04702B010BDD05101342D
:100C1000FC510134F7B5194C0646E06804EB40106E
:100C2000C7691748022F8568206910D15C091F0A1F
:100C300004F4FC6407F478473C43C3F3C4031C4347
:100C4000009413460A463146A84703B0F0BDE46954
:100C5000012C03D123F07F430093F2E7042FFBD153
:100C60001F0FC3F3031444EA07341F0A07F0F00709
:100C70001B0B3C4303F47063E1E700BFFC510134FC
:100C8000D0510134F7B5194C0646E06804EB40102A
:100C9000C7691748022FC568206910D15C091F0A6F
:100CA00004F4FC6407F478473C43C3F3C4031C43D7
:100CB000009413460A463146A84703B0F0BDE469E4
:100CC000012C03D123F07F430093F2E7042FFBD1E3
:100CD0001F0FC3F3031444EA07341F0A07F0F00799
:100CE0001B0B3C4303F47063E1E700BFFC5101348C
:100CF000D05101342DE9F04FDFF8E081A3B0D8F8EE
:100D00000C30089108EB431399680590CB888C88C8
:100D10000793E31D23F007000390D808069004EB27
:100D2000440009900898203A0130049007980D6813
:100D30004243DB1003FB0255049B089A591E9B1A81
:100D4000079A013B9A4202D823B0BDE8F08F06987B
:100D50002B7801281A4604D0022827D12A8852BAB3
:100D600092B2D8F80C0008EB4010C769022F3CD1B2
:100D70004FF0010C039B4FF0000E03F1FF3A634666
:100D8000744504EB030608BF66460DF12809013ED1
:100D900013D1CDF800C0234605980AAAFFF728FF13
:100DA000049B01330493069B1D44C5E76A781B042A
:100DB00043EA0223AA781A43D3E7AAEB0E030CFAFC
:100DC00003F3134214BF076847680EF1010EC7F31F
:100DD000C4034FEAD74B7F0943EACB2307F4FC67F0
:100DE0003B439BB229F8023BD1E7012F26D14FF0BC
:100DF000000C4FF0030B039B0AAE03F1FF3A099B73
:100E00009C4502D301230093C5E7BCFBFBF3AAEB8F
:100E1000030307FA03F3134214BF036843680CF19A
:100E2000030C5FFA83F9C3F3072EC3F3074386F875
:100E3000009086F801E0B3700336E0E7042F1FD07E
:100E40004FF0010A00275646039BBC4203F1FF3BCB
:100E500004EB060314BF9C46D4460DF12809BCF1EF
:100E6000010CCFD0ABEB070E43680AFA0EFE1EEA68
:100E7000020F066808BF1E46013749F8046BEEE70B
:100E80004FF0010C039B4FF0000E03F1FF3B634654
:100E9000744504EB030608BF66460DF1280A013EBF
:100EA0003FF477AFABEB0E030CFA03F3134214BF1E
:100EB000076847680EF1010E3B0FC7F3031949EAB3
:100EC00003393B0A03F0F0033F0B49EA030307F43D
:100ED00070673B432AF8023BE1E700BFFC51013455
:100EE0002DE9F843DFF888800546104699461646F6
:100EF0000F46F0F74BFCD8F80C30B9F1010F08EBB6
:100F000043139A685C699288B4FBF2F4A4EB000482
:100F100002FB04F41BD0641BB9F1020F08BF254685
:100F200047F6FE736A1E9A4288BF01250024D8F84E
:100F30000C30325D08EB431399685B69898804FBC8
:100F400011339BB2994200D822B9BDE8F88305EB72
:100F50005405E5E728463946FFF7CCFED8F80C30B3
:100F6000013408EB43139B689B881D44DFE700BFF7
:100F7000FC5101342DE9F0411F460E46054614464A
:100F8000DDF818804346FFF745FE791E43462246AA
:100F900028463144FFF73EFE013C43463A4631467F
:100FA0002846FFF76FFE43463A4631466019BDE8D2
:100FB000F041FFF767BE0000F7B51D4D0746E86832
:100FC000089C05EB4010D0F81CC01A48BCF1020F79
:100FD000066928690CD165094FEA142C05F4FC65F3
:100FE0000CF4784C45EA0C05C4F3C4042C4304E02B
:100FF000ED69012D09D124F07F44CDE90034134679
:101000000A463946B04703B0F0BDBCF1040FF4D135
:101010004FEA147CC4F3031545EA0C354FEA142C4F
:101020000CF0F00C240B45EA0C0504F47064DDE7C9
:10103000FC510134D051013407B50021064AD36870
:10104000009002EB43120846D2E90523FFF7B4FFF4
:1010500003B05DF804FB00BFFC51013482691388C2
:10106000002B48D05268516801B10968012B00F08B
:101070004781F0B5106983B000B100688B68012426
:101080001A0A11D04FEA820EAEF1040E4FEA9E0EFC
:10109000A6444EF001E0CB6803EB820353F8042D25
:1010A00002FB04F40FF007C08A6985691368C3F373
:1010B000434CBCF1010F20D00E68AD68002E3AD031
:1010C00071689068C3F3C052002900F0998073885A
:1010D000002B00F082800B6893ED000A4B68002A19
:1010E00000F09A8093F900302246294603B0BDE80B
:1010F000F04000F009B95B68FFDE06689068002EDA
:1011000000F092802B687268A968C3F3C053002A6C
:1011100067D07588002D69D0156895ED000A002B01
:1011200000F0E380536893F90030224603B0BDE835
:10113000F04000F0EDB8C3F3C61103F07F068E1B3C
:101140004036C3F3C0530829906829462246A6EBCF
:10115000030600F0BC8000F055FDE6B307EE906A90
:10116000B0EE000AF8EEE70A04F07AFD9CB3631EC5
:10117000022B40F2C18010EE103AA208A4EE103B00
:1011800042F001E02B4693ED007F1A4606FF546DB6
:10119000103382ED007F0FF00BC024F003039C425C
:1011A00005EB830517D0D5ED007A67EE807A5A1CDF
:1011B0009442C5ED007A0ED9D5ED017A67EE807ABA
:1011C00002339C42C5ED017A05D9D5ED027A67EE6E
:1011D000807AC5ED027A03B0F0BD9AB1B7EE000A8D
:1011E00082E72BB1B7EE000A13469EE7002B7FD1B2
:1011F000B7EE000A224603B0BDE8F04000F08AB81E
:10120000002A67D1B7EE000A00232246294603B020
:10121000BDE8F04000F07AB8224629461B7803B0BA
:10122000BDE8F04000F072B82A68C2F3C61702F0B9
:101230007F03FB1A4033C2F3C0529B1A3ED05B427D
:1012400000EE903AB0EE000AF8EEE00A019004F0E9
:1012500007FD019894B3631E022B4FD910EE102A9C
:10126000A30843F001E0A4EE102B034693ED007FAA
:101270001A4606FF546D103382ED007F0FF00BC04D
:1012800024F00306A64200EB860317D0D3ED007AC4
:1012900067EE807A721CA242C3ED007A0ED2D3EDC3
:1012A000017A67EE807A0236B442C3ED017A05D93D
:1012B000D3ED027A67EE807AC3ED027A082F0DD063
:1012C0002246A96803B0BDE8F04000F005BA00F07E
:1012D000DBFC42E7B7EE000A0B4605E72246A968A9
:1012E00003B0BDE8F04000F0CBBA53681B7881E74B
:1012F000B7EE000A2B4618E7002354E70346C5E77C
:1013000000235B68FFDE00BF00F006B800F03AB8CB
:1013100000F05EB800F054B9002A31DD70B58518D0
:10132000501E20F00300161F4FEA920C10EE104AD8
:10133000361A0CF1010C08E00846964271FE4D0F7A
:1013400080ED007F01F1100119D022F001E8A81A08
:1013500071FE4D0F90ED006F26EE637FBBFF46667A
:10136000BCF1010CFDEE10EA37EE646EA2F104024E
:10137000E2D1EDEE10EA71FE4D0F81ED007F70BD00
:10138000704700BF002A22DD30B502F1FF3E4FEA70
:101390009E0E0EF1010E10EE105A4EF001E0841870
:1013A00022F001E8A01A71FE4D0F90FD006F26EEAD
:1013B000637FBBFF4666084637EE656E043A71FEF2
:1013C0004D0F80ED007F10310FF017C030BD70471A
:1013D000F7EE007A07EE103AC7EE807AB8EEC77AD9
:1013E00017EE90CA00B52DED108B17EE103AA8EE4F
:1013F00010CB9DB0A0EE103B002A10AB83ED009FF8
:101400006ADD0F2A6DDDA2F1100C4FEA1C130133C7
:10141000BCF1000F4FF0010E9FED612B9FED623B81
:10142000A8BF9E4614AB9FED624B9FED635B4EF0F1
:1014300001E022EF526183ED009F90FC019F90FC40
:10144000219F90FC419FB0FC619F6B468DEC108BFF
:1014500093ED00DF14AB93ED00FF20EF50A10CEFF4
:101460005EACBBFF4AA004AB93ED00DF37EE0B6E22
:1014700020EF50A10CEF5EACBBFF4AA008AB37EEEB
:101480000B2E20EF50C193ED00BF0CAB0AEF5ECCEA
:1014900093ED009F20EF50A1BBFF4CC008EF5EAC66
:1014A00037EE0D7EBBFF4AA033EE074E37EE0B3E04
:1014B00002F001E88C4633EE035E103171FE4D0FF1
:1014C0008CED005E103A0FF049C014AB83ED005E66
:1014D00018AB83ED803EA2B91DB0BDEC108B5DF85A
:1014E00004FB9FED2F4B9FED305B9FED316B9FED2C
:1014F000327B18AB83ED805E14AB83ED007E24EF6E
:10150000546102F001E810AA90FC019F90FC219F19
:1015100090FC419F90FC619F92ED005F20EF502175
:1015200008EF542CBBFF42406A4637EE056E82ED51
:10153000807E10AA92ED005F20EF50210AEF542C1C
:1015400018AABBFF426092ED803E37EE072E10AA2C
:1015500022EF524192ED003F20EF50610EEF520C0E
:101560000CEF526C6A4620EF5021BBFF4600BBFFD8
:10157000422092ED807E14AA37EE035E37EE017EA4
:1015800092ED003E33EE072E33EE053E71FE4D0F19
:1015900081ED003E1DB0BDEC108B5DF804FB00BF7B
:1015A000000000000000000000000000000000003B
:1015B000000000000000000000000000000000002B
:1015C000F7EE007A002AC7EE807A72DD07EE103A55
:1015D000B8EE477A17EE90CA00B52DED108B17EED6
:1015E000103AA8EE10CB9FED346B9FED357B02F1E6
:1015F000FF3E95B04FEA1E1EA0EE103B0EF1010E0D
:1016000010AB9FED312B9FED323B4EF001E026EF0A
:10161000564183ED009F114490FC019F90FC219F57
:1016200090FC419FB0FC619F6B468DEC108B93ED5D
:1016300000DF10AB93ED00FF20EF50A10CEF5EAC8C
:10164000BBFFCAA004AB93ED00DF37FE0B4E20EFCB
:1016500050A10CEF5EACBBFFCAA008AB37FE0B6E0F
:1016600020EF50C193ED00BF0CAB0AEF5ECC93EDC1
:10167000009F20EF50A1BBFFCCC008EF5EAC37FE4F
:101680000D5EBBFFCAA033FE052E37FE0B7E22F097
:1016900001E833FE073EA1EB020C71FE4D0F8CED0D
:1016A000003E103A0FF049C015B0BDEC108B5DF84C
:1016B00004FB7047AFF30080000000000000000052
:1016C000000000000000000000000000000000001A
:1016D000000000000000000070B5D5082DED088B5B
:1016E00022D00C469FED606B9FED617B844645F0F8
:1016F00001E0614B9CFC009FBCFC209F39EE632EF7
:101700003BEE634EBBFF4220BBFF444037EE036E0F
:10171000264637EE057E103486ED807E0FF017C02A
:1017200000EB451001EB051112F0070200F0978065
:10173000D0ED005A9FED516A65EE865AF5EEC05A1B
:10174000B6EE007AFEEE006AF1EE10FA77FE267A27
:1017500077EEA57AFDEEE77A17EE903A03F30F03E2
:10176000012A0B807BD0D0ED017A67EE867AF5EE08
:10177000C07AF1EE10FA77FE265A77EEA57AFDEEE2
:10178000E77A17EE903A03F30F03022A4B8066D0F4
:10179000D0ED027A67EE867AF5EEC07AF1EE10FAB5
:1017A00077FE265A77EEA57AFDEEE77A17EE903AA5
:1017B00003F30F03032A8B8051D0D0ED037A67EE39
:1017C000867AF5EEC07AF1EE10FA77FE265A77EEB9
:1017D000A57AFDEEE77A17EE903A03F30F03042A99
:1017E000CB803CD0D0ED047A67EE867AF5EEC07AF5
:1017F000F1EE10FA77FE265A77EEA57AFDEEE77A3B
:1018000017EE903A03F30F03053A0B8127D0D0ED82
:10181000057A67EE867AF5EEC07AF1EE10FA77FE79
:10182000265A77EEA57AFDEEE77A17EE903A03F3A3
:101830000F03012A4B8112D0D0ED067A67EE867A2B
:10184000F5EEC07AF1EE10FA37FE267A37EE277AF7
:10185000BDEEC77A17EE103A03F30F038B81BDEC90
:10186000088B70BDAFF30080000000000000000096
:10187000000000000000000000FEFF4600000047DE
:1018800070B515092DED108B00F0A5819FEDD40BDF
:101890009FEDD51B4FEA051EAEF1100E4FEA1E1E3E
:1018A0000EF1010E9FEDD24B9FEDD35B4FF08643BF
:1018B0004EF001E0844620EF506101EB05149CFCE2
:1018C000019F9CFC219F9CFC419FBCFC619F39EEC9
:1018D000632EBBFF422037EE036E3BEE632EBBFF51
:1018E000422037EE030E3DEE632E3FEE638EBBFFCC
:1018F0004220BBFF488037EE037E37EE091E33EEF1
:10190000074E0E4633EE015E103186ED005E0FF09D
:101910002BC000EB851012F00F0300F05981D0EDC1
:10192000005A9FEDB76A65EE865AF5EEC05AB6EEDC
:10193000007AFEEE006AF1EE10FA77FE267A77EE74
:10194000A57AFDEEE77A17EE902A12B202F30702AB
:10195000012B227000F03C81D0ED017A67EE867A8F
:10196000F5EEC07AF1EE10FA77FE265A77EEA57AF8
:10197000FDEEE77A17EE902A12B202F30702022B6D
:10198000627000F02581D0ED027A67EE867AF5EE7E
:10199000C07AF1EE10FA77FE265A77EEA57AFDEEC0
:1019A000E77A17EE902A12B202F30702032BA27015
:1019B00000F00E81D0ED037A67EE867AF5EEC07AFC
:1019C000F1EE10FA77FE265A77EEA57AFDEEE77A69
:1019D00017EE902A12B202F30702042BE27000F015
:1019E000F780D0ED047A67EE867AF5EEC07AF1EEF4
:1019F00010FA77FE265A77EEA57AFDEEE77A17EE13
:101A0000902A12B202F30702052B227100F0E08047
:101A1000D0ED057A67EE867AF5EEC07AF1EE10FA2F
:101A200077FE265A77EEA57AFDEEE77A17EE902A32
:101A300012B202F30702062B627100F0C980D0EDEA
:101A4000067A67EE867AF5EEC07AF1EE10FA77FE46
:101A5000265A77EEA57AFDEEE77A17EE902A12B2B3
:101A600002F30702072BA27100F0B280D0ED077AD3
:101A700067EE867AF5EEC07AF1EE10FA77FE265A16
:101A800077EEA57AFDEEE77A17EE902A12B202F30E
:101A90000702082BE27100F09B80D0ED087A67EE18
:101AA000867AF5EEC07AF1EE10FA37FE267A77EEF6
:101AB000877AFDEEE77A17EE902A12B202F3070258
:101AC000092B227200F08480D0ED097A67EE867AC5
:101AD000F5EEC07AB6EE007AF1EE10FA77FE265AED
:101AE00077EEA57AFDEEE77A17EE902A12B202F3AE
:101AF00007020A2B62726BD0D0ED0A7A67EE867A03
:101B0000F5EEC07AF1EE10FA77FE265A77EEA57A56
:101B1000FDEEE77A17EE902A12B202F307020B2BC2
:101B2000A27255D0D0ED0B7A67EE867AF5EEC07AC8
:101B3000F1EE10FA77FE265A77EEA57AFDEEE77AF7
:101B400017EE902A12B202F307020C2BE2723FD07A
:101B5000D0ED0C7A67EE867AF5EEC07AF1EE10FAE7
:101B600077FE265A77EEA57AFDEEE77A17EE902AF1
:101B700012B202F307020D3B227329D0D0ED0D7A89
:101B800067EE867AF5EEC07AF1EE10FA77FE265A05
:101B900077EEA57AFDEEE77A17EE902A12B202F3FD
:101BA0000702012B627313D0D0ED0E7A27EE866AFE
:101BB000B5EEC06AF1EE10FA77FE267A77EE867AF5
:101BC000FDEEE77A17EE903A1BB203F30703A37317
:101BD000BDEC108B70BD0C469DE600BFAFF30080DE
:101BE00000000000000000000000000000000000F5
:101BF00000000000000000000000000000000000E5
:101C0000000000435FEA920C30B513D004460B4647
:101C10004CF001E025469DED006F1D46B1EF566E7C
:101C2000083485ED007F10330FF00DC001EB0C116F
:101C300000EBCC0012F0030223D0B0F900309FED8E
:101C4000117A07EE903AF8EEE77A67EE877A013A72
:101C5000C1ED007A15D0B0F90230012A07EE903AB2
:101C6000F8EEE77A67EE877AC1ED017A09D0B0F92C
:101C7000043007EE903AF8EEE77A67EE877AC1ED26
:101C8000027A30BD000000385FEA920C30B542D0D5
:101C90004FEA8C0EAEF1040E4FEA9E0E0EF1010ECD
:101CA0004EF001E00B4600EB8C04054695ED006F0D
:101CB0001D46B9EF566E043085ED007F10330FF0EE
:101CC0000DC001EB0C1112F0030223D094F9003087
:101CD0009FED127A07EE903AF8EEE77A67EE877A90
:101CE000013AC1ED007A15D094F90130012A07EECE
:101CF000903AF8EEE77A67EE877AC1ED017A09D07B
:101D000094F9023007EE903AF8EEE77A67EE877AB8
:101D1000C1ED027A30BD0446D5E700BF0000003CAB
:101D20001FB514461A46094B05461B68D8684CB1C6
:101D3000074B00910749CDE901342B4600F04EFFD7
:101D400001F0A8FC044B1C46F3E700BF140100346B
:101D50009C7F1170A97F1170DA661170024B0146E9
:101D6000186800F025B800BF1401003470B50F4E9C
:101D70000C460546316811B901F01AFC3060214665
:101D8000284601F015FC431C03D14FF0FF342046D8
:101D900070BDC41C24F00304A042F8D0211A2846C8
:101DA00001F006FC0130F2D1EFE700BF3C520134F4
:101DB0002DE9F843CD1C064625F0030508350C2D0A
:101DC00038BF0C25002D01DBA94204D90C23336058
:101DD0000020BDE8F883DFF8D48000F069F8D8F877
:101DE00000301C4644BB29463046FFF7BFFF431C6A
:101DF000044658D1D8F800402746002F43D1002C84
:101E00004BD023683946304604EB030901F0D0FB80
:101E1000814542D1216830466D1A2946FFF7A6FF59
:101E200001303AD023682B442360D8F800305A6838
:101E300062BBC8F800700FE02268521B20D40B2A46
:101E400017D96119A342256018BF5960636808BF9C
:101E5000C8F8001062514B60304600F02FF804F1D2
:101E60000B00231D20F00700C21A1CBF1B1AA35031
:101E7000AFE76268A3420CBFC8F800205A60EBE7E6
:101E800023466468AEE73C467F68B6E71A465B685F
:101E9000A342FBD100235360DEE70C2330463360BE
:101EA00000F00CF894E70560D6E700BF405201341B
:101EB000014801F0CABB00BF84530134014801F05E
:101EC000C5BB00BF845301342DE9F04107461446D9
:101ED0000D4621B91146BDE8F041FFF769BF2AB9A7
:101EE000254602F0CBF92846BDE8F08102F092FDCC
:101EF0008442064602D8B4EB500FF4D82146384647
:101F0000FFF756FF804608B94546ECE7B442224643
:101F1000294628BF324601F0B0FB2946384602F078
:101F2000ADF9F1E7022B10B50AD09208013A036827
:101F30000C68002A40F8044B41F8043BF6DC10BD65
:101F4000024403780C7800F8014B01F8013B131AA6
:101F5000002BF6DCF3E7F8B50F46164604461D469F
:101F600098470028314638460CDAA847002802DA9C
:101F70003C462046F8BD31462046A8470028F8DAFE
:101F80003446F6E7A8470028F2DC31462046A84749
:101F90000028F5DAEDE72DE9F04F95B00746154634
:101FA000009340EA02039B0719D1B2F1040818BF5D
:101FB0004FF001080023019305FB01F4062907EB0C
:101FC000050B07EB0403029328D8029B9B4510D313
:101FD000019B002B40F0178115B0BDE8F08F4FF04A
:101FE0000208E7E743462A4631462046FFF79AFFB4
:101FF0000FE05C460EE0661B2146009B304698478A
:10200000002809DDB8F1000FECD1236832682260A6
:1020100033603446A742EED3AB44D6E74FEA5109CA
:10202000641B072905FB09793C4421D0282944D9A0
:10203000CE08009B38466E4307EB4602B919FFF7FE
:102040008AFF494609EB0602009B8246881BFFF780
:1020500082FF22468146009BA11BA4EB4600FFF7AE
:102060007AFF02464946009B5046FFF774FF8146BF
:10207000B8F1000F24D13B68D9F800203A60C9F8C4
:102080000030D946A2465E460023A14536D80393C8
:102090003946009B484698470028039B2CDC0AD110
:1020A000B8F1000F13D13368D9F800203260C9F8B5
:1020B00000302E440123A944E7E72246BA46D1E77F
:1020C00043462A4649463846FFF72CFFD9E74346A0
:1020D0002A4649463046FFF725FFEAE70BD1B8F11B
:1020E000000F13D12368DAF800202260CAF800300C
:1020F000AAEB050A0123641BA1450ED9002B40D190
:10210000029B9B45BFF464AF5C4636E043462A46DB
:1021100051462046FFF706FFEAE703933946009B46
:10212000204698470028039BD8DAB8F1000F07D162
:10213000D9F800302268C9F800202360641BB9E791
:1021400043462A4621464846FFF7ECFEF6E743465B
:102150002A4631462046FFF7E5FE0DE0661B214684
:10216000009B30469847002809DDB8F1000FEED1FA
:1021700023683268226033603446A742EED3AB4412
:10218000BEE7A9EB060BF21B5A45A8BF5A462AB177
:102190004346A9EB02013846FFF7C4FE029BAAEBB7
:1021A0000404A3EB0A02521BA24228BF22462AB112
:1021B000029943464846891AFFF7B4FE029B5C45E4
:1021C000A3EB040605D823465C469B4633463E46B1
:1021D0001F46AB4520D9019B072BBBFBF5F10BD864
:1021E00014AAB4FBF5F402EBC30343F8406C43F8C4
:1021F0003C4C019B0133DEE6009B2A463846FFF744
:10220000CAFEAC420BD8019B14AA013B019302EB1E
:10221000C30353E91071CFE6AC427FF6D9AE37461F
:10222000B4FBF5F1C8E6F0B52DED028BB0EE408BB6
:1022300085B017460C460D9D18EE902A0C9E25F091
:102240002005002AB6BF2D220022B1EE408B462D7C
:102250001A7004D0452D00D10134022100E0032181
:1022600003ABB0EE480B2246019302AB009333461A
:1022700001F0A6FA472D14D1FB070AD50219B5EED5
:10228000408B3021F1EE10FA08BF0392039B93427A
:1022900019D3039B0E9A1B1A136005B0BDEC028B79
:1022A000F0BD462D00EB0402E9D10378302B07D1B5
:1022B000B5EE408BF1EE10FA1CBFC4F1010434609E
:1022C00033681A44DBE75C1C03941970DEE7F7B54A
:1022D00000290270BABF49422D232B2309294370DC
:1022E00028DD0DF107030A271D461A46013BB1FB05
:1022F000F7F607FB1614303402F8014C0C46314651
:10230000632CF2DC3031941E03F8011C411C23467F
:10231000AB420AD30DF109039B1AAC4288BF0023DC
:1023200002330344181A03B0F0BD13F8016B01F82F
:10233000016FEDE7302330318370031DC170F1E789
:102340002DE9F04F8DB00C4616461F46DDF858803B
:10235000054601F0F5F8D0F800B05846EFF716FA48
:10236000002394F818900A93D8F8003022680733B5
:10237000059023F0070303F10801C8F8001093ED5E
:10238000000B9FED976BB0EEC07B84ED120BB4EEAB
:10239000467BF1EE10FA24DDB5EEC00BF1EE10FA3B
:1023A00002D52D2384F843308F49904BB9F1470F64
:1023B0008CBF8846984622F0040203234FF0000A9F
:1023C0002260236133460BAA21462846009700F07D
:1023D000D1F9013040F089804FF0FF300DB0BDE8F9
:1023E000F08FB4EE400BF1EE10FA09D710EE903AF0
:1023F0007F49002BBCBF2D2384F843307D4BD5E7AC
:10240000636809F0DF0A591C39D10623636042F47E
:10241000806200232846226003930AABCDE9019332
:1024200009AB00930DF123036168FFF7FCFEBAF1DD
:10243000470F8046099929D1C81C02DB636899427D
:1024400041DDA9F102095FFA89F901394A4604F12F
:1024500050000991FFF73BFF0A9A82461318012AA0
:10246000236102DC2268D20701D5013323619DF884
:102470002330002BA6D02D2384F84330A2E7BAF1F5
:10248000470FC4D1002BC2D10123BFE7B9F1650FBB
:10249000DBD9B9F1660F18D1002963680BDD216122
:1024A00013B92268D00702D501330B4423614FF0E2
:1024B000000AA165DBE713B92268D20701D5023310
:1024C000F4E70123F2E74FF067090A9B994205DB25
:1024D00023682161D807EAD54B1CE7E70029D4BF60
:1024E000C1F1020201221344E0E723685A0507D430
:1024F0002369424631462846B84701302AD16BE766
:10250000B9F1650F40F2E08094ED127BB5EE407BAF
:10251000F1EE10FA33D10123374A31462846B84745
:1025200001303FF459AFDDE90938434502DB236848
:10253000D8070FD5059B5A4631462846B847013083
:102540003FF44AAF4FF0000908F1FF3804F11A0ACE
:10255000C84509DC23689B0700F10781E0680B9BF5
:102560009842B8BF184639E70123524631462846FB
:10257000B84701303FF430AF09F10109E8E7099BA2
:10258000002B3BDC01231C4A31462846B84701306A
:102590003FF422AFDDE9093959EA030302D1236888
:1025A000D907D7D5059B5A4631462846B84701304A
:1025B0003FF412AF4FF0000A04F11A0B099B5B4283
:1025C000534501DC4B4694E701235A4631462846E1
:1025D000B84701303FF400AF0AF1010AEEE700BF4F
:1025E000FFFFFFFFFFFFEF7FDC7F1170D87F1170CF
:1025F000E47F1170E07F11700D691170A36DDDF83B
:1026000028A05345A8BF5346002B994637DC00232A
:1026100029EAE97904F11A020793A36D0799069351
:10262000A3EB09038B4231DC099B9A453BDC236811
:10263000DA0738D4099BAAEB0309069BAAEB03032C
:102640009945A8BF9946B9F1000F34DC4FF0000856
:1026500029EAE97904F11A0B099BAAEB0303A3EB1E
:10266000090343457FF776AF01235A463146284692
:10267000B84701303FF4B0AE08F10108ECE742463C
:1026800031462846B8470130C1D1A5E6012331467D
:1026900028460692B84701303FF49EAE079B069A43
:1026A00001330793B9E7059B5A4631462846B84798
:1026B0000130BFD190E6069A4B4631462846424447
:1026C000B8470130C2D187E6DDF82890B9F1010F93
:1026D00001DCDB0736D50123424631462846B847A0
:1026E00001303FF479AE059B5A4631462846B8473B
:1026F00001303FF471AE09F1FF3994ED127BB5EE74
:10270000407BF1EE10FA18D04B4608F10102314639
:102710002846B84701300CD15EE601235A463146BF
:102720002846B84701303FF457AE08F10108C845C4
:10273000F3DB534604F15002DCE64FF0000804F1ED
:102740001A0BF4E701234246E1E701234A463146EA
:102750002846B84701303FF43FAE08F10108E3686E
:102760000B995B1A4345F0DCF8E64FF0000804F1E2
:102770001909F4E72DE9F047164698468A68074696
:102780000B690C46DDF820909342B8BF13463360C6
:1027900091F843200AB1013333602368990642BFA0
:1027A000336802333360256815F0060506D104F15D
:1027B000190AE36832689B1AAB422BDC94F8433069
:1027C0002268003B18BF0123920630D404F1430273
:1027D00041463846C847013023D023681A3454F89C
:1027E0000A2C03F00603042B0ABF54F80E5C0025E4
:1027F00033684FF0000608BFED1A54F8123C08BFCA
:1028000025EAE5759342C4BF9B1AED18B5421AD16B
:10281000002008E00123524641463846C8470130AF
:1028200003D14FF0FF30BDE8F0870135C1E7E11873
:102830005A1C30200233224481F8430094F845109A
:1028400082F84310C2E70123224641463846C84772
:102850000130E6D00136D9E72DE9FF470F7E9146DA
:1028600080460C46782F9A460C9E01F1430207D809
:10287000622F0AD8002F00F0D180582F00F0B880C6
:1028800004F1420684F842703AE0A7F16303152B85
:10289000F6D801A151F823F0F12811700529117023
:1028A0008128117081281170812811708128117080
:1028B00005291170812811708128117081281170EB
:1028C00081281170032A11702F291170BD291170F0
:1028D0008128117081281170252A117081281170AA
:1028E0002F2911708128117081281170C52911704C
:1028F00033681A1D1B68326004F1420684F84230C6
:1029000001239CE033682068191D3160060601D55B
:102910001D6803E04506FBD5B3F90050002D03DA2E
:102920002D236D4284F8433058480A2311E0216872
:102930003368080653F8045B02D4490648BFADB2B9
:102940006F2F3360514814BF0A230823002184F8F5
:1029500043106668002EA66005DB21682E4321F037
:10296000040121604BD01646B5FBF3F103FB115770
:10297000C75D06F8017D2F460D46BB42F4D9082BF2
:102980000BD12368DF0708D5236961689942DEBF50
:10299000302306F8013C06F1FF36921B22614B46BC
:1029A00003AA21464046CDF800A0FFF7E3FE013020
:1029B0004AD14FF0FF3004B0BDE8F087236843F000
:1029C0002003236078273248236884F845701F0667
:1029D000316851F8045B02D45F0648BFADB2316084
:1029E000D90744BF43F0200323601DB11023ADE796
:1029F0002648E9E7236823F020032360F6E716461C
:102A0000BDE733682568181D616930602E061B68B4
:102A100001D5196002E06806FBD51980002316462F
:102A20002361BCE7336800211A1D32601E686268AA
:102A3000304600F014FE08B1801B606063682361BB
:102A4000002384F84330AAE72369324649464046CA
:102A5000D0470130ADD023689B0713D4E068039BB7
:102A60009842B8BF1846A6E7012332464946404679
:102A7000D04701309DD00135E36803995B1AAB4222
:102A8000F2DCEBE7002504F11906F5E7E87F1170A9
:102A9000F97F1170002310B50446836081811946C7
:102AA0004366C28108228361C0E90033C0E9043370
:102AB0005C3000F04BFB0D4B246263620C4BA36255
:102AC0000C4BE3620C4B23630C4B9C4206D003F18E
:102AD0006802944202D0D0339C4205D104F15800E0
:102AE000BDE8104000F0B0BD10BD00BFF12E117068
:102AF000132F11704B2F11706F2F1170445201342E
:102B0000024A0349034800F07BB800BF08010034C3
:102B1000615011701801003441680C4B994210B596
:102B2000044601D002F09CFAA168094B994202D0F8
:102B3000204602F095FAE168064B994204D02046FF
:102B4000BDE8104002F08CBA10BD00BF4452013401
:102B5000AC5201341453013410B50B4B04210B4C0F
:102B60000B4A20461A600022FFF794FF04F1680028
:102B700001220921FFF78EFF04F1D0000222122169
:102B8000BDE81040FFF786BF7C5301344452013446
:102B9000012B1170014800F058BD00BF855301346E
:102BA000014800F053BD00BF8553013410B5044601
:102BB000FFF7F0FF236A1BB1BDE81040FFF7F0BF3D
:102BC000044B2362044B1B68002BF5D1FFF7C4FFB5
:102BD000F2E700BF192B11707C5301340EB403B51A
:102BE00003AB0146054853F8042B0068019302F03B
:102BF0009BF802B05DF804EB03B070471401003499
:102C00002DE9F8430746884614460026D4E9019585
:102C1000B9F1010905D52468002CF7D13046BDE88B
:102C2000F883AB89012B07D9B5F90E30013303D0F6
:102C300029463846C04706436835E9E70FB407B56B
:102C4000064904AB086853F8042B8168019302F02D
:102C50006BF803B05DF804EB04B070471401003466
:102C6000036A70B505460E4684680BB9FFF79EFFF0
:102C7000636EDB0705D4A389980502D4A06D00F02C
:102C8000E4FCA389190702D52369002B35D121461D
:102C9000284600F0EBF980B34FF0FF35636EDA079A
:102CA00005D4A3899B0502D4A06D00F0CFFC284673
:102CB00070BD002B04DAA2699A4217DC0A2915D0EC
:102CC00023685A1C22601970A36816F8011F013B83
:102CD000A3600029EDD1002B11DA22460A212846F3
:102CE00000F086F90130D7D00A25D7E722462846DA
:102CF00000F07EF90130E7D1CEE7013EE4E723683A
:102D00005A1C22600A221A70EEE70000024B0146AC
:102D10001868FFF7A5BF00BF140100342DE9F74381
:102D20001D46574B04460E461F68904627B13B6A26
:102D300013B93846FFF73AFFB8F1020F06D0B8F1E1
:102D4000010F00F29980002DC0F29680636ED907C2
:102D500005D4A3899A0502D4A06D00F076FC214623
:102D6000384602F07DF9616B41B104F144039942A8
:102D700002D0384601F082FA002363630023A36186
:102D80006360A3891B0603D52169384601F076FAF2
:102D9000A389B8F1020F23F44A6323F00303A3814C
:102DA00060D001AB6A462146384602F081F9A3891A
:102DB0001843A0812DBB009D2846FEF7CFFF064695
:102DC000002851D1DDF80090A9453FD14FF0FF35E3
:102DD000B4F90C3043F00202A2810022A26004F197
:102DE00047022260226101226261626ED60704D42A
:102DF000980502D4A06D00F029FC284603B0BDE878
:102E0000F083002ED8D03B6A13B93846FFF7CEFEC8
:102E1000B8F1010F266002BFA38943F00103A3812B
:102E2000B4F90C3013F00802C4E904651ED0D907C8
:102E300045BF00226D42A560A26048BFA561626ED9
:102E4000D20701D49B0513D50025D6E74846FEF7E7
:102E500085FF06460028B9D0A3894D4643F080037C
:102E6000A381D0E70025B3E7A946F5E7A260E6E72E
:102E7000A06D00F0EBFBE7E74FF0FF35BDE700BFCB
:102E8000140100340CB4194B30B50C1E9DB01D68F4
:102E900008DA8B234FF0FF302B601DB0BDE83040C7
:102EA00002B070474FF402730290069002A9ADF889
:102EB00014304FF00003209A28461B9314BF04F1EE
:102EC000FF332346049307934FF6FF73ADF8163094
:102ED00021AB019301F002FE431CBCBF8B232B608E
:102EE000002CDAD0029B00221A70D6E714010034BD
:102EF00010B50C46B1F90E1000F048FB0028ABBF2E
:102F0000636DA3891B1823F48053ACBF6365A38151
:102F100010BD2DE9F0411F468B8905460C46DB05A7
:102F2000164605D502230022B1F90E1000F01CFB55
:102F3000A3893246B4F90E10284623F48053A381A6
:102F40003B46BDE8F04100F043BB10B50C46B1F97B
:102F50000E1000F009FB431CA38915BF606523F424
:102F6000805343F48053A38118BFA38110BDB1F9EE
:102F70000E1000F0E9BA30B514469BB005461A466B
:102F8000002C05DA8B2303604FF0FF301BB030BDFF
:102F90004FF40273009104916946ADF80C304FF084
:102FA0000003199314BF04F1FF33234602930593E2
:102FB0004FF6FF73ADF80E301E9B01F08FFD431CE2
:102FC000BCBF8B232B60002CE0D0009B00221A702A
:102FD000DCE7000007B5009313460A4601460348A4
:102FE0000068FFF7C8FF03B05DF804FB140100346C
:102FF000F8B50E461446054618B1036A0BB9FFF73B
:10300000D5FDA369A360A3891A0701D5236943B934
:103010002146284600F02AF818B14FF0FF3738460D
:10302000F8BD2368F6B222693746981A636983426D
:1030300005DC2146284602F013F80028EDD1A368EC
:10304000013BA36023685A1C22601E70431C626906
:103050009A4204D0A389DB07E1D50A2EDFD12146AD
:10306000284601F0FDFF0028D9D0D6E738B5294B16
:1030700005460C46186818B1036A0BB9FFF796FDB0
:10308000B4F90C30190722D4DA0607D409222A60D1
:1030900043F040034FF0FF30A38133E0580712D5CF
:1030A000616B41B104F14403994202D0284601F01A
:1030B000E5F800236363A38923F02403A38100239D
:1030C000636023692360A38943F00803A381236914
:1030D0004BB9A38903F42073B3F5007F03D02146D5
:1030E000284602F00AF8B4F90C3013F001020AD0B5
:1030F0000022A26062695242A261226942B913F0C1
:103100008000C5D138BD990758BF6269A260F4E755
:103110000020F7E714010034884210B501EB0204E7
:1031200002D98442234607D8431EA14208D011F891
:10313000012B03F8012FF8E7024401468A4200D12F
:1031400010BD13F8014D02F8014DF7E702440346A4
:10315000934200D1704703F8011BF9E710B504460C
:10316000084611461A468E2800F23081DFE810F03A
:103170008F00380192009400960098009A009C00FD
:103180009E00A200A400A800AA00AC00AE002E0180
:10319000B000B200B400B600B800BE00C000C60067
:1031A000C800CA00CC00CE00D200D600D800DA0099
:1031B000DC00DE00E000E200E4002E012E012E0122
:1031C0002E012E012E012E012E01E800EC002E0111
:1031D0002E012E012E012E012E012E012E012E0177
:1031E0002E012E012E012E01EE000801F000F2004A
:1031F0002E012E012E01F4002E012E012E01F600CB
:103200002E012E01FA002E012E01FC002E012E01AE
:103210002E012E012E012E012E012E012E012E0136
:10322000FE002E010001020104012E012E012601E3
:103230002E012E012E012E012E012E012E012E0116
:10324000140106010A010C010E0110012E011201E8
:1032500016011A01EA00C2002C01BA00D000BC001D
:10326000A000A6002A01F8002E011801C4001E01CA
:103270001C012E012E012E012E012E01D4002E0143
:103280002E012E01E6002801200122012401554BC8
:10329000184610BD544BFBE7544BF9E7544BF7E786
:1032A000544BF5E7544BF3E7544BF1E7544BEFE73E
:1032B000544BEDE7544BEBE7544BE9E7544BE7E74E
:1032C000544BE5E7544BE3E7544BE1E7544BDFE75E
:1032D000544BDDE7544BDBE7544BD9E7544BD7E76E
:1032E000544BD5E7544BD3E7544BD1E7544BCFE77E
:1032F000544BCDE7544BCBE7544BC9E7544BC7E78E
:10330000544BC5E7544BC3E7544BC1E7544BBFE79D
:10331000544BBDE7544BBBE7544BB9E7544BB7E7AD
:10332000544BB5E7544BB3E7544BB1E7544BAFE7BD
:10333000544BADE7544BABE7544BA9E7544BA7E7CD
:10334000544BA5E7544BA3E7544BA1E7544B9FE7DD
:10335000544B9DE7544B9BE7544B99E7544B97E7ED
:10336000544B95E7544B93E7544B91E7544B8FE7FD
:10337000544B8DE7544B8BE7544B89E7544B87E70D
:10338000544B85E7544B83E7544B81E7544B7FE71D
:10339000544B7DE7544B7BE7544B79E7544B77E72D
:1033A000544B75E7544B73E7544B71E7544B6FE73D
:1033B000544B6DE7544B6BE7544B69E7544B67E74D
:1033C000544B65E7544B63E7544B61E7002A08BF51
:1033D000224600F0B3F8524B002818BF034657E7C7
:1033E000504B55E70A8011701C80117036801170A7
:1033F000468011705E80117068801170828011703B
:1034000094801170A6801170BF801170CF801170F0
:10341000DB801170F88011700A8111701B811170AE
:103420002D81117039811170518111705D81117080
:103430006F8111707E8111708E8111709B8111706E
:10344000BA811170C9811170DA811170FE81117019
:103450001C8211703A8211705A821170718211703F
:10346000808211708F821170A3821170BB821170E3
:10347000C9821170D6821170EC821170FB821170BA
:103480000783117036831170478311706283117046
:10349000758311708B83117094831170AB831170DD
:1034A000B3831170C0831170D5831170E9831170DB
:1034B0000184117010841170218411703484117092
:1034C00040841170598411706D841170888411705A
:1034D000A0841170BA841170C2841170F2841170CA
:1034E0001185117030851170478511705A851170E2
:1034F000738511708A851170A0851170C185117056
:10350000D9851170F5851170088611701E861170AD
:1035100032861170548611707A8611708B86117004
:10352000DA661170128011700146002302481A46B3
:103530000068FFF713BE00BF14010034002070477D
:10354000004870475402003438B50023054D044646
:1035500008462B60F0F71CF9431C02D12B6803B11D
:10356000236038BD8053013438B50446064D084603
:10357000114600222A601A46F0F714F9431C02D1C2
:103580002B6803B1236038BD8053013438B504463D
:10359000064D0846114600222A601A46F0F7DCF86C
:1035A000431C02D12B6803B1236038BD8053013422
:1035B00038B50023054D044608462B60F0F7F4F8B3
:1035C000431C02D12B6803B1236038BD8053013402
:1035D00038B50446064D0846114600222A601A46B0
:1035E000F0F7C8F8431C02D12B6803B1236038BD43
:1035F00080530134014B1868704700BF1401003438
:1036000070B50D4D00260D4C641BA410A64209D1C7
:103610000B4D00260B4C02F041FD641BA410A6428A
:1036200005D170BD55F8043B01369847EEE755F8D3
:10363000043B01369847F2E744CE127044CE127034
:1036400044CE127048CE12707047704770470346E0
:1036500011F8012B03F8012B002AF9D17047C9B2E8
:103660000346024410B59342184601D1002003E0FE
:10367000047801338C42F6D110BD0A44431E9142B6
:1036800000D1704710B511F8014B914203F8014F7A
:10369000F9D110BD062008B501F094FD0120F0F726
:1036A00055F82DE9F74F036907460C69A342C0F2AC
:1036B0008380013C00F1140501F11408A30055F8C2
:1036C000242008EB8409009305EB8403019358F848
:1036D000243001339A42B2FBF3F631D34FF0000AA3
:1036E000C446AE46D3465CF8043B98B2E1454FEA87
:1036F000134306FB00A04FEA104280B206FB0323EF
:10370000DEF8002092B24FEA134AA2EB00029BB20D
:10371000DEF800005A44C3EB224392B203EB10439D
:1037200042EA03424FEA234B4EF8042BDBD2009BC4
:10373000EB582BB9019B043B9D421A4630D33C61A8
:10374000384601F05BF8002826DB2946002058F8AF
:10375000042BD1F800C01FFA82FEC1451FFA8CF37A
:103760004FEA1242A3EB0E030344C2EB23429BB287
:1037700002EB1C4243EA02434FEA224041F8043B79
:10378000E5D255F8242005EB840322B9043B9D4281
:103790001A460BD33C610136304603B0BDE8F08FCA
:1037A0001268043B002ACAD1013CC5E71268043BF9
:1037B000002AEFD1013CEAE70020EEE7000000001C
:1037C0002DE9F04FC76981462DED028B91B055EC84
:1037D000104B1C9E079109920D938DED020B7FB942
:1037E0001020FEF7BBFA0246C9F81C0020B9A04B16
:1037F000EF21A048FEF794FAC0E901770760C7609F
:10380000D9F81C30196859B15A68012348469340C9
:103810004A608B6000F0BCFDD9F81C3000221A60B1
:103820002B1EB7BF23F00043002301220393ACBF3C
:1038300033603260904B039EB34310D142F20F735A
:103840000D9A1360C6F31303234300F0E6841D9B17
:103850008A4F002B00F0E884FB1C00F0E3BC9DEDD8
:10386000028BB5EE408BF1EE10FA0AD101230D9ACE
:1038700013601D9B13B1824B1D9A1360814F00F0A2
:10388000D3BC0EAAB0EE480B0FA9484601F06AF867
:10389000C6F30A530E9A0190002B45D018EE901AE9
:1038A000B0EE487BA3F2FF330025C1F3130141F0D2
:1038B0007F5141F44011B7EE086B07EE901A9FED6F
:1038C000665B37EE467B9FED666BA7EE056B07EEFA
:1038D000903AB8EEE74B9FED645BB0EE467BA4EE0A
:1038E000057BB5EEC07BFDEEC76BF1EE10FA16EE70
:1038F000908A08D5B8EEE66BB4EE476BF1EE10FA9D
:1039000018BF08F1FF38B8F1160F2DD85E4901EB4A
:10391000C80191ED007BB4EEC78BF1EE10FA01D532
:1039200008F1FF38002120E00F9B0125134403F22A
:1039300032412029C9BFC1F14001C1F120018E40AF
:1039400003F21241D8BF04FA01F103F1FF33C4BFFF
:1039500024FA01F1314307EE901AB8EE677B17EEB7
:10396000901AA1F1F871A6E70121D21A0C91531E09
:10397000069349BFC2F1010300230493002354BFFF
:1039800004930693B8F1000F16DB069BCDF8288050
:10399000434406930023079A092A43D8052AC5BF42
:1039A000043A002401240792079A023A032A44D8D1
:1039B000DFE802F03436170B049B0022A3EB080368
:1039C0000A920493C8F10003E5E701220892099ADC
:1039D00008EB020B0BF1010A5246012AB8BF012283
:1039E00006E001220892099A002A29DD93469246B0
:1039F000D9F81C700021042000F11406964226D943
:103A000079604846059300F083FC059B0746002833
:103A10003ED11E4B024640F2AF11EAE60022E1E73A
:103A20000022D3E701240022CDE907244FF0FF3B19
:103A300000211222DA460991DAE701220892F5E71D
:103A40004FF0010BDA465A46CDF824B0D0E70131E9
:103A50004000D1E7AFF3008061436F63A787D23F97
:103A6000B3C8608B288AC63FFB799F501344D33F6D
:103A7000AD861170C48611700000F07FA9861170A8
:103A80000E6911700D691170A8A812701C87117051
:103A9000D9F81C20BAF10E0F10606ED8002C6CD033
:103AA000B8F1000F40F3B48008F00F01C74A18F4D2
:103AB000807F02EBC1024FEA281192ED007B00F0FB
:103AC0009B80C34A01F00F0192ED086B032288EE40
:103AD000066B8DED026BBE48002940F08F809DED96
:103AE000026B86EE077B8DED027B0C999DED027BD0
:103AF000002900F0B380B7EE006BB4EEC67BF1EEA8
:103B000010FA40F1AB80BAF1000F00F0A780BBF1D2
:103B1000000F30DDB2EE046B08F1FF3101325C467C
:103B2000059127EE067B8DED027B07EE902AB1EE24
:103B30000C5B9DED026BB8EEE77BA7EE065B15EE26
:103B4000902A51EC150BA2F15071002C40F08A80A4
:103B5000B1EE047B36EE476B41EC170BB4EEC76B4E
:103B6000F1EE10FA00F36A82B1EE477BB4EEC76B58
:103B7000F1EE10FA23D48DED028B0F9A002AC0F2D9
:103B80002981B8F10E0F00F32581904B03EBC80398
:103B900093ED006B099B002B80F2C880BAF1000FF7
:103BA00000F3C4800BD1B1EE047B26EE076B9DEDD4
:103BB000027BB4EEC76BF1EE10FAC0F23C82002437
:103BC0002546099B3E46DB4305934FF000082146FE
:103BD000484600F0DDFB002D00F0A280B8F1000F98
:103BE00005D0A84503D04146484600F0D1FB294600
:103BF000484600F0CDFB93E002226CE7CC0704D5E9
:103C0000013290ED006B27EE067B4910083063E728
:103C100022D0C8F100016D4A002401F00F00091103
:103C200002EBC0026A4892ED007B022228EE077B7D
:103C30008DED027B29B9002C3FF457AF8DED027B4F
:103C400053E7CE0705D50132012490ED006B27EE36
:103C5000067B49100830EDE7022246E75446CDF8CE
:103C6000148062E7594A02EBC4023C4412ED024B55
:103C7000089A41EC170B4AB3B6EE003B3E46B7EE4E
:103C8000002B83EE045BB2EE043B35EE477BFDEE8A
:103C9000C64BB8EEE45B14EE902A303236EE456B3C
:103CA00006F8012BB4EEC76BF1EE10FA38D432EE01
:103CB000465BB4EEC75BF1EE10FA6ED4A6423FF459
:103CC0005AAF27EE037B26EE036BE0E727EE047B7B
:103CD00021463E46B2EE043BFDEEC64B14EE902A62
:103CE000B8EEE45B303236EE456B06F8012BA642A7
:103CF00019D1B6EE005B37EE054BB4EEC46BF1EEB6
:103D000010FA4ADC35EE475BB4EEC56BF1EE10FA03
:103D10007FF531AF0E46013916F8013C302BF9D052
:103D2000DDF8148027E026EE036BD5E79DED027BDE
:103D3000B2EE044B3E4687EE065BBDEEC55B15EE6C
:103D4000103AB8EEC53B3033A3EE467B06F8013B94
:103D5000F31B9A4532D137EE077BB4EEC67BF1EE0A
:103D600010FA18DCB4EE467BF1EE10FA03D115EE32
:103D7000103ADB070FD40199484600F009FB0023F5
:103D80000D9A337008F1010313601D9B002B00F0A6
:103D90004B821E6048E2CDF8148033461E4613F86D
:103DA000012D392A06D19F42F8D1059A0132059298
:103DB00030223A701A7801321A70B1E727EE047B8C
:103DC000B5EE407BF1EE10FAB5D1D4E7A8A8127099
:103DD00080A812700899002900F0E980079901294C
:103DE00000F3CB80002D00F0C48002F233421C4669
:103DF000049E05930121049B484613440493069BAB
:103E00001344069300F07AFB059B054666B1069ABB
:103E1000002A09DDB2420499A8BF3246891AB61AAF
:103E2000049106998A1A06920BB3089A002A00F0A8
:103E3000C580002C00F0BF802946224648460B93DF
:103E400000F016FC019A01460546484600F06CFB5E
:103E500001990590484600F09BFA0B9B1B1B00F054
:103E6000B0801A460599484600F002FC01900121F5
:103E7000484600F043FB0A9B0446002B00F0DA8121
:103E80001A460146484600F0F3FB079B0446012B07
:103E900000F3A080029B002B40F09680039BC3F3AD
:103EA0001302002A40F0928023F00042120D120506
:103EB000002A00F08D80049B01330493069B01339C
:103EC000069301230B930A9B002B00F0B981226912
:103ED00004EB8202106900F0C5FAC0F12000069BD5
:103EE000184410F01F0000F08180C0F12002042A65
:103EF00073DDC0F11C00049B034406440493069B3D
:103F000003440693049B002B05DD1A46019948469D
:103F100000F008FC0190069B002B05DD21461A46A7
:103F2000484600F0FFFB04460C9B002B60D0214666
:103F3000019800F063FC00285ADA08F1FF330A22E6
:103F4000019948460593002300F044FA089B01902C
:103F5000002B00F07781294600230A22484600F012
:103F600039FABBF1000F05466EDC079B022B48DCDB
:103F70006AE00E9AC2F1360239E70AF1FF34A34231
:103F800007DBBAF1000FA3EB04040BDB049E5246DF
:103F90002FE7E21A0A9B049E134452460A932346D3
:103FA000002426E7049AA2EB0A06002221E71C4619
:103FB000049E089D2AE7019A059252E71A46019944
:103FC00051E7059B019352E700237BE7029B79E7CA
:103FD0000B9278E700230B9379E793D01C32049B74
:103FE000134416440493069B13448AE70246F5E7FC
:103FF000BAF1000FD346CDF8148021DC079B022BC9
:104000001EDDBBF1000F7FF4DCAD21465B460522CF
:10401000484600F0DFF901460446019800F0EEFB47
:1040200000287FF7CEAD31233E4606F8013B059BC5
:1040300001330593C9E55446CDF814802546F2E7CF
:10404000089B002B00F00281002E05DD2946324638
:10405000484600F067FB05460B9B002B58D069686B
:10406000484600F055F9064628B9824B024640F210
:10407000EF21FFF7BEBB2A6905F10C010C300232BB
:104080009200FFF7FAFA01223146484600F04AFB57
:104090007B1CA8460546049307EB0B030993029B80
:1040A00003F001030893049B2146019803F1FF3BB1
:1040B000FFF7F7FA4146029000F1300A019800F04C
:1040C0009DFB2A4606902146484600F0B3FBC26895
:1040D0000646FAB90146019800F090FB02463146C7
:1040E00048460A9200F054F9079B0A9A049E42EA55
:1040F0000301089B19430FD1BAF1390F28D0069B51
:10410000002B02DD029B03F1310A8BF800A05EE573
:104110002846BDE70122E2E7069B002B04DB079956
:104120000B4308990B4320D1002AEEDD01220199AF
:10413000484600F0F7FA2146019000F05FFB0028A6
:1041400003DCE2D11AF0010FDFD0BAF1390FD9D177
:1041500039238BF8003033461E46013B16F8012CFC
:10416000392A52D001321A7031E5002A07DDBAF13E
:10417000390FEDD00AF101038BF8003027E5049BDD
:10418000099A03F801AC934229D000230A2201992D
:10419000484600F01FF9A84501904FF000034FF08A
:1041A0000A024146484607D100F014F98046054608
:1041B000049B0133049376E700F00CF9294680460E
:1041C00000230A22484600F005F90546F0E7BBF156
:1041D000000F4FF00008CCBF5E4601263E4401228E
:1041E0000199484600F09EFA2146019000F006FB36
:1041F0000028B0DC02D11AF0010FACD133461E46C4
:1042000013F8012D302AFAD0E1E49F42A4D1059B96
:104210000133059331233B70D9E41D9B164F1BB12D
:1042200007F108031D9A1360384611B0BDEC028BEC
:10423000BDE8F08F079B012B7FF72CAE0A9B0B93F9
:1042400001204CE6BBF1000F7FF7D8AE3E46214679
:104250000198FFF726FA00F1300A06F801ABF21BCD
:104260009345B4DD00230A220199484600F0B2F8D4
:104270000190ECE71C871170A086117038B50546D7
:10428000002941D051F8043C0C1F002BB8BFE418A2
:10429000FDF70EFE1D4A136833B9636014602846AB
:1042A000BDE83840FDF70ABEA34208D920682118AE
:1042B0008B4201BF19685B6809182160EDE71A4657
:1042C0005B680BB1A342FAD911685018A0420BD118
:1042D00020680144501811608342E0D118685B687F
:1042E000084453601060DAE702D90C232B60D6E74C
:1042F000206821188B4202BF19685B680918636047
:1043000008BF21605460CAE738BD00BF4052013485
:1043100070B5C66904460D4676B91020FDF71EFD3E
:104320000246E06120B9184B6B211848FDF7F8FCF4
:10433000C0E901660660C660E669F36883B1E369B7
:10434000DB6853F82500B8B90121204601FA05F6CB
:10435000721D920000F074FF60B1C0E901560EE0DA
:1043600021220421204600F06BFFE369F060DB6846
:10437000002BE4D1002070BD026843F82520002303
:10438000C0E90333F7E700BFAD8611702D871170C8
:1043900070B5C66905460C4676B91020FDF7DEFCFF
:1043A0000246E86120B9094B8F210948FDF7B8FCA6
:1043B000C0E901660660C6603CB1EB696268DB6813
:1043C00053F82210216043F8224070BDAD86117071
:1043D0002D8711702DE9F04101F1140C07460C46B0
:1043E0001E460D690020DCF80030013099B285428C
:1043F00002FB01614FEA13464FEA114389B202FB07
:10440000063301EB03414FEA13464CF8041BEADC88
:104410000EB3A368AB4219DC616838460131FFF77F
:1044200077FF804628B902460C4BBA210C48FDF7AD
:1044300077FC226904F10C010C3002329200FFF784
:104440001CF9214644463846FFF7A2FF04EB8503DA
:1044500001355E6125612046BDE8F0811C87117041
:104460002D871170B0F5803F034636BF030400204E
:104470001020B3F1807F3CBF1B020830B3F1805F96
:104480003CBF1B010430B3F1804F3CBF9B000230A6
:10449000002B05DB13F0804F00F1010008BF202046
:1044A00070470368024613F007000BD0D90721D4E8
:1044B000980747BF5B0801209B0802204CBF136090
:1044C0001360704799B209B91B0C1020D9B209B911
:1044D00008301B0A190704BF1B090430990704BFE1
:1044E0009B080230D90703D45B0800F1010003D018
:1044F00013607047002070472020704710B50C46AD
:104500000121FFF705FF024628B9054B40F245118E
:104510000448FDF705FC01234461036110BD00BFA1
:104520001C8711702D8711702DE9F04F17460A690D
:10453000894685B03B699A42A2BF3B460F469946E1
:104540003D69BB68D9F810A0796805EB0A06B3424B
:10455000B8BF0131FFF7DCFE30B90246424B4FF4E1
:10456000B1714248FDF7DCFB00F11404002204EBBA
:10457000860E2346734520D307F1140809F1140170
:1045800008EB850501EB8A030293EB1B1537153BFE
:1045900023F003030433BD4238BF04230193029B7D
:1045A00003918B420CD8002E03DD5EF8043D002BF6
:1045B00057D0066105B0BDE8F08F43F8042BD9E76A
:1045C000B1F800A0BAF1000F21D0C446A1460027DF
:1045D0005CF8042BD9F800301FFA82FB65459BB2CA
:1045E0004FEA12420AFB0B333B44D9F800704FEA02
:1045F00017470AFB027202EB13429BB24FEA1247C3
:1046000043EA024349F8043BE2D8019BE750039B8D
:104610000431B3F80290B9F1000F20D02368474667
:10462000A4464FF0000AB7F800B09BB2BCF80220D5
:1046300009FB0B22524443EA02434CF8043B57F86F
:10464000043B4FEA134ABCF80030BD4209FB0A3371
:1046500003EB12434FEA134AE5D8019AA3500434FE
:104660009DE7013E9FE700BF1C8711702D871170E9
:104670002DE9F843154612F0030207460E4607D00F
:10468000013A254C002354F82220FFF7A3FE0646EA
:10469000AD103DD0FC697CB91020FDF75FFB0246F0
:1046A000F86128B91D4B40F2B3111D48FDF738FBE6
:1046B000C0E901440460C460D7F81C80D8F8084001
:1046C0004CB940F271213846FFF718FF0023044629
:1046D000C8F8080003604FF00009EB070AD531461F
:1046E00022463846FFF720FF804631463846464688
:1046F000FFF74EFE6D100BD0206838B922462146D8
:104700003846FFF711FF2060C0F800900446E4E748
:104710003046BDE8F88300BF70A81270AD861170F6
:104720002D8711702DE9F0470C46074691464FEA58
:10473000621A2369496803EB6218A36808F101064D
:10474000B3420BDB3846FFF7E3FD054648B90246A6
:10475000284B4FF4EF712848FDF7E2FA01315B0076
:10476000EEE7002300F1140100F110021846534552
:1047700033DB2AEAEA7A04F11403206919F01F09ED
:1047800001EB8A0103EB800C2BD0C9F1200E8A4685
:104790000022186800FA09F010434AF8040B53F895
:1047A000042B9C4522FA0EF2F3D8ACEB040304F17F
:1047B0001500153B23F003030433604588BF042331
:1047C000CA500AB108F10206013E384621462E6160
:1047D000FFF7DEFD2846BDE8F087013342F8040FFD
:1047E000C5E7043953F8042B9C4541F8042FF9D848
:1047F000EAE700BF1C8711702D87117003460A6914
:104800000069801A30B50ED11433143103EB8204E1
:1048100001EB820154F8045D51F8042D954203D058
:1048200005D24FF0FF3030BDA342F3D3FBE70120A8
:10483000F9E700002DE9F74F894606461146144670
:104840004846FFF7DBFF051E12D129463046FFF729
:104850005FFD024628B9414B40F237214048FDF741
:104860005FFA0123C0E90435104603B0BDE8F08FBC
:10487000BCBF4B46A1463046B8BF0125D9F804104D
:10488000B4BF1C460025FFF743FD024618B9334B61
:1048900040F24521E2E7D9F8107004F1140E2669C0
:1048A00000F1140BC56009F1140509F110030EEBBA
:1048B000860605EB8708D9464FF0000C0193019B53
:1048C0005EF8040B53F804AF764501931FFA8AF3A0
:1048D000194683B24FEA1040A1EB0303C0EB1A4024
:1048E000634400EB23409BB24FEA204C43EA004371
:1048F00049F8043BE3D8331B1534153B23F003037D
:104900000433A64238BF04231D445B442C461E4694
:1049100044450ED308F10301491B033D21F0030177
:10492000A84538BF00210B4453F8041D99B1176105
:104930009AE754F8041BE6461FFA81FC080C714400
:10494000F44489B200EB2C4041EA00414FEA204C8C
:1049500046F8041BDCE7013FE6E700BF1C87117047
:104960002D8711702DE9F7430F460121164659ECAA
:10497000108BFFF7CDFC044630B90246234B40F2C2
:104980000F312348FDF7CCF9C9F30A55C9F31303D6
:104990000DB143F480130193B8F1000323D06846AE
:1049A0000093FFF77EFDDDE90012D0B1C0F12003D6
:1049B00002FA03F3C2400B4301926361019B002B97
:1049C000A3610CBF012202222261A5B1A5F23345E9
:1049D0000544C0F135003D603060204603B0BDE8BD
:1049E000F0836161EAE701A8FFF75BFD019B2030DE
:1049F00001226361E8E7A0F2324004EB82033860F1
:104A00001869FFF72FFDC0EB4210E5E71C87117016
:104A10002D87117051F8043C181F002BBCBF0B5898
:104A2000C01870472DE9F0471F468E6882460C4635
:104A3000BE4290460B682DD8B1F90C2012F4906F4D
:104A400026D06569096905EB4505A3EB01097B1CC7
:104A500005EBD5754B446D109D4238BF1D4653057F
:104A600027D52946FDF7A4F9064660B34A462169D1
:104A7000FEF703FEA38923F4906343F08003A38130
:104A800026614E446561A5EB090526603E46A5609A
:104A9000BE4200D93E46324641462068FEF73CFB06
:104AA000A36800209B1BA360236833442360BDE8F8
:104AB000F0872A46FDF708FA06460028E0D121696A
:104AC0005046FFF7DBFB0C234FF0FF30CAF80030F5
:104AD000A38943F04003A381E9E700002DE9F04FEB
:104AE00098468B899DB007461B060D46144610D587
:104AF0000B6973B94021FDF75BF92860286130B973
:104B00000C233B604FF0FF301DB0BDE8F08F402319
:104B10006B610023CDF80C804FF00109DFF8A08114
:104B2000099320238DF8293030238DF82A3023462D
:104B30009A4613F8012B0AB1252AF9D1BAEB040BD6
:104B40000BD05B46224629463846FFF76BFF013003
:104B500000F0A780099A5A4409929AF80030002B75
:104B600000F09F8000234FF0FF320AF1010A049306
:104B700007938DF853301A93CDE905235446052247
:104B80004F4814F8011BFEF76AFD049AD8B9D00605
:104B900044BF20238DF85330110744BF2B238DF8D9
:104BA00053309AF800302A2B15D0079A544600202B
:104BB0004FF00A0C214611F8013B303B092B4BD931
:104BC000B0B1079214E0A0EB0803A24609FA03F380
:104BD00013430493D2E7039B191D1B68002B039119
:104BE000BBBF5B4242F0020207930793B8BF049237
:104BF00023782E2B0AD163782A2B32D1039B0234DF
:104C00001A1D1B6843EAE37303920593DFF8C0A003
:104C1000032221785046FEF722FD38B1A0EB0A00AE
:104C20004022049B013482401343049314F8011B77
:104C3000062224488DF82810FEF711FD002836D0F2
:104C4000214B1BBB039B073323F00703083303935C
:104C5000099B334409936AE70CFB02320C4601209E
:104C6000A8E7002301344FF00A0C194605932046AB
:104C700010F8012B303A092A03D9002BC6D0059130
:104C8000C4E70CFB012104460123F0E703AB2A46ED
:104C900004A9384600930D4BFDF752FB421C064613
:104CA000D6D1AB895B063FF52DAF09982CE703AB56
:104CB0002A4604A938460093044BFDF7CDFDEDE7E5
:104CC000868711709087117041231170254A1170E9
:104CD0008C8711709368013B002B10B4936008DA45
:104CE0009469A34201DB0A2903D15DF8044BFEF766
:104CF0007FB91368581C1060084619705DF8044BA2
:104D00007047F8B506460F461446D518AC4201D197
:104D1000002007E03A4614F8011B3046FFF7DAFF9F
:104D2000431CF3D1F8BD00002DE9F04F0D469DB0B6
:104D300014469846064618B1036A0BB9FDF736FFCC
:104D40006B6ED90705D4AB899A0502D4A86DFEF71E
:104D50007CFCAB891B0701D52B699BB929463046E2
:104D6000FEF784F970B16B6EDC0704D54FF0FF30AD
:104D70001DB0BDE8F08FAB899805F7D4A86DFEF79C
:104D800065FCF3E70023CDF80C804FF00109DFF854
:104D9000B481099320238DF8293030238DF82A30EF
:104DA00023469A4613F8012B0AB1252AF9D1BAEB0A
:104DB000040B0BD05B46224629463046FFF7A1FF85
:104DC000013000F0A780099A5A4409929AF80030FD
:104DD000002B00F09F8000234FF0FF320AF1010A00
:104DE000049307938DF853301A93CDE90523544665
:104DF0000522544814F8011BFEF731FC049AD8B977
:104E0000D10644BF20238DF85330130744BF2B2312
:104E10008DF853309AF800302A2B15D0079A544653
:104E200000204FF00A0C214611F8013B303B092BC2
:104E30004BD9B0B1079214E0A0EB0803A24609FADF
:104E400003F313430493D2E7039B191D1B68002B44
:104E50000391BBBF5B4242F0020207930793B8BFC6
:104E6000049223782E2B0AD163782A2B32D1039B0C
:104E700002341A1D1B6843EAE37303920593DFF8BB
:104E8000D4A0032221785046FEF7E9FB38B1A0EB0D
:104E90000A004022049B013482401343049314F817
:104EA000011B062228488DF82810FEF7D8FB0028A1
:104EB0003FD0264B1BBB039B073323F0070308336C
:104EC0000393099B3B4409936AE70CFB02320C46AF
:104ED0000120A8E7002301344FF00A0C194605937E
:104EE000204610F8012B303A092A03D9002BC6D0EE
:104EF0000591C4E70CFB012104460123F0E703AB55
:104F00002A4604A930460093114BFDF719FA0746CB
:104F1000781CD6D16B6ED90705D4AB899A0502D41B
:104F2000A86DFEF793FBAB895B063FF51FAF0998B1
:104F30001EE703AB2A4604A930460093044BFDF755
:104F40008BFCE4E786871170908711704123117004
:104F5000034D11708C871170B1F90C202DE9F041CF
:104F6000160705460C4654D44B68002B02DC0B6C2C
:104F7000002B48DDE66A002E45D0002312F4805253
:104F80002F68216A2B6030D0626DA389590705D53F
:104F90006368D21A636B0BB1236CD21A0023E66AE2
:104FA000216A2846B047431CA38906D129681D29D8
:104FB0002BD82A4ACA40D60727D50022D9046260D6
:104FC0002269226004D5421C01D12B6803B96065B7
:104FD000616B2F60B9B104F14403994202D02846B5
:104FE000FFF74CF9002363630DE001232846B04727
:104FF0000246501CC9D12B68002BC6D01D2B01D0F6
:10500000162B1DD12F60002021E043F040031BB27E
:105010001AE00F69002FF6D093070E680F600CBFDF
:105020004B690023A6EB07088B60B8F1000FEADD9F
:1050300043463A46216A2846A66AB047002808DC5B
:10504000B4F90C3043F040034FF0FF30A381BDE8CA
:10505000F0810744A8EB0008E7E700BF010040200B
:1050600038B50B6905460C4613B90025284638BDEE
:1050700018B1036A0BB9FDF799FDB4F90C30002B98
:10508000F3D0626ED00704D4990502D4A06DFEF768
:10509000DCFA28462146FFF75FFF636E0546DA0714
:1050A000E4D4A3899B05E1D4A06DFEF7CFFADDE738
:1050B00070B50C46B1F90E1096B0154600291E4683
:1050C0000CDAA389002113F0800F14BF40234FF4A2
:1050D0008063002031602B6016B070BD6A4600F01E
:1050E00079F80028EDDB019901F47041A1F5005336
:1050F000594259414FF48063EBE78B89F7B59D071F
:1051000006460C4607D504F14703236023610123BB
:10511000636103B0F0BD01AB6A46FFF7C9FF009FB2
:10512000054630463946FCF743FE48B9B4F90C3021
:105130009A05EED423F0030343F00203A381E2E7D0
:10514000A389206043F08003A381019BC4E9040785
:105150005BB1B4F90E10304600F04EF828B1A389C7
:1051600023F0030343F00103A381A3891D43A58119
:10517000CFE71F2938B505460C4604D9162303602E
:105180004FF0FF3038BDC26B12B152F821304BB92D
:10519000284600F053F8224601462846BDE838402C
:1051A00000F03AB8012B0AD0591C03D11623036032
:1051B0000120E7E70021204642F82410984700200C
:1051C000E0E70000024B01461868FFF7D2BF00BFBE
:1051D0001401003438B50023064D04460846114634
:1051E0002B60EEF7D8FA431C02D12B6803B1236081
:1051F00038BD00BF8053013438B50023054D044647
:1052000008462B60EEF7CCFA431C02D12B6803B1A1
:10521000236038BD8053013438B50023064D044661
:10522000084611462B60EEF789FA431C02D12B6821
:1052300003B1236038BD00BF80530134EEF77CBA60
:1052400070B5A1FB025434B92946FCF7B1FD0646FE
:1052500028B9304670BD0C2200260260F9E72A46C4
:105260002146FDF773FFF4E782B001B901A942B10D
:105270004BB113780B601278101E18BF012002B0DA
:1052800070471046FBE76FF00100F8E70346084659
:1052900041B1FF2A04D98A224FF0FF301A607047CB
:1052A00001200A707047000008B52DED028BB0EEAA
:1052B000408B00F085FEB4EE488BF1EE10FA0FD66D
:1052C000B5EEC08BF1EE10FA0AD8B5EE408BF1EED8
:1052D00010FA08D1FEF78EF922239FED090B036027
:1052E000BDEC028B08BDFEF785F92123BDEC028BD6
:1052F00003600548BDE8084000F02AB8AFF300801D
:10530000000000000000F0FFDA66117000000000ED
:1053100008B52DED048BB0EE408B00F04EFEB4EEE0
:10532000488BF1EE10FA0CD69FED079BB4EEC98BBB
:10533000F1EE10FA05D5FEF75DF989EE090B212390
:105340000360BDEC048B08BD0000000000000000FD
:105350009FED010B704700BF000000000000F87FC8
:1053600010B52DED028BB0EE408B0446FEF742F9EE
:105370000460B0EE480BBDEC028B10BD82B058B19A
:10538000B1EE407B22208DED007B9DED007B20EE79
:10539000070B02B0FFF7E4BFB0EE407BF2E700007E
:1053A0009FED010BFFF7EABF0000000000000010B6
:1053B0009FED010BFFF7E2BF00000000000000704E
:1053C000BFEE006B82B0B7EE007B00284FF02200EA
:1053D00007FE067B8DED007B9DED000B9FED047BB2
:1053E00080EE070B02B0FFF7BBBF00BFAFF300803A
:1053F0000000000000000000B0EE407B30EE406B8B
:10540000B4EE477B86EE060BF1EE10FA02D62120B1
:10541000FFF7A6BF7047B5EE400BF1EE10FA02D1D0
:105420002220FFF79DBF7047B0EEC07B9FED066B5B
:10543000B4EE467BF1EE10FA02DD2220FFF790BFBA
:10544000704700BFAFF30080FFFFFFFFFFFFEF7F5C
:1054500010EE900A10EE103AF0B400F140414FF017
:10546000FF34020C9C4201F59011714C8C412DEDE2
:10547000028B5AD36F4A904208BF002B00F0C780BE
:10548000B7EE007B6C4B93ED126B30EE470B93ED58
:10549000107B20EE002BA6EE007B20EE024B93ED5E
:1054A000146B93ED185B93ED1E3BA6EE027B93ED20
:1054B000166BA5EE006B93ED1A5BA5EE026B93EDF8
:1054C0001C5BA3EE005B93ED203BA3EE025B93ED30
:1054D000223BA3EE045BB0EE403BA5EE046B93EDE4
:1054E0000E5BA6EE047BB0EE406BB0EE472B9FED5B
:1054F0004A7BA0EE076BA0EE476B26EE061B30EE54
:10550000468BA1EE053B30EE437B30EE060BA1EE61
:10551000057B25EE085BA5EE007BA2EE047B33EE57
:10552000070BBDEC028BF0BC7047A2F1100447F6EC
:10553000DF718C4223D9D91840EB0004214305D1F7
:105540000120BDEC028BF0BCFFF73ABF3B4988421B
:1055500008BF002BE5D0130403D447F6F073934340
:1055600004D1BDEC028BF0BCFFF746BF9FED2C7B56
:1055700020EE077B53EC172BA3F15070134600F17C
:1055800040422D49BFEE005B1E1E02F5D012C2F351
:1055900046344FEA125C121501EB04154FEA0C5C1D
:1055A00095ED247BA0EB0C0747EC166BA7EE065B92
:1055B00007EE902AB8EEE76B91ED004B95ED267B58
:1055C00091ED0C3BA4EE067B25EE052B35EE074B4B
:1055D00025EE021B37EE440B91ED027B30EE050BFE
:1055E000A7EE060B91ED047B91ED086BA7EE020B85
:1055F00091ED067BA6EE057B91ED0A6BA3EE056BA4
:10560000A6EE027BA1EE070B30EE040B89E79FEDBF
:10561000060B86E7AFF30080000000000000A04109
:105620000000000000003043000000000000000007
:10563000FF0803000000F03FE8B212700000F07FA6
:10564000C1F30A5240F2FE339A4270B52ADD40F2AD
:1056500033439A4224DC9B1A4FF0FF32A3F1200619
:1056600002FA03F4C3F1200502FA06F622FA05F560
:105670009A40344320EA02022C4321EA04042243E4
:10568000A3F12004C3F120020CD1D84001FA02F3A7
:10569000E1401843084300F00100D0F1020070BD62
:1056A0000220FCE70020FAE72DE9F04F10EE904AC7
:1056B00040F2FD7311EE90AA10EE105A4FEA145802
:1056C00011EE100A4FEA1A5608F1FF32C4469A4208
:1056D0002DED0A8B87B006D8C6F30A03A3F2BE33BA
:1056E0007F2B40F2578102186FF0010B6FF4001E00
:1056F0004AEB0A01571E41F1FF33BB457EEB030322
:1057000042D252EA01034FF000030CD16D1984F428
:1057100000246441AB42A3F58013A341C0F08F8005
:10572000B7EE000B2BE0D44EB44208BF9D4209D126
:1057300000188AF4002A4AEB0A0A8342CF4B73EB23
:105740000A03EBE76D19CE486441AB4270EB0406E7
:1057500075D3814208BF9A4271D1CA4A944208BFA8
:105760009D42DDD094426FEA0A0A34BF002401242E
:105770004FEADA7A544540F0DC8121EE010B07B0A4
:10578000BDEC0A8BBDE8F08F6F1944EB04097A1E5B
:1057900069F1000393457EEB030325D2002C20EE34
:1057A000000B13DA5146FFF74BFF01280ED1B1EE83
:1057B000400B57EA09090BD1BAF1000FDFDA07B045
:1057C000BDEC0A8BBDE8F04FFFF7FABD0020F0E713
:1057D000BAF1000FD3DAB7EE006B86EE007B8DEDE9
:1057E000007B9DED000BCAE7002C2BDA5146FFF73A
:1057F00027FF30B907B0BDEC0A8BBDE8F04FFFF7CB
:10580000FBBD411E24F00044C8F30A0C4842484145
:105810008004C6F30A02A2F2BE337F2B2DD90020EA
:10582000954B9C4208BF85423FF47AAF40F2BD31B0
:105830008A420CD8A842B7EE000BA34104D231EE45
:10584000000B9CE70020E4E730EE410B97E7012DC9
:1058500040F2FF7274EB030334BF0123002396422E
:105860008CBF00260126B34200F09C8007B0BDEC3F
:105870000A8BBDE8F04FFFF79BBDBCF1000F0AD1CA
:105880009FED797B20EE077B53EC172B23F0004430
:105890001546A4F150747C4ABFEE006B22441315E8
:1058A000C2F346316FF3130203EE103A774BA71A97
:1058B00003EB4116B8EEC33B03EB411296ED187BA8
:1058C00092ED125B2E1E47EC146BA4EE056B92ED6D
:1058D000162B93ED005B93ED10CB6FF47272A3EE79
:1058E000052B93ED025BA3EE057B36EE024B93EDA9
:1058F000045B32EE442B26EE055B32EE062B93ED75
:105900000C3B26EE050B37EE027B34EE008BB0EE3F
:10591000409B26EE00BB34EE484B96EE059B34EEE2
:1059200000AB93ED065B93ED084BA6EE045B37EE00
:10593000097B93ED0A4B37EE0A7BA6EE034B93ED02
:105940000E3BA6EE0C3BA0EE034BA0EE045BABEED1
:10595000057B38EE074B21EE046B38EE448BB0EE3E
:10596000465B16EE903A38EE078BC3F30A5691EE7B
:10597000045BB2183E2AA1EE085B1BD9002A0BDAA1
:10598000B7EE000B36EE000B00283FF4F8AEB1EE98
:10599000400BF4E600207EE7B6F5816F09D9002BB5
:1059A000BFF664AF07B0BDEC0A8BBDE8F04FFFF760
:1059B000F7BC00263649002791ED024B91ED003BE4
:1059C000B0EE447BA6EE037B91ED0A3B17EE105A36
:1059D00037EE447B91ED044B05F07F03A7EE046B9B
:1059E000DC18401904F10F0301EBC40401EBC302FE
:1059F00051F833C091ED064BD2F804E017EB0C02DE
:105A00000EEB4033A7EE046B91ED084B94ED1C7B3D
:105A100035EE065BA5EE034B25EE056B35EE077BF9
:105A200091ED0E3BA6EE047B26EE066B91ED0C4B42
:105A3000A5EE034BA6EE047B002E75D1BD4229DBFB
:105A400003F14041104601F5700141EC100BA7EE47
:105A5000000B9FED077B20EE070B07B0BDEC0A8B18
:105A6000BDE8F04FFFF7E0BC00000000000030434D
:105A7000000000000000007F0000F03F0000F0FF89
:105A80000000E0FF0000E07FAB6A19C078BB127035
:105A900078AA127003F17F511046B7EE003B01F572
:105AA000001141EC150B27EE056B9FED230B35EE36
:105AB000067BB0EEC74BB4EEC34BF1EE10FA2AD51D
:105AC000B5EEC07BBFEE004B35EE475BF1EE10FA52
:105AD00035EE065B58BFB0EE434B37EE043B34EE79
:105AE000436B36EE076B36EE056B36EE036B36EE28
:105AF000447BB5EE407BF1EE10FA04D1324601F062
:105B0000004343EC172B8DED020B9DED026B26EE4F
:105B1000006B8DED046B27EE000B07B0BDEC0A8B1C
:105B2000BDE8F04FFFF777BC43EC102BA7EE000B5E
:105B300025E69FED030B22E60000000000001000A8
:105B4000000000000000000010EE102A40F22A4180
:105B5000B7EEC06AC2F30A538B4230B42AD912F5A9
:105B6000000F58D0B3F5FF6F03D330EE000A30BCFE
:105B70007047DFED2A7AB4EEE70AF1EE10FA03DDA2
:105B8000002030BC00F0F2B9DFED257AB4EEE70A70
:105B9000F1EE10FA03D5002030BC00F0DBB9DFEDE8
:105BA000217AB4EEE70AF1EE10FA03D5002030BCFA
:105BB00000F0D6B91C4BB7EE000B93ED484B93EDBC
:105BC0004A5BB0EE447BA5EE067B17EE100A37EE7B
:105BD000447B00F01F0295EE067B03EBC20153F8F5
:105BE00032404D68002193ED4C5B93ED4E6B0A19EA
:105BF000A5EE076B27EE074B93ED505B05EBC0332B
:105C0000A5EE070B43EC172BA6EE040B20EE070BBB
:105C1000B7EEC00BABE79FED050AA8E71772B142DC
:105C2000B4F1CFC2CF8ECEC2C0CB12700000000044
:105C3000C0F3C7537E2B10D9962B0CD80122C3F189
:105C4000960302FA03F35A1E024206D1034214BF1E
:105C5000012002207047022070470020704700009A
:105C600037B510EE101A10EE904AF0EE407AA1F51A
:105C700000026300B0EE607AB2F1FE4F03F1FF3034
:105C80006FF0807252D2904258D2002001F140430E
:105C90009F4ABFEE002B03F54D03C3F3C3446FF3DC
:105CA0001603C91A02EB0414DB1507EE901A94EDE3
:105CB000004BB7EEE76A07EE903A94ED025BA4EE74
:105CC000062BB8EEE76BB7EEC77A36EE056B92EDB2
:105CD000421B92ED405B92ED443B22EE024BA2EE62
:105CE000051B24EE040B92ED465BA2EE035B92EDE6
:105CF000483BA2EE036BA4EE056BA1EE006B27EE12
:105D0000067B17EE903AC3F3CF3248F2BF039A42B4
:105D1000C0F098809FED766BB4EEC67BF1EE10FA82
:105D200079DD03B0BDE8304000F020B9904230D3B7
:105D30002BB14900B1F17F4F08D815E053B981F478
:105D40008001490011F5000F40F2CA8037EE870A42
:105D500003B030BDB1F17E5F05D184F480046400EE
:105D600014F5000FF0E74900B3F17F4FEED1B1F128
:105D7000FE4F00F0B580B1F1FE4F6FEA040434BF6E
:105D800000210121E40FA14240F0AD8027EE070A77
:105D9000DEE74D006B1E93421BD3002920EE000A64
:105DA0000EDA2046FFF744FF012809D1B1EE400A80
:105DB00045B9002CCCDA03B0BDE8304000F0DCB8C7
:105DC0000020F5E7002CC3DAF7EE007A87EE800AB0
:105DD000BEE700291DDA2046FFF72AFF20B903B0ED
:105DE000BDE8304000F0DAB8431E21F000415842CF
:105DF00058410004B1F5000FBFF448AFDFED456A2C
:105E000027EEA60A10EE103A23F00043A3F1386102
:105E10003CE70020EEE79FED386BB4EEC67BF1EE79
:105E200010FA45DD4FF04C53D0B3BFEE006A01933A
:105E3000DDED016A76EE666AF4EE466AF1EE10FA7E
:105E40007FF46FAF344BB7EE000B93ED405B37EE52
:105E5000056B16EE102A36EE456B93ED425B37EE7E
:105E6000467B02F01F01801803EBC10553F8314057
:105E700027EE074B00216D680A1993ED446BA7EEDE
:105E8000056B93ED465B05EBC033A7EE050B43ECCA
:105E9000172BA6EE040B20EE070BB7EEC00B57E74F
:105EA000B7EE006A0093DDED006A76EE866AC3E71E
:105EB0009FED136BB4EEC67BF1EE10FA04D803B07D
:105EC000BDE8304000F046B89FED0F6BB4EEC67BE6
:105ED000F1EE10FAB6D503B0BDE8304000F040B89E
:105EE000B7EE000A34E79FED0D0A31E7AFF300800B
:105EF00071D5D1FFFFFF5F40E2AAA3FFFFFF5F4024
:105F00000000000000C062C00000000000A062C0ED
:105F100008CD12700000004BC0CB127000000000D2
:105F200010B52DED028BB0EE408A0446FDF762FB02
:105F30000460B0EE480ABDEC028B10BD30B1F1EE4A
:105F4000407A27EE800A2220FFF7EABFF0EE407A7F
:105F5000F7E700009FED010AFFF7F0BF0000001017
:105F60009FED010AFFF7EABF0000201A9FED010A2A
:105F7000FFF7E4BF00000070F7EE007A0028BFEEE4
:105F8000007A9FED050A4FF0220047FE877A87EEE0
:105F9000800AFFF7C5BF00BF00000000F0EE407AA6
:105FA00030EE407AF4EE677A87EE070AF1EE10FAE7
:105FB00002D62120FFF7B4BF7047B1EEC00B704787
:105FC00010EE903AB3F5801F10B52DED028B21DA5B
:105FD00023F0004210EE101A0A4308D19FED226B05
:105FE0009FED237B86EE070BBDEC028B10BD002BD3
:105FF00002DA30EE406BF3E79FED1F7B6FF0350266
:1060000020EE070B10EE903A23498B4204DD30EE70
:10601000000BE9E70022F7E7181540F2FF34C3F35D
:106020001301A0F2FF30104400EBD073A4EBD0704A
:1060300008EE103A53EC102B41EA0053B8EEC88B2F
:1060400043EC102BFFF704FA9FED0D7B20EE070BBE
:106050009FED0D7BA8EE070B9FED0D7BA8EE070BC8
:10606000C2E700BFAFF3008000000000000050C393
:10607000000000000000000000000000000050438D
:106080000EE526157BCBDB3F362BF111F3FE593D98
:1060900000609F501344D33FFFFFEF7FF8B500BF70
:1060A000F8BC08BC9E467047F8B500BFF8BC08BCF9
:1060B0009E4670470000000000000091004C0291D5
:1060C00060070034601E003400000000CC010000B6
:1060D00010000000CC01000020000000CC010000F6
:1060E00030000000CC01000001000000CC010000E5
:1060F00011000000CC01000021000000CC010000D4
:1061000031000000CC01000002000000CC010000C2
:1061100012000000CC01000022000000CC010000B1
:1061200032000000CC01000003000000CC010000A0
:1061300013000000CC01000023000000CC0100008F
:1061400033000000CC01000004000000CC0100007E
:1061500014000000CC01000025000000CC0100006C
:1061600035000000CC01000005000000CC0100005B
:1061700016000000CC01000026000000CC01000049
:1061800037000000CC01000007000000CC01000037
:1061900018000000CC01000028000000CC01000025
:1061A00039000000CC01000009000000CC01000013
:1061B00019000000CC01000029000000CC01000003
:1061C0003A000000CC0100000A000000CC010000F1
:1061D0001A000000CC0100002A000000CC010000E1
:1061E0003B000000CC0100000B000000CC010000CF
:1061F0001B000000CC0100002B000000CC010000BF
:106200003C000000CC0100000C000000CC010000AC
:106210001C000000CC0100002C000000CC0100009C
:106220003D0000001D0100000D00000027010000DE
:106230001D000000300100002E00000039010000A8
:106240003E000000420100000E0000004B01000073
:106250001E000000550100002F0000005E0100003C
:106260003F000000670100000F0000007001000007
:10627000400000007901000041000000830100009F
:10628000420000008C010000430000009501000066
:10629000440000009E01000045000000A70100002E
:1062A00046000000B001000047000000BA010000F5
:1062B00048000000C301000049000000CC010000BC
:1062C000435055206C6F616400252E3166252500F2
:1062D000496E666572656E63650025756D7300466F
:1062E000505300252E32660050656F706C65730048
:1062F0002575004E4E205468726561640050502030
:106300005468726561640044502054687265616429
:106310000049535020546872656164006E6F745F69
:10632000706572736F6E0044656661756C74006EA3
:10633000625F696E707574203D3D203100453A2FD3
:106340004175746F6D6174696F6E2F53544D3332A4
:1063500070726F6A6563742F53544D33324E362F0B
:106360004169725F436F6E646974696F6E65722F05
:1063700050726F6A6563742F50726F6A6563742F11
:106380004169725F436F6E646974696F6E65722FE5
:106390004170706C692F436F72652F5372632F6168
:1063A00070705F706F737470726F636573732E6358
:1063B000004D61696E2054687265616400457272B7
:1063C0006F723A2045706F636820436F6E74726F0E
:1063D0006C6C65722062696E6172792069732069E4
:1063E0006E76616C6964004572726F723A20507209
:1063F0006F6772616D2073656374696F6E206F667D
:106400006673657420696E2062696E6172792066B8
:10641000696C6520697320696E76616C69640045FA
:1064200072726F723A20496E76616C6964206D6198
:10643000676963206E756D626572206F66204570B6
:106440006F636820436F6E74726F6C6C657220703E
:10645000726F6772616D004572726F723A204D659E
:106460006D6F727920616C6C6F6361746564206616
:106470006F72207468652045706F636820436F6E8B
:1064800074726F6C6C65722070726F6772616D20D0
:106490006D75737420626520382D62797465206192
:1064A0006C69676E6564004572726F723A20536959
:1064B0007A65206F66206D656D6F727920616C6CF6
:1064C0006F636174656420666F722074686520452F
:1064D000706F636820436F6E74726F6C6C657220AE
:1064E00070726F6772616D20686173206E6F7420C7
:1064F0006265656E207370656369666965640045F1
:1065000072726F723A204D656D6F727920616C6C9A
:106510006F636174656420666F72207468652045DE
:10652000706F636820436F6E74726F6C6C6572205D
:1065300070726F6772616D206973206E6F74207363
:10654000756666696369656E7420286174206C6580
:1065500061737420737061636520666F72202575A6
:106560002033322D62697420776F726473206D75E9
:10657000737420626520616C6C6F6361746564295B
:106580000A004572726F723A2043616E6E6F74201A
:1065900072656C6F636174652062656361757365B4
:1065A0002074686520706F696E74657220746F2046
:1065B0007468652045706F636820436F6E74726FF6
:1065C0006C6C65722072656C6F636174696F6E20AC
:1065D0007461626C6520697320696E76616C6964B0
:1065E000004572726F723A204F666673657420259B
:1065F0006C7520696E2045706F636820436F6E7400
:10660000726F6C6C65722062696E61727920697359
:1066100020696E76616C69640A004E6F6E65004594
:106620003A2F4175746F6D6174696F6E2F53544DBD
:10663000333270726F6A6563742F53544D33324E28
:10664000362F4169725F436F6E646974696F6E655E
:10665000722F4D6964646C6577617265732F41496F
:106660002F4E70752F6C6C5F61746F6E2F6C6C5F4A
:1066700061746F6E2E63005B4552524F525D20284D
:1066800025733A25643A206572726E6F3A2025733D
:106690002920257320756E697420766572206D69D6
:1066A000736D617463683A2052544C3A743D256CA2
:1066B000752C7665723D256C752E256C75202041F4
:1066C000544F4E2E683A743D256C752C7665723D9C
:1066D000256C752E256C750A0D0A00535452454ED3
:1066E0004700434F4E5641434300504F4F4C0041EB
:1066F0005249544800414354495600444543554E7D
:106700000045504F43484354524C00524543425574
:106710004600434C4B4354524C00494E5443545250
:106720004C0053545253574954434800425553491F
:10673000460063757272656E7420213D2054585F67
:106740004E554C4C00453A2F4175746F6D6174691C
:106750006F6E2F53544D333270726F6A6563742FAE
:1067600053544D33324E362F4169725F436F6E641E
:106770006974696F6E65722F4D6964646C657761C9
:106780007265732F41492F4E70752F6C6C5F617469
:106790006F6E2F6C6C5F61746F6E5F6F73616C5F97
:1067A000746872656164782E6300287265742920AC
:1067B0003D3D2054585F53554343455353006E6548
:1067C00074776F726B5F696E7374616E636520219D
:1067D0003D202828766F6964202A29302900453A0F
:1067E0002F4175746F6D6174696F6E2F53544D3303
:1067F0003270726F6A6563742F53544D33324E3664
:106800002F4169725F436F6E646974696F6E657260
:106810002F4D6964646C6577617265732F41492FF0
:106820004E70752F6C6C5F61746F6E2F6C6C5F6156
:10683000746F6E5F72745F6D61696E2E63006E655A
:1068400074776F726B5F696E7374616E63652D3EF2
:106850006E6574776F726B20213D202828766F69F2
:1068600064202A2930290063757272656E745F6F27
:10687000776E6572203D3D205F5F6C6C5F63757263
:1068800072656E745F61746F6E5F69705F6F776E53
:10689000657200453A2F4175746F6D6174696F6E52
:1068A0002F53544D333270726F6A6563742F535493
:1068B0004D33324E362F4169725F436F6E64697497
:1068C000696F6E65722F4D6964646C65776172657E
:1068D000732F41492F4E70752F6C6C5F61746F6E12
:1068E0002F6C6C5F61746F6E5F72756E74696D652D
:1068F0002E68005F5F6C6C5F63757272656E745FAB
:10690000776169745F6D61736B203D3D2030005F7E
:106910005F6C6C5F63757272656E745F61746F6ECD
:106920005F69705F6F776E657220213D2028287641
:106930006F6964202A2930290045706F6368426CB2
:106940006F636B5F497345706F6368426C6F622859
:1069500065622900453A2F4175746F6D6174696FE6
:106960006E2F53544D333270726F6A6563742F53B8
:10697000544D33324E362F4169725F436F6E6469F6
:1069800074696F6E65722F4D6964646C65776172AE
:1069900065732F41492F4E70752F6C6C5F61746F5A
:1069A0006E2F6C6C5F61746F6E5F4E4E5F696E74BC
:1069B0006572666163652E680065634964203C20EA
:1069C0003100453A2F4175746F6D6174696F6E2F98
:1069D00053544D333270726F6A6563742F53544D44
:1069E00033324E362F4169725F436F6E646974694A
:1069F0006F6E65722F4D6964646C65776172657343
:106A00002F41492F4E70752F6C6C5F61746F6E2F24
:106A10006C6C5F61746F6E5F72756E74696D652EFC
:106A200063006E6E5F696E7374616E6365203D3DD9
:106A3000205F5F6C6C5F63757272656E745F61740A
:106A40006F6E5F69705F6F776E65720045706F6320
:106A500068426C6F636B5F497345706F6368496E22
:106A60007465726E616C28656229207C7C2045709B
:106A70006F6368426C6F636B5F497345706F6368E7
:106A800048796272696428656229207C7C20285FCD
:106A90005F6C6C5F63757272656E745F61746F6E4C
:106AA0005F69705F6F776E657220213D206E6E5F4B
:106AB000696E7374616E636529006E6E5F696E73D3
:106AC00074616E636520213D202828766F696420FB
:106AD0002A293029006E6E5F696E7374616E63657A
:106AE0002D3E657865635F73746174652E74726999
:106AF0006767657265645F6576656E7473203D3D9A
:106B000020307830006E6E5F696E7374616E6365FD
:106B10002D3E657865635F73746174652E7361766D
:106B200065645F63757272656E745F65706F6368CC
:106B30005F626C6F636B203D3D202828766F69642F
:106B4000202A2930290053747265616D696E6720AF
:106B5000656E67696E65206572726F7220696E740A
:106B60006572727570740053747265616D696E67D9
:106B700020656E67696E6520636F6D706C65746902
:106B80006F6E20696E7465727275707400436F6EFB
:106B9000766F6C7574696F6E616C20616363656C90
:106BA000657261746F7220696E746572727570744B
:106BB000005265636F6E666967757261626C65200D
:106BC00062756666657220696E746572727570743E
:106BD0000042757320696E74657266616365206931
:106BE0006E74657272757074004255534946256C17
:106BF00064204552523A203078256C780A0053744C
:106C00007265616D2073776974636820696E74655D
:106C100072727570740045706F636820436F6E7494
:106C2000726F6C6C6572204552524F5220696E74BF
:106C30006572727570743A2045435F495251203D28
:106C40002030782530386C780A0045706F636820F2
:106C5000436F6E74726F6C6C6572206F70636F64DB
:106C60006520636F756E7465723A20307825303810
:106C70006C780A0045706F636820436F6E74726FA2
:106C80006C6C6572206C6162656C3A2030782530DE
:106C9000386C780A0045706F636820436F6E7472B9
:106CA0006F6C6C6572204E4F41434B20696E74656A
:106CB00072727570740045706F636820436F6E74F4
:106CC000726F6C6C657220696E7465727275707427
:106CD0000041544F4E5F5354445F49525148616ED6
:106CE000646C657228294025643A20697271733D8D
:106CF0003078256C6C780A006E6E5F696E73746113
:106D00006E63652D3E6E6574776F726B2D3E6563A5
:106D10005F6E6574776F726B5F696E697420213D79
:106D2000202828766F6964202A293029007265742A
:106D3000203D3D2031006E6E5F696E7374616E633D
:106D4000652D3E657865635F73746174652E637548
:106D50007272656E745F65706F63685F626C6F639B
:106D60006B20213D202828766F6964202A2930294C
:106D700000286E6E5F696E7374616E63652D3E6E82
:106D80006574776F726B20213D202828766F6964C7
:106D9000202A2930292920262620286E6E5F696E38
:106DA0007374616E63652D3E6E6574776F726B2DC3
:106DB0003E65635F696E666572656E63655F696E89
:106DC000697420213D202828766F6964202A2930A3
:106DD0002929005F5F6C6C5F63757272656E745F0A
:106DE00061746F6E5F69705F6F776E6572203D3D95
:106DF000206E6E5F696E7374616E636500756E6C94
:106E00006F636B203F2045706F6368426C6F636BEC
:106E10005F49734C61737445706F6368426C6F6354
:106E20006B286E6E5F696E7374616E63652D3E656F
:106E30007865635F73746174652E63757272656ED5
:106E4000745F65706F63685F626C6F636B29203A73
:106E50002045706F6368426C6F636B5F4973457068
:106E60006F6368496E7465726E616C286E6E5F69DF
:106E70006E7374616E63652D3E657865635F7374D0
:106E80006174652E63757272656E745F65706F6391
:106E9000685F626C6F636B290045706F6368426C5A
:106EA0006F636B5F497345706F636848796272699D
:106EB00064286E6E5F696E7374616E63652D3E65E6
:106EC0007865635F73746174652E73617665645F62
:106ED00063757272656E745F65706F63685F626C14
:106EE0006F636B29006E6E5F696E7374616E6365AC
:106EF0002D3E657865635F73746174652E6E657889
:106F0000745F65706F63685F626C6F636B203D3D9B
:106F1000202828766F6964202A293029006E657739
:106F20005F6F776E657220213D205F5F6C6C5F63E1
:106F3000757272656E745F61746F6E5F69705F6F9A
:106F4000776E6572005F5F6C6C5F63757272656E01
:106F5000745F61746F6E5F69705F6F776E657220CA
:106F60003D3D202828766F6964202A293029005F5A
:106F70005F6C6C5F63757272656E745F61746F6E67
:106F80005F69705F6F776E65722D3E657865635FD0
:106F900073746174652E63757272656E745F65706B
:106FA0006F63685F626C6F636B20213D20282876D9
:106FB0006F6964202A29302900453A2F4175746F82
:106FC0006D6174696F6E2F53544D333270726F6AF6
:106FD0006563742F53544D33324E362F4169725FBF
:106FE000436F6E646974696F6E65722F4D69646476
:106FF0006C6577617265732F53544D33325F4D5713
:107000005F43414D4552412F636D775F7574696CE5
:10701000732E6300726174696F203E3D20310072EF
:107020006174696F203C20363400494D5833333544
:1070300000494E464F3A2047657453656E736F7230
:10704000496E666F2068656C7065722066756E6348
:1070500074696F6E206973206E6F7420696D706C37
:10706000656D656E7465640D00494E464F3A205358
:10707000657453656E736F724761696E2068656CE5
:107080007065722066756E6374696F6E2069732017
:107090006E6F7420696D706C656D656E7465640DDE
:1070A00000494E464F3A2047657453656E736F72C0
:1070B0004761696E2068656C7065722066756E63E5
:1070C00074696F6E206973206E6F7420696D706CC7
:1070D000656D656E7465640D00494E464F3A2053E8
:1070E000657453656E736F724578706F73757265F2
:1070F0002068656C7065722066756E6374696F6E6A
:10710000206973206E6F7420696D706C656D656E9B
:107110007465640D00494E464F3A204765745365C7
:107120006E736F724578706F737572652068656CE9
:107130007065722066756E6374696F6E2069732066
:107140006E6F7420696D706C656D656E7465640D2D
:10715000004552524F523A204E6F20706F73736940
:10716000626C6520646563696D6174696F6E206629
:107170006163746F7220746F20746172676574202C
:107180004953502052415720776964746820636FD7
:107190006E73747261696E740D004552524F523AAB
:1071A000204953502068616E646C65206973204EDD
:1071B000554C4C0D004552524F523A2063616E2798
:1071C00074207365742053746174697374696320E7
:1071D00045787472616374696F6E20636F6E66695F
:1071E000670D004552524F523A2063616E2774205A
:1071F000656E61626C652053746174697374696350
:107200002045787472616374696F6E20636F6E6677
:1072100069670D0053797374656D2054696D6572EB
:1072200020546872656164005472616E73706F738C
:10723000655F315F6F75745F3000436F6E76324407
:107240005F375F7A65726F5F6F66665F6F75745FD9
:1072500031004D6178506F6F6C5F31315F6F7574C5
:107260005F30004D6178506F6F6C5F31375F6F75C5
:10727000745F30004D6178506F6F6C5F31375F6FB6
:1072800075745F305F63705F696E5F3135004D61AB
:1072900078506F6F6C5F32335F6F75745F30004D85
:1072A0006178506F6F6C5F32335F6F75745F305F02
:1072B00063705F696E5F313600436F6E7632445F94
:1072C00032355F6F75745F305F63705F696E5F3515
:1072D0005F63705F696E5F365F63705F696E5F37B3
:1072E000004D6178506F6F6C5F32395F6F75745FFE
:1072F00030004D6178506F6F6C5F32395F6F75741D
:107300005F305F63705F696E5F313700436F6E7629
:1073100032445F33315F6F75745F305F63705F69F4
:107320006E5F385F63705F696E5F395F63705F695E
:107330006E5F3130004D6178506F6F6C5F33355F39
:107340006F75745F30004D6178506F6F6C5F3335CF
:107350005F6F75745F305F63705F696E5F313800B7
:10736000436F6E7632445F33375F6F75745F300002
:107370004C65616B7952654C555F34305F6F757445
:107380005F30004C65616B7952654C555F34305FFE
:107390006F75745F305F63705F696E5F3139004D88
:1073A0006178506F6F6C5F34315F6465636F6D70CF
:1073B0006F7365645F305F6F75745F3832004D6165
:1073C00078506F6F6C5F34315F6465636F6D706FA1
:1073D0007365645F305F6F75745F38325F63705FD1
:1073E000696E5F323000436F6E7632445F34335FD4
:1073F0006F75745F30004C65616B7952654C555FF9
:1074000034365F6F75745F30004C65616B7952651F
:107410004C555F34365F6F75745F305F63705F69C2
:107420006E5F323100436F6E7632445F34385F6F87
:1074300075745F30004C65616B7952654C555F35F2
:10744000315F6F75745F3000436F6E7632445F3525
:10745000325F6F75745F305F63705F696E5F31328A
:107460005F63705F696E5F31335F63705F696E5F2A
:10747000313400436F6E7632445F35325F6F66663B
:107480005F626961735F6F75745F3739004465715E
:1074900075616E74697A655F35345F6F75745F30DE
:1074A000005472616E73706F73655F35355F6F7511
:1074B000745F3000496E7075745F305F6F75745F14
:1074C0003000436F6E7632445F375F776569676877
:1074D000747300436F6E7632445F31335F77656952
:1074E0006768747300436F6E7632445F31395F773B
:1074F00065696768747300436F6E7632445F323536
:107500005F7765696768747300436F6E7632445FB6
:1075100033315F7765696768747300436F6E7632E5
:10752000445F33375F7765696768747300436F6ED4
:107530007632445F34335F776569676874730043FC
:107540006F6E7632445F34385F776569676874734D
:1075500000436F6E7632445F35325F7765696768E6
:1075600074730044657175616E74697A655F353452
:107570005F785F7363616C650044657175616E74FB
:10758000697A655F35345F785F7A65726F5F706FB7
:10759000696E7400436F6E7632445F375F7A65724E
:1075A0006F5F6F66665F3200436F6E7632445F379F
:1075B0005F6D756C5F7363616C655F3500436F6E03
:1075C0007632445F375F6F66665F626961735F380A
:1075D00000436F6E7632445F31335F6D756C5F735D
:1075E00063616C655F313400436F6E7632445F31A6
:1075F000335F6F66665F626961735F313700436F47
:107600006E7632445F31395F6D756C5F7363616CA8
:10761000655F323300436F6E7632445F31395F6F9E
:1076200066665F626961735F323600436F6E763201
:10763000445F32355F6D756C5F7363616C655F339A
:107640003200436F6E7632445F32355F6F66665F3D
:10765000626961735F333500436F6E7632445F3326
:10766000315F6D756C5F7363616C655F34310043CE
:107670006F6E7632445F33315F6F66665F62696159
:10768000735F343400436F6E7632445F33375F6D1F
:10769000756C5F7363616C655F353000436F6E7648
:1076A00032445F33375F6F66665F626961735F356F
:1076B0003300436F6E7632445F34335F6D756C5FB9
:1076C0007363616C655F353900436F6E7632445F7A
:1076D00034335F6F66665F626961735F36320043A1
:1076E0006F6E7632445F34385F6D756C5F736361C3
:1076F0006C655F363800436F6E7632445F34385FB6
:107700006F66665F626961735F373100436F6E76E3
:1077100032445F35325F6D756C5F7363616C655FBA
:10772000373700436F6E7632445F35325F6F66667F
:107730005F626961735F3830005175616E74697A98
:10774000655F355F3136335F72657175616E74697F
:107750007A655F7A65726F004D6178506F6F6C5F0C
:1077600034315F6465636F6D706F7365645F706102
:10777000645F7061645F6B65726E5F313134004CC1
:1077800065616B7952654C555F31305F6163746937
:10779000765F524F4D30004C65616B7952654C55A8
:1077A0005F31305F61637469765F524F4D31004CD9
:1077B00065616B7952654C555F31365F6163746901
:1077C000765F524F4D30004C65616B7952654C5578
:1077D0005F31365F61637469765F524F4D31004CA3
:1077E00065616B7952654C555F32325F61637469D4
:1077F000765F524F4D30004C65616B7952654C5548
:107800005F32325F61637469765F524F4D31004C75
:1078100065616B7952654C555F32385F616374699D
:10782000765F524F4D30004C65616B7952654C5517
:107830005F32385F61637469765F524F4D31004C3F
:1078400065616B7952654C555F33345F6163746970
:10785000765F524F4D30004C65616B7952654C55E7
:107860005F33345F61637469765F524F4D31004C12
:1078700065616B7952654C555F34305F6163746943
:10788000765F524F4D30004C65616B7952654C55B7
:107890005F34305F61637469765F524F4D31004CE5
:1078A00065616B7952654C555F34365F616374690D
:1078B000765F524F4D30004C65616B7952654C5587
:1078C0005F34365F61637469765F524F4D31004CAF
:1078D00065616B7952654C555F35315F61637469E1
:1078E000765F524F4D30004C65616B7952654C5557
:1078F0005F35315F61637469765F524F4D3100458A
:1079000052524F523A20636F6E765F6372697465AC
:1079100072696F6E2068797065722D706172616D29
:1079200065746572206D75737420626520612070C6
:107930006F7369746976652076616C756521006581
:10794000766973696F6E2041574220762573005423
:107950006865206E756D626572206F662070726F4B
:1079600066696C6573206D75737420626520612093
:10797000706F736974697665206E756D62657220CB
:10798000736D616C6C6572207468616E2025752161
:107990000D0A0054686520636F6C6F722074656D0A
:1079A0007065726174757265206F662074686520F9
:1079B00070726F66696C6520776974682074686599
:1079C000206C6F7765737420636F6C6F72207465C1
:1079D0006D7065726174757265206D757374206267
:1079E000652067726561746572207468616E2074C9
:1079F0006865206D696E696D756D20737570706F47
:107A00007274656420636F6C6F722074656D70654D
:107A1000726174757265210D0A006D696E5F74651F
:107A20006D703D252E3066205B4B656C76696E5D12
:107A300020776865726561732074686520636F6C78
:107A40006F722074656D7065726174757265206FF8
:107A500066207468652066697273742070726F6640
:107A6000696C6520697320252E3066205B4B656C40
:107A700076696E5D210D0A0054686520636F6C6F36
:107A8000722074656D7065726174757265206F66C1
:107A9000207468652070726F66696C652077697400
:107AA0006820746865206869676865737420636F0F
:107AB0006C6F722074656D7065726174757265208B
:107AC0006D75737420626520736D616C6C657220D6
:107AD0007468616E20746865206D6178696D756D7C
:107AE00020737570706F7274656420636F6C6F7251
:107AF0002074656D7065726174757265210D0A0080
:107B00006D61785F74656D703D252E3066205B4B2E
:107B1000656C76696E5D2077686572656173207447
:107B2000686520636F6C6F722074656D706572613B
:107B300074757265206F6620746865206C6173745B
:107B40002070726F66696C6520697320252E30661F
:107B5000205B4B656C76696E5D210D0A005468658B
:107B60002070726F66696C6573206D757374206226
:107B70006520756E6971756520616E64207370652E
:107B800063696669656420696E20696E6372656108
:107B900073696E67206F72646572206163636F72D0
:107BA00064696E6720746F2074686520636F6C6F02
:107BB000722074656D7065726174757265210D0A4D
:107BC00000417420696E64657820257520636F6CB0
:107BD0006F722074656D706572617475726520696D
:107BE0007320252E30662C207768657265617320BE
:107BF000617420696E64657820257520636F6C6FF1
:107C0000722074656D706572617475726520697338
:107C100020252E30662E0D0A0054686520646563A9
:107C20006973696F6E207468726573686F6C6473D2
:107C3000206D75737420626520756E69717565209D
:107C4000616E642073706563696669656420696E3E
:107C500020696E6372656173696E67206F72646517
:107C600072206163636F7264696E6720746F207441
:107C7000686520636F6C6F722074656D70657261EA
:107C800074757265210D0A00417420696E6465780F
:107C9000202575206465636973696F6E20636F6C5E
:107CA0006F722074656D706572617475726520699C
:107CB0007320252E30662C207768657265617320ED
:107CC000617420696E646578202575206465636938
:107CD00073696F6E20636F6C6F722074656D706571
:107CE00072617475726520697320252E30662E0DC1
:107CF0000A00546865206465636973696F6E207457
:107D000068726573686F6C6473206D757374206C32
:107D10006965206265747765656E2074776F20638E
:107D20006F6E73656375746976652070726F6669CE
:107D30006C6520636F6C6F722074656D7065726125
:107D40007475726573210D0A00417420696E646553
:107D500078202575206465636973696F6E20636F91
:107D60006C6F722074656D706572617475726520D8
:107D7000697320252E30662C2077686572656173E3
:107D80002074686520636F6C6F722074656D706518
:107D900072617475726573206F6620746865206304
:107DA0006F72726573706F6E64696E6720415742BF
:107DB0002070726F66696C65732061726520252E74
:107DC000306620616E6420252E30662E0D0A005725
:107DD00041524E494E473A20415742207377207313
:107DE0007461746973746963206D6561737572651C
:107DF0006D656E74206E6F7420617661696C61626E
:107E00006C652E204275696C6420746865206C690D
:107E100062726172696573207769746820414C47AA
:107E20004F5F53575F535441544953544943530090
:107E30004572726F72206F63637572656420776834
:107E4000656E20636F6D707574696E672073746101
:107E50007469737469637321004572726F72206F65
:107E6000636375726564207768656E2061707072F7
:107E70006F78696D6174696E6720636F6C6F7220D3
:107E800074656D70657261747572652100457272FA
:107E90006F72206F636375726564207768656E200A
:107EA000636F6D707574696E6720636F6C6F72209D
:107EB00074656D7065726174757265207365747533
:107EC0007000496E707574206368616E6E656C2019
:107ED00076616C75657320736D616C6C657220746E
:107EE00068616E20303A20523D252E31662C2047A5
:107EF0003D252E31662C20423D252E3166200A007C
:107F0000496E707574206368616E6E656C20766171
:107F10006C75657320677265617465722074686141
:107F20006E203235353A20523D252E31662C2047C1
:107F30003D252E31662C20423D252E3166200A003B
:107F4000496E76616C6964206D656D6F7279206C25
:107F50006F636174696F6E2070726F7669646564B7
:107F600020666F72206F7574707574207661726907
:107F700061626C65733A20592025732C20552025A9
:107F8000732C2056202573200A0065766973696F6B
:107F90006E2053542D414520762573002C206675A4
:107FA0006E6374696F6E3A200061737365727469F1
:107FB0006F6E2022257322206661696C65643A2009
:107FC00066696C6520222573222C206C696E652001
:107FD0002564257325730A00494E4600696E6600C4
:107FE0004E414E006E616E003031323334353637DB
:107FF0003839414243444546003031323334353616
:10800000373839616263646566005375636365730D
:1080100073004E6F74206F776E6572004E6F207321
:108020007563682066696C65206F7220646972658B
:1080300063746F7279004E6F20737563682070727D
:108040006F6365737300496E7465727275707465E1
:10805000642073797374656D2063616C6C00492FC3
:108060004F206572726F72004E6F207375636820C7
:10807000646576696365206F7220616464726573FC
:108080007300417267206C69737420746F6F206C89
:108090006F6E67004578656320666F726D6174204E
:1080A0006572726F7200536F636B657420616C72DE
:1080B0006561647920636F6E6E6563746564004208
:1080C00061642066696C65206E756D626572004E34
:1080D0006F206368696C6472656E004465737469CF
:1080E0006E6174696F6E206164647265737320726F
:1080F00065717569726564004E6F206D6F726520E1
:1081000070726F636573736573004E6F7420656E74
:108110006F756768207370616365005065726D6983
:108120007373696F6E2064656E6965640042616493
:1081300020616464726573730044657669636520C9
:108140006F72207265736F757263652062757379E3
:108150000046696C65206578697374730043726FBB
:1081600073732D646576696365206C696E6B004E70
:108170006F207375636820646576696365004E6F70
:10818000742061206469726563746F727900486F4E
:10819000737420697320646F776E00436F6E6E6531
:1081A0006374696F6E20616C726561647920696EB9
:1081B0002070726F67726573730049732061206469
:1081C00069726563746F727900496E76616C696477
:1081D00020617267756D656E74004E6574776F729D
:1081E0006B20696E74657266616365206973206EC9
:1081F0006F7420636F6E6669677572656400436FA4
:108200006E6E656374696F6E2061626F727465640F
:10821000206279206E6574776F726B00546F6F20E7
:108220006D616E79206F70656E2066696C65732074
:10823000696E2073797374656D0046696C6520649E
:10824000657363726970746F722076616C756520F6
:10825000746F6F206C61726765004E6F74206120CF
:1082600063686172616374657220646576696365D1
:1082700000546578742066696C65206275737900B6
:1082800046696C6520746F6F206C61726765004889
:108290006F737420697320756E72656163686162C3
:1082A0006C65004E6F207370616365206C65667449
:1082B000206F6E20646576696365004E6F7420736D
:1082C0007570706F7274656400496C6C6567616C81
:1082D000207365656B00526561642D6F6E6C79204B
:1082E00066696C652073797374656D00546F6F20D7
:1082F0006D616E79206C696E6B730042726F6B6595
:108300006E2070697065004D617468656D61746997
:10831000637320617267756D656E74206F7574206C
:108320006F6620646F6D61696E206F662066756E82
:108330006374696F6E00526573756C7420746F6F2F
:10834000206C61726765004E6F206D6573736167A5
:1083500065206F6620646573697265642074797046
:1083600065004964656E7469666965722072656D41
:108370006F76656400496C6C6567616C2062797426
:10838000652073657175656E636500446561646C35
:108390006F636B004E6574776F726B206973207525
:1083A0006E726561636861626C65004E6F206C6F10
:1083B000636B004E6F7420612073747265616D0091
:1083C00053747265616D20696F63746C2074696D9C
:1083D000656F7574004E6F2073747265616D2072E5
:1083E00065736F7572636573005669727475616C3D
:1083F000206369726375697420697320676F6E65A5
:108400000050726F746F636F6C206572726F7200D0
:10841000556E6B6E6F776E2070726F746F636F6CDA
:10842000004D756C7469686F7020617474656D704F
:1084300074656400426164206D65737361676500F3
:1084400046756E6374696F6E206E6F7420696D700F
:108450006C656D656E746564004469726563746F04
:108460007279206E6F7420656D7074790046696C46
:1084700065206F722070617468206E616D65207474
:108480006F6F206C6F6E6700546F6F206D616E7937
:108490002073796D626F6C6963206C696E6B730019
:1084A0004E6F206275666665722073706163652029
:1084B000617661696C61626C65004E6F2064617405
:1084C0006100416464726573732066616D696C79E3
:1084D000206E6F7420737570706F727465642062A3
:1084E000792070726F746F636F6C2066616D696C58
:1084F000790050726F746F636F6C2077726F6E6764
:10850000207479706520666F7220736F636B657479
:1085100000536F636B6574206F7065726174696F6F
:108520006E206F6E206E6F6E2D736F636B657400BF
:1085300050726F746F636F6C206E6F742061766120
:10854000696C61626C6500436F6E6E656374696F20
:108550006E207265667573656400436F6E6E656349
:1085600074696F6E2072657365742062792070651E
:108570006572004164647265737320616C72656139
:10858000647920696E207573650041646472657357
:1085900073206E6F7420617661696C61626C650036
:1085A000536F6674776172652063617573656420CB
:1085B000636F6E6E656374696F6E2061626F727453
:1085C00000536F636B6574206973206E6F74206352
:1085D0006F6E6E656374656400536F636B657420C2
:1085E000697320616C726561647920636F6E6E657A
:1085F00063746564004F7065726174696F6E2063A7
:10860000616E63656C6564005374617465206E6FA0
:1086100074207265636F76657261626C650050727A
:108620006576696F7573206F776E65722064696512
:1086300064004F7065726174696F6E206E6F742094
:10864000737570706F72746564206F6E20736F63E2
:108650006B65740056616C756520746F6F206C617A
:1086600072676520666F7220646566696E65642056
:10867000646174612074797065004D65737361671E
:108680006520746F6F206C6F6E6700436F6E6E6550
:108690006374696F6E2074696D6564206F75740012
:1086A000496E66696E697479004E614E00524545A7
:1086B0004E54206D616C6C6F6320737563636565E8
:1086C000646564002F6275696C642F676E752D7424
:1086D0006F6F6C732D666F722D73746D33325F31F3
:1086E000332E332E72656C312E32303234303932C3
:1086F000362D313731352F7372632F6E65776C6984
:10870000622F6E65776C69622F6C6962632F737478
:10871000646C69622F64746F612E630042616C6CDB
:108720006F6320737563636565646564002F6275AC
:10873000696C642F676E752D746F6F6C732D666F27
:10874000722D73746D33325F31332E332E72656C3C
:10875000312E32303234303932362D313731352FF7
:108760007372632F6E65776C69622F6E65776C69C3
:10877000622F6C6962632F7374646C69622F6D7011
:108780007265632E6300232D302B2000686C4C0033
:1087900065666745464700504F534958002E000014
:1087A000206311701C63117027631170610A1170CE
:1087B000B10A1170F5091170190A1170290A1170A6
:1087C000510A1170F50A1170050B1170FD0A117034
:1087D0000D0B11706170705F706F737470726F63E6
:1087E0006573735F72756E003B017D3F12145740D5
:1087F00040A407405F07AC40F85343403A2312417E
:1088000087A7B140D5E71441B29D1B417446324160
:1088100001020004D53C10701D3C1070653B1070C7
:10882000293B1070ED3A1070D93810701D39107056
:10883000A1391070B1391070C1391070093A107037
:1088400005040000000A0800000005040804080FE1
:108850000C000408010400040802020101020100E6
:1088600002000400060008000A000C0010002000AE
:108870004000800000010804020408010101010118
:108880000103070100004C4C5F41544F4E5F496E9D
:1088900069740061746F6E5F6F73616C5F7468728E
:1088A000656164785F7369676E616C5F6576656E3C
:1088B000740061746F6E5F6F73616C5F7468726572
:1088C0006164785F7766650061746F6E5F6F736176
:1088D0006C5F746872656164785F6465696E697401
:1088E0000061746F6E5F6F73616C5F746872656155
:1088F00064785F696E6974004C4C5F41544F4E5F01
:1089000052545F4D61696E005F5F4C4C5F41544F44
:108910004E5F52545F49727145706F6368426C6F6D
:1089200062005F5F4C4C5F41544F4E5F52545F4951
:108930007271457272004E5055305F495251486114
:108940006E646C6572005F5F4C4C5F41544F4E5FCC
:1089500052545F44657465726D696E654E657874D6
:1089600045706F6368426C6F636B005F5F4C4C5F78
:1089700041544F4E5F52545F45786563456E644580
:10898000706F6368426C6F636B0045706F63684221
:108990006C6F636B5F45706F6368436F6E74726F6B
:1089A0006C6C6572556E6974005F5F4C4C5F41542E
:1089B0004F4E5F52545F536574576169744D6173D4
:1089C0006B005F5F6C6C5F7365745F61746F6E5F8B
:1089D0006F776E6572005F5F4C4C5F41544F4E5F26
:1089E00052545F53746172745F41746F4E4E5F45B1
:1089F000706F6368005F5F4C4C5F41544F4E5F5235
:108A0000545F45786563537461727445706F636831
:108A1000426C6F636B005F5F4C4C5F41544F4E5F25
:108A200052545F52657446726F6D4C696245706F47
:108A30006368426C6F636B4172726179004C4C5F8A
:108A400041544F4E5F52545F52756E45706F63686C
:108A5000426C6F636B005F5F6C6C5F636C6561722F
:108A60005F61746F6E5F6F776E6572004C4C5F4133
:108A7000544F4E5F52545F496E69745F4E65747710
:108A80006F726B00434D575F5554494C535F676598
:108A9000745F6465635F726174696F5F66726F6D46
:108AA0005F646563696D616C5F726174696F0043D7
:108AB0004D575F5554494C535F6765745F63726FE0
:108AC000705F636F6E666967000000000000000061
:108AD0000000000000000000010002040406000085
:108AE0000000000000000000000000000000000086
:108AF0000000000000000000000000000000000076
:108B0000000000000000000088020000E6010000F4
:108B100010050000CC030000000000000000000071
:108B20000000000000000000000000000000000045
:108B3000010C0C0C010000000000000001410000CD
:108B40000000000000000000000000000000000025
:108B500000000000000000000000000000544C383D
:108B600034000000000000000000000000000000D1
:108B7000000000000000000000000000004435304C
:108B800000000000000000000000000000000000E5
:108B90000000000000000000000000000044363526
:108BA00000000000000000000000000000000000C5
:108BB0000000000000000000000000000046726598
:108BC0006520736C6F74000000000000000000005E
:108BD0000000000000000000000000000000000095
:108BE000280B0000A00F000088130000641900008B
:108BF00000000000003B580840CE8C0A00EF1C0D1E
:108C000040679A0E0000000000E1F50500E1F5055F
:108C100000E1F50500E1F50500000000C02A641040
:108C2000C0D0010E0095BA0AC01C3D09000000002A
:108C3000A0180709606AE6F9E08C0803A8E1DFFAEA
:108C4000A04C930C40C682FE40787D01C07471F048
:108C5000403F5314242A3F09707FDDFB50FBC700BF
:108C600068EDB1FD48BEFE09802DFAFDD8A0540084
:108C7000B02B05FC088E880980CDBB0AC09E22FC63
:108C8000D09B17FFD08CE1FD00C6200A2067F3FDC2
:108C900010149500E0BB4BFA2038150B80CDBB0AB1
:108CA000C09E22FCD09B17FFD08CE1FD00C6200A9D
:108CB0002067F3FD10149500E0BB4BFA2038150B2C
:108CC00000000000000000000000000000000000A4
:108CD0000000000000000000000000000000000094
:108CE0000000000000000000000000000000000084
:108CF0000000000000000000000000000000000074
:108D00000000000000000000000000000000000063
:108D10000000000000000000000000000101000051
:108D200048310000803201009C320000A032100067
:108D300002333200033300006C330100483110006D
:108D4000803200009C320100A0321100023300008A
:108D5000033300006C3300007430C800753000002D
:108D60004E3000004F30000081300200833002009E
:108D7000B6300000B730000016310800173100008F
:108D80007430F80075300F004E3000004F30010095
:108D90008130FE008330FE00B630FA00B7300100AB
:108DA00016310200173100007430C8007530000021
:108DB0004E3001004F30000081300200833002004D
:108DC000B6300000B730000016310800173100003F
:108DD0007430F80075300F004E3001004F30010044
:108DE0008130FE008330FE00B630FA00B73001005B
:108DF000163102001731000030309400313011007C
:108E000030301A00313015003030600031301A0037
:108E100030302A00313023003030C000313034008F
:108E20000C300F000D300B004C31C6004D310000EE
:108E30005A3100006831A0006A317C000C302D00EE
:108E40000D301F004C3184004D3100005A310100BB
:108E500068316B006A317D000C303B000D302A0018
:108E60004C31C6004D3100005A3102006831A0007B
:108E70006A317E000C3042000D302E004C31B000C3
:108E80004D3100005A31020068318F006A317E0096
:108E90000C305B000D3040004C3180004D31000043
:108EA0005A310200683168006A317E000C30B60029
:108EB0000D307F004C3180004D3100005A310300ED
:108EC000683168006A317F00503000009D31000039
:108ED0001C34FF001D340100013A01000030010084
:108EE000023000000C303B000D302A001830040026
:108EF0002C303C002E302000563098007430C800D2
:108F0000763030004C3000004C31C6005A3102003F
:108F10006831A0006A317E00A13100008832210052
:108F20008A32020014340500163418004836010055
:108F30004A3604004C360400783601007C36310095
:108F40007E36310006371000083703001437020060
:108F50001537020016370100173703001C373D0094
:108F60001D373F002C3700002D3700002E374600FC
:108F70002F370000303789003137000032370800C2
:108F8000333701003437FE00353705004037020023
:108F90005D3700005E3700005F3711006037010069
:108FA00068371B0069371B006A371B006B371B00D3
:108FB0006C371A006D3717006E370F0076370000D8
:108FC0007737000078374600793700007A37890014
:108FD0007B3700007C3708007D3701007E37230097
:108FE0007F3702008037D900813703008237F500D0
:108FF000833706008437A50088370F008A37D900E9
:109000008B3703008C37EB008D3705008E378700D8
:109010008F3706009037F5009237430094377A0077
:109020009637A100B0373600003A010080000000FA
:10903000700000000C0000008000000070000000C4
:109040000800000080000000700000000400000024
:1090500080000000700000000000000080000000A0
:10906000300000000C000000800000003000000014
:109070000800000080000000300000000400000034
:10908000800000003000000000000000010000002F
:10909000E0000000E000000003000000010000000C
:1090A000E0000000E0000000030000008180803B41
:1090B000000000008180803B0000000001000000F3
:1090C00070000000700000001000000001000000AF
:1090D00002000000700000007000000008000000A6
:1090E00082E38F3EAEFF0000010000003800000068
:1090F00038000000200000000100000038000000DF
:109100003800000020000000AD636D3ED7FF000076
:1091100001000000040000003800000038000000DA
:1091200008000000AD636D3ED7FF000001000000A5
:109130001C0000001C0000004000000001000000B6
:109140001C0000001C00000040000000DB2E513E0F
:10915000CFFF000001000000080000001C0000001C
:109160001C00000008000000DB2E513ECFFF000075
:10917000010000001C0000001C0000008000000036
:1091800001000000200000001C0000001C00000086
:1091900004000000010000000E0000000E000000AE
:1091A00080000000010000000E0000000E00000022
:1091B00080000000099D2B3EB8FF00000100000068
:1091C000100000000E0000000E000000080000006B
:1091D000099D2B3EB8FF0000010000000E000000BA
:1091E0000E0000000001000001000000400000002F
:1091F0000E0000000E00000004000000010000004E
:10920000070000000700000000010000010000004E
:10921000070000000700000000010000CF03253E0A
:10922000A7FF000001000000200000000700000070
:109230000700000008000000CF03253EA7FF000044
:10924000010000000700000007000000000200000D
:10925000010000008000000007000000070000007F
:1092600004000000010000000700000007000000EB
:1092700000020000D43FEC3DB0FF00000100000000
:10928000000200000700000007000000D43FEC3D92
:10929000B0FF0000D43FEC3DB0FF0000D43FEC3DF8
:1092A000B0FF000001000000070000000700000000
:1092B00000040000010000000001000007000000A1
:1092C000070000000400000001000000070000008B
:1092D0000700000000040000D0AF0C3FB0FF00000A
:1092E000D0AF0C3FB0FF0000A079BC3DB9FF00003B
:1092F0000100000007000000070000001E00000041
:10930000010000000200000007000000070000004C
:109310000F0000000100000007000000070000002F
:109320001E0000000EA3153E0B00000028721170F5
:10933000CC51013400000000004C0200084C020037
:1093400001000100030000009C9011700400020263
:1093500008000104080000008C901170AC9011709E
:10936000B09011703A7211700000203400100300A8
:10937000005C0500405C05000000020003000000E6
:109380009C90117004000202080001040800000013
:109390008C901170B4901170B8901170527211705D
:1093A0000000203400000000001003004010030003
:1093B0000000030008000000CC90117005000303BA
:1093C0000700000408000000BC901170E0901170CC
:1093D000E4901170637211700000203400100300DB
:1093E00000980400409804000000040020000000E1
:1093F000F890117004000203070000040800000048
:10940000E8901170089111700C91117074721170C4
:1094100000002034000000000088010040880100A6
:109420000000050008000000109111700500030302
:109430000700000408000000E890117024911170EA
:10944000289111708E721170000020340088010084
:10945000004C0200404C02000000060040000000EA
:109460003C91117004000203070000040800000092
:109470002C9111704C911170509111709F7211705C
:10948000000020340000000000C4000040C40000C0
:10949000000007000800000054911170050003034C
:1094A00007000004080000002C91117068911170F1
:1094B0006C911170B9721170000020340026010007
:1094C000803E0100C03E01000000080004000000D2
:1094D000809111700500036415FA0004100000006B
:1094E000709111700000000000000000E172117026
:1094F0000000203400C400000026010040260100C6
:109500000000080080000000A49111700400020314
:10951000070000040800000094911170B4911170CC
:10952000B8911170F2721170000020340000000038
:109530000062000040620000000009000800000016
:10954000BC9111700500030307000004080000002F
:1095500094911170D0911170D49111700C7311709D
:109560000000203400930000209900006099000062
:1095700000000A0004000000E89111700500036477
:1095800016F9000410000000D891117000000000CE
:1095900000000000357311700000203400620000EC
:1095A000009300004093000000000A00000100004A
:1095B0000C92117004000203070000040800000070
:1095C000FC9111701C9211702092117046731170F1
:1095D0000000203400000000003100004031000095
:1095E00000000B0008000000249211700500030326
:1095F0000700000408000000FC91117038921170FF
:109600003C921170607311700000203400C400009F
:1096100088C50000C8C5000000000C000400000060
:10962000509211700500036416F900041000000048
:109630004092117000000000000000007073117073
:10964000000020340062000000C4000040C400009C
:1096500000000C000002000064921170040002037C
:10966000070000040800000040921170749211700D
:109670007892117083731170000020340000000094
:10968000006200004062000000000D0001000000C8
:109690007C92117004000103070000040800000020
:1096A000409211708C921170909211709F73117092
:1096B000000020340062000000C4000040C400002C
:1096C00000000E000002000064921170040002030A
:1096D000070000040800000040921170949211707D
:1096E00098921170BE7311700000203400C4000005
:1096F000002601004026010000000F0008000000C5
:1097000050921170050003030700000408000000D8
:10971000409211709C921170A0921170E6731170BA
:10972000000020340088010088890100C8890100F8
:109730000000100004000000B492117005000364E2
:1097400018F7000410000000A4921170000000003F
:1097500000000000F67311700000203400000000CB
:1097600000C4000040C4000000001000000400001D
:10977000C8921170040002030700000408000000F2
:10978000A4921170D8921170DC921170097411704A
:109790000000203400C4000000880100408801005F
:1097A0000000110008000000B492117005000303CE
:1097B0000700000408000000A4921170E0921170EC
:1097C000E49211702574117000002034806D000047
:1097D000086F0000486F0000000012000400000045
:1097E000509211700500036419F600041000000087
:1097F00040921170000000000000000035741170EC
:109800000000203400000000006200004062000000
:1098100000001200000200006492117004000203B4
:10982000070000040800000040921170E8921170D7
:10983000EC92117048741170000020340062000036
:10984000BE67000000680000000013000F00000069
:10985000009311700500036414FB00041000000065
:10986000F09211700000000000000000737411708D
:1098700000002034C06700007E6D0000C06D000055
:10988000000013001E000000149311700400020376
:109890000700000408000000F0921170249311707A
:1098A000289311708D741170C851013400000000AC
:1098B000F816000000170000010014001E00000050
:1098C0001493117004000201000001042000000044
:1098D000F092117000000000000000000000000085
:1098E0000000000000000000000000000000000078
:1098F0000000000000000000000000000000000068
:109900000000000000000000000000000000000057
:109910000000000001000000070000001E00000021
:109920000700000001000000070000000700000021
:109930001E000000A1741170C85101340000000025
:10994000F8160000001700000100150001000000DB
:10995000249911700400010100000004200000009F
:1099600014991170000000000000000000000000C9
:1099700000000000000000000000000000000000E7
:1099800000000000000000000000000000000000D7
:1099900000000000000000000000000000000000C7
:1099A0000000000001000000E000000003000000D3
:1099B000E000000001000000E0000000E000000006
:1099C000030000008180803B0000000010000000C8
:1099D000030000000300000003000000100000006E
:1099E000030000000300000003000000B140013D3F
:1099F000573EDD3D2D545F3C65C4E03CC53BA63D74
:109A0000C8D4563EB561D33DE85D6E3DCA80F63D93
:109A10008C4F7D3DDCD6863D3612893D24E2A33C49
:109A2000D0BCA33D99FA9B3D628FF13C0000000041
:109A30000000000000000000000000000000000026
:109A400000000000000000000000000020000000F6
:109A500003000000030000001000000020000000D0
:109A600002000000030000000300000008000000E6
:109A7000151DDC3AF75A2B3BCE975D3BDE8A6D3BDA
:109A8000579C653B67C8AB3BBF46CE3AD2A61D3B51
:109A900029D1273B0ED3AA3AEC497A3BAF27F339B9
:109AA000FF27073A5799563BB42F883BB06FF43ADB
:109AB000803F953B4521173BBF3E9D3AF0F27F3BEF
:109AC0005DD74D3AE8CBB53B6C3F573B617DD43A0F
:109AD000FDB7653BE102873B1DD19B3B013C523BFF
:109AE000B6A3163B530D063BE9C4343B2922433B46
:109AF0000000000000000000000000000000000066
:109B00000000000000000000000000000000000055
:109B10000000000000000000000000000000000045
:109B20000000000000000000000000000000000035
:109B300040000000030000000300000020000000BF
:109B400040000000040000000300000003000000CB
:109B500008000000EACF8B3B1931143BD91D3D3B77
:109B60001007CA3A6396013BA92C113BC476273BE8
:109B70008C502B3BA1C1253B569FDD3A48C3073B88
:109B8000FB23833B4CA34D3B88247A3BDA56EF3BC7
:109B9000CB0FB43A5810853B356D673B432C0E3BD9
:109BA000072F383B3BB9543B7DEBAF3A80EC373B5A
:109BB00021E7A63B2F60243B1CF5863ADFFA2F3BBA
:109BC000A96B963B0B258A3BB4590F3B86A3FB3A06
:109BD0006822E63A8C0D643BD4D7043B4756563B8B
:109BE000785DE23A0D31323B1CF8123B7947373B46
:109BF0007C26E33A237C3A3B7CCE4A3A8DF1B73B54
:109C00000D09073BA66D8A3B7D742A3BDF57993BC4
:109C1000FAC4233B0690583AEF71F03AD2AC253B98
:109C20001233E83B4DDE4C3BC6A5233B3B9A573BEA
:109C3000F2570E3B0214833B1075A53B37D62E3BE3
:109C4000ED42653B8608553B1B4A1B3B6363163B55
:109C50001402BB3A000000000000000000000000F9
:109C600000000000000000000000000000000000F4
:109C700000000000000000000000000000000000E4
:109C800000000000000000000000000000000000D4
:109C900000000000000000000000000000000000C4
:109CA00000000000000000000000000000000000B4
:109CB00000000000000000000000000000000000A4
:109CC0000000000000000000000000000000000094
:109CD00000000000800000000300000003000000FE
:109CE00040000000800000000800000003000000A9
:109CF00003000000080000008BE69D3A1C41E23A98
:109D0000CFDC833A34E7BB3A4BF5813AA551C23AEE
:109D1000D16EA83AA8AED73A6211A43A1AB9063B56
:109D20005E94DC3AEC45263B2156C73AF7A9F33A54
:109D30008A10C23A479FA03AF90FB83A4DA7903A15
:109D4000FBB5B03AF4ECB03A6824653A99028F3A20
:109D500047FE063B15C1133B4BD4D73A1B56013B7C
:109D6000C8AEE33A4962073B9A5E033B08AB913ABF
:109D7000F713113BCB2DAB3A30BC013BAED8913A37
:109D80006B1CDE3AF9F05E3ACD64933A0097C83A1C
:109D9000AC723B3BA338A13A38F6B33AAA6B9E3A71
:109DA000108D8C3A75D1393BF4F7283B9D73B23A4C
:109DB0007E89E83A788DC83A2E18E83AB7A8EF3A83
:109DC000677C113B4D6FD53A0EC6AE3A993D563A77
:109DD000D208743A16DE9F3A5098893A3F7D0F3B7D
:109DE0005A72293BDFE2953AAAD38B3A9B825B3BBE
:109DF000A9543D3B35F0173B84F0913A2183A83AB2
:109E0000E511AE3A8EA6C13AE61DF83A8133B63A6C
:109E1000A5E5713BDEEE983AB6638F3A2F37C43A28
:109E2000EC82D73A774E473AA963A33AF92BE33A43
:109E3000551AA53A4FF7B53A9CC9CC3A0345043BAD
:109E4000EE79623AD7A13C3B7EBBC73AD2998F3AB2
:109E50001142113B6FAFED3AB2E9F13A0B6EDF3AC6
:109E60004F1FFA3AC35D8B3A57A6003BB262C23A23
:109E70000084E73AF8728D3A9BD6B83A6E6C0B3B89
:109E8000443B493AAB2B283AF2D2B93A12D6303A8F
:109E90002ADDC73A2F2BE43A5385D83A21C5B33A85
:109EA0003593073BCE71F83A62C3AE3AE27A793A1B
:109EB000B94C3B3B71A3DC3A620EBA3A2F45C03A2B
:109EC000BC814A3ADBCD833A73CD823A9245C53A9A
:109ED000CDC3EC3A2A7CDB3AE2A6BD3AFACFB73AD8
:109EE000EF35E43A37CB133A7459CF3A825FD73A19
:109EF00075273C3BB008C43A000000000000000099
:109F00000000000000000000000000000000000051
:109F10000000000000000000000000000000000041
:109F20000000000000000000000000000000000031
:109F30000000000000000000000000000000000021
:109F40000000000000000000000000000000000011
:109F50000000000000000000000000000000000001
:109F600000000000000000000000000000000000F1
:109F700000000000000000000000000000000000E1
:109F800000000000000000000000000000000000D1
:109F900000000000000000000000000000000000C1
:109FA00000000000000000000000000000000000B1
:109FB00000000000000000000000000000000000A1
:109FC0000000000000000000000000000000000091
:109FD0000000000000000000000000000000000081
:109FE0000000000000000000000000000000000071
:109FF000000000000000000000010000030000005D
:10A0000003000000800000000001000010000000BC
:10A010000300000003000000080000001668023B77
:10A0200062E6B93A5475943AB1AF823A59CA9F3A46
:10A030007388C73AFDBE363A29CC703A0951923A34
:10A0400052BD6F3A76B55A3A8B29773A09492C3A7C
:10A05000A1F1913A8CDF7F3A2286043B1AC9333A48
:10A0600016EB4F3AA2A7AB3A56B62A3A5220623ABA
:10A070008F6F7B3A80A1583AC9EF333AC8E4883AE7
:10A08000D4C58E3ACF024D3A69E92C3A1250AC3A17
:10A090006856A13A1AAD9F3A3A46073B69341C3AD2
:10A0A000EF16963A3737013BFD73343A4CC8723A93
:10A0B00060B1BF3AC95FA03A4488583A93A2363A91
:10A0C000C752A23A695E463AD6A43F3A767BA13A95
:10A0D0007AAD8B3A6839AD3A0FBD913A48603B3A58
:10A0E0005C464B3A1E9AA43AD1FF823A89F0993ADB
:10A0F0004EA4A63A3A49533ABAE05B3AFC2C473AA6
:10A1000063C36D3A717A7C3A88B9973ADA46133B61
:10A1100066C4E23A22F4453A1B88DE3A1581453A94
:10A12000C789513A1509973A8AA5B43A42B9393ADA
:10A130001F94623B54C7613AF6A36F3B565E7A3A6E
:10A140001252523AD5FCD03A0154A33AF3154E3A82
:10A1500067465C3A5BC4AE3AC6DAA33AAC656C3A81
:10A160005B45C13AF716393A7FD3833AEA5E7A3AC9
:10A1700015B1933AEA70963ADDC29B3A5C1EA83A52
:10A18000F4D17E3A4C526D3A27D23F3A2B98FF39A0
:10A1900056789A3AA80B3F3A85E0BC3A8A9BA93A8E
:10A1A0005D85773AC9223D3A0A0A893A3F68773A8B
:10A1B000340BC63A7843253A2315523A29105D3AB2
:10A1C0005FC88B3A34AAA03A772F933A5A18503A7C
:10A1D00004D8893ABAB50A3A485B853A134C653ACD
:10A1E0004B482C3A3B28573A8EE7D03A51B65F3A63
:10A1F000F9FBE43AD46B353A2965A13A0581D73A9F
:10A200003AE94A3AAD41763AC4867F3A2B28A93AD0
:10A2100074C18C3A72FC493A1F1EA53A37605D3A08
:10A22000A148BB3A2B1F483AC81AC93AFEC34F3A55
:10A230002A1FB13A8C74B53A662B8B3A72C7933A9F
:10A240001C298D3A4C7D233AA8ECA53BEC491B3ADE
:10A2500089D16E3A1023173A8873A13A1AF6503A08
:10A26000E5C27F3ABD74293AFEE4BB3ABEB5A63AD0
:10A270003A48A03AEDA8343A93482E3B534B3C3A27
:10A2800083A45B3B6E8A4A3A5932743AC74EFD3A10
:10A29000A9343A3A0D965D3A0EA1193AE98DA73ADA
:10A2A00003DF813A530A9C3A021ADF3A5A48493A84
:10A2B000F632323AFDF2CA3ACBAD393AB299983A0F
:10A2C0007649FE3A073D533ADAF08B3A1218993A3A
:10A2D000A8995D3A2D30B73A6090283A4B57923A98
:10A2E0004A208D3A5809883AD7697E3AC8828E3A10
:10A2F000D1CEF33AF0E9B63AC2F1A43A5507103B91
:10A30000B8FDA03A47C2663AD2206A3AD0C2C13AF2
:10A3100088FB893ACDD6613A83979D3A67F3353AFF
:10A32000271B453A3DC18E3A1ADB423A6F51593AE2
:10A33000493AA33AE182B53A2A7E323A8DCF253B9B
:10A340009E3EA13A4173B03A73DF883AE6167E3AF0
:10A35000E5FDA53A00BA633A5A74813AA0094A3A2F
:10A360007F16603A2614B93A87CB883A7D63703AF3
:10A3700042FC633A0068413AD936743A6909083AAE
:10A38000A99A623ADC96B53A6198A73A1EE8473A2C
:10A390001F65133B512F4F3A6445243A544B3F3AC3
:10A3A0006454573A8544883ABE11873A0DA0203A42
:10A3B0002F03573A23A7383A085B813A278E613A30
:10A3C000D9D96E3A8CBF413AD831603A3C4D333AD4
:10A3D00058EB8E3A1523B23A6904543A1E535B3A4D
:10A3E0004289903AB648BE3A0E4B3E3A32E8173BA5
:10A3F0000168B83A6486503A384BB73A76822C3ABC
:10A400006C36B43AC951EA3941A2633AF8CC0C3AF5
:10A4100023F4293A46C0793A29FC373A0000000073
:10A42000000000000000000000000000000000002C
:10A43000000000000000000000000000000000001C
:10A44000000000000000000000000000000000000C
:10A4500000000000000000000000000000000000FC
:10A4600000000000000000000000000000000000EC
:10A4700000000000000000000000000000000000DC
:10A4800000000000000000000000000000000000CC
:10A4900000000000000000000000000000000000BC
:10A4A00000000000000000000000000000000000AC
:10A4B000000000000000000000000000000000009C
:10A4C000000000000000000000000000000000008C
:10A4D000000000000000000000000000000000007C
:10A4E000000000000000000000000000000000006C
:10A4F000000000000000000000000000000000005C
:10A50000000000000000000000000000000000004B
:10A51000000000000000000000000000000000003B
:10A52000000000000000000000000000000000002B
:10A53000000000000000000000000000000000001B
:10A54000000000000000000000000000000000000B
:10A5500000000000000000000000000000000000FB
:10A5600000000000000000000000000000000000EB
:10A5700000000000000000000000000000000000DB
:10A5800000000000000000000000000000000000CB
:10A5900000000000000000000000000000000000BB
:10A5A00000000000000000000000000000000000AB
:10A5B000000000000000000000000000000000009B
:10A5C000000000000000000000000000000000008B
:10A5D000000000000000000000000000000000007B
:10A5E000000000000000000000000000000000006B
:10A5F000000000000000000000000000000000005B
:10A60000000000000000000000000000000000004A
:10A610000000000000000000000000000002000038
:10A620000300000003000000000100000002000021
:10A6300020000000030000000300000008000000EC
:10A640007BFF323AE5A23C3AE66F573A7D37033A50
:10A65000E225903AD014643A5D203D3A1E28323A01
:10A66000D6762A3A4254883A429EF8398F11053AF2
:10A67000926D483ACE81763A2AD57D3AF809C139A9
:10A68000906FB63A12325E3A23C9613A7D58893AE0
:10A69000788B133AA352E1393CC5763A08D80E3A82
:10A6A000F60A453A9BECA83ADE52313A6731363A1F
:10A6B0006ED1D13947422B3A95E0283A0BAD233A77
:10A6C000C95B2C3AAF6D463AD867493AA115A43A0E
:10A6D000AF83EB3951C6913AFF6C453AD77C3C3A8F
:10A6E00003074C3AE995F1395900423A710D373A6E
:10A6F00099B10F3A5489273A21C86B3A65D1393A52
:10A70000E451833AF161043AF199233A8BB3253A43
:10A7100078F7363AEB7D883A0B506C3AA2972E3A8E
:10A7200058E93D3A3F30273A0036CC392676903A00
:10A73000F493DD39B6A6333ACE651F3A2B9D353AF0
:10A74000A0172D3AE9A9203AB035083AF0095C3A49
:10A75000EDA1913A6DFB8B3A009E1A3A561C783A5D
:10A76000CBCA1F3A8A66093A9F954A3A69588C3A89
:10A77000956A4E3AE0657D3A0145863A5464D93986
:10A780007333093A94670C3AC91DF839E511963AC2
:10A79000AA4B943ADC23443A7541563AE941133ABC
:10A7A00000174A3AA30F263A165F1E3A6071603AC4
:10A7B0003593F03971D1113A1C0CC03A6BF4463A1A
:10A7C00076630D3AB7C0123A7B5A063AE6DFF4399F
:10A7D00014E03E3AAC537D3AA39A093AB61A0B3AC2
:10A7E0003860063A33014E3A682A0F3A68E3DD3999
:10A7F000E996473A358A453A02D9053A9FA81A3A66
:10A80000E195C53983928B3AED508A3A9888293A76
:10A810002E984E3A790B8A3AEDB4523AEBF8CB398E
:10A82000746C393AA9AA1A3A8CED013B637BC5399D
:10A83000EFF62A3A8E77463A190BB03AD64DBE3922
:10A8400054B6123AED701F3AEC242C3AB0EA8F3A23
:10A850007B98183AC4AE223AAB57773ADB44563A63
:10A86000036FF639980B063ACFC8533AE80F063A09
:10A870001D15CF39CBC3EF39E9143B3A3736373A98
:10A88000E7FFD239A66E023A715A003A08103F3AF1
:10A890004112833A002F563AB2D5053A178D393A0C
:10A8A000037E253A74E0803AE4A9203A7F1B4A3AB5
:10A8B0005996493AEDFA983ADAD83C3AEE3FD73908
:10A8C000DB3E523A95069B3A04250B3A0FD6303AB6
:10A8D00053A3E93AD0C7E13AC53F2C3A18465B3A50
:10A8E0004C84253A8AD9D239B2EFE539D6250D3ACA
:10A8F000D1BD223A6F5E703A46D34E3A9C0A923AE4
:10A90000A908333A30636A3AE5CFC73A52829A3A95
:10A91000F5EB703ADAC1123A423DD3395739483A29
:10A92000D1343F3AF34A063A75220B3B3029943A28
:10A930009DEC673A0D8D133A0009583AB555443AE3
:10A94000E097103AB528343A75A6183ADE4B1B3A10
:10A950006184043AB6A2C539849C683AAC39333A6A
:10A9600017224D3A8285483AC3DD3F3ACE19473A1D
:10A970004158433A3DF9C03AB9832A3A59800F3ACF
:10A980000C210D3A61C6663A88D43F3A2EEA343A31
:10A99000850E933A5671183A431ECD391F445C3ADE
:10A9A000CB375B3A5755D53A0AD5213AF23B213A93
:10A9B0004530433AD5C11A3AE8BEFD3924376A3AE0
:10A9C000D540B73A6486303A600B0C3A6CB97F3A9E
:10A9D0000A7E7D3AADF87A3A8102723ACDE9423A7E
:10A9E000881C333A59A9E1394A8C3D3A897C0B3AA3
:10A9F00032CEB9394ED62E3ACE7A183ABE4E0D3AEC
:10AA000090D88D3A4FD15C3A9F68423A0D94173BEB
:10AA1000ED89193A07D2203AF7F8153A44E54E3A4B
:10AA2000946C093A9C3B293A4F335D3A5EFBF0390E
:10AA300048372F3A2040883A77BF233AE67C293AB4
:10AA40008415803AE877BB3AD6D6083AB04B2E3A0E
:10AA500071673B3AF25DF33ABE6A473AB97A893A8E
:10AA600074FF543AD818FF391A8D563A11F33C3A0C
:10AA700076F31F3ABB85343A49D7283A1BB9193ABD
:10AA8000B98D483A9679583A0610203A877D363A79
:10AA9000C4F9F639BA26543A6A12543A4F32783A1F
:10AAA000FEB05E3A4A46403A7CBA083AF7387A3AFB
:10AAB000F481833A1558043A8361283A465CAC3AEB
:10AAC0007094793A8F95563AD831403AD0DF4D3A62
:10AAD000997E503A47C6753A65CF353AD94BEA3A2E
:10AAE0004F72063A7E4C163A6029AF3AF8ADD23A28
:10AAF00002334C3AA352093A3894503AEB6C073A75
:10AB0000CDAB913A05D5163AFE300C3AEE1D223AFD
:10AB1000A941123A87D61E3A000D2A3AF2239D3AED
:10AB2000A138FC392065163AD0714B3A034D3E3AB4
:10AB3000914A193AE4F3593A9DB5343A766E303A6F
:10AB400024D7413A59F19E3AE89C173A7A43283A79
:10AB5000E4A4233ABBF5243A960DEE39EC17C33939
:10AB6000867ED8392644353A76194B3ACA904B3A04
:10AB7000D2840B3A4DEBED3930DC813A79F79A3AD1
:10AB8000EF8F893ACBF0843A2BB62E3A42C0403A46
:10AB90006724163A2B0D2D3A0AE5E7396ECC2A3A8E
:10ABA000B21FF93928E4CA39CD58823A79B2373A16
:10ABB00089FB0D3A71FEF939A875F03A53B8433A5A
:10ABC000BA9E0B3AB74AE839D93A0D3A694FD839A3
:10ABD0000F10993ADD96C73A47FEFF395D43223A96
:10ABE00091594F3AF7CF363A7035E439E3589D3AE8
:10ABF0008945123A6196A13AC126FA39F13DF839F0
:10AC0000C2CDFB39E8ADBD392EF54A3AF8E07A3AC3
:10AC1000F000373A2257343AAB2A5A3AFE4F303ACC
:10AC20003798C93958A2CC39CF4F0A3A726F453A92
:10AC30002C2E1B3A642E3C3A2895FF396F4CE8398C
:10AC400014105F3A59FE423A3D95B13A5571763A41
:10AC50005C480D3A681D263A935A853AC7936B3A79
:10AC6000ACABE0394A903A3ABBF2EE3955AB443AD4
:10AC700014DC173ABA84243A04BA733A3142003ADF
:10AC8000BDA89F3915813B3A4997653A92384C3AAD
:10AC9000D5FE2A3AE6B2F63953783E3A9C9C7F3A82
:10ACA00066B2233A89C41B3ADFEB473A6F65863AAE
:10ACB00028D1173A3E5B353A1E5FD73A5137063AEC
:10ACC00043F4173AB50C283A1DD5B23AADB61D3A41
:10ACD0005C2DB13A26A2343AC9B2063A65FDF13983
:10ACE000BB18FB3996402E3A00D1093A762DA93A85
:10ACF0000991A9396D461E3ADB85103AB317EF3931
:10AD000026D3453AEAA1D1394AA02A3A27E9103A8E
:10AD1000C9BF293A9B04B53A7F2C853A1B45063AB0
:10AD200074722A3ABE42183AD91D693A59C4A23AF5
:10AD3000D483273AC72A793A2CD2033ACB41773ABF
:10AD4000F8D75F3A1271E13936E4CA3911F10E3A97
:10AD50004F46BF3AA0F1423A33E9293A7810513AC6
:10AD6000EF8E0A3B5A6A823A81F4D739B676233A93
:10AD700020E82A3A9F622B3A506C193ABC130D3ADC
:10AD80008EF2083AFF5B953ACF7C503A95BFDA399C
:10AD9000CD3E343AFCDB993AD059F539F125103AD9
:10ADA0000978C63A05E3263A1B57433AD07E1C3A47
:10ADB0005C8F6A3A9215123A5B56F539758DB43A42
:10ADC00037020D3A60DA5C3A2301923A62B4433AB0
:10ADD00072D8323A8455093A41FAA63A3086FB399C
:10ADE0002BB8B33A0D085A3AD5379D3A95490A3AE5
:10ADF000256E8B3A88EF973AEC25013A679D313AF8
:10AE0000D79A2C3AA497133A2ACC273AB053D3397D
:10AE1000EEA8DE3A878A973AB0513F3A18AE243A04
:10AE20006FC16C3A8F20823AC275313A4229F039AB
:10AE3000A415023ADB2E6C3A4B54EA3943DA263A2F
:10AE40000000000000000000000000000000000002
:10AE500000000000000000000000000000000000F2
:10AE600000000000000000000000000000000000E2
:10AE700000000000000000000000000000000000D2
:10AE800000000000000000000000000000000000C2
:10AE900000000000000000000000000000000000B2
:10AEA00000000000000000000000000000000000A2
:10AEB0000000000000000000000000000000000092
:10AEC0000000000000000000000000000000000082
:10AED0000000000000000000000000000000000072
:10AEE0000000000000000000000000000000000062
:10AEF0000000000000000000000000000000000052
:10AF00000000000000000000000000000000000041
:10AF10000000000000000000000000000000000031
:10AF20000000000000000000000000000000000021
:10AF30000000000000000000000000000000000011
:10AF40000000000000000000000000000000000001
:10AF500000000000000000000000000000000000F1
:10AF600000000000000000000000000000000000E1
:10AF700000000000000000000000000000000000D1
:10AF800000000000000000000000000000000000C1
:10AF900000000000000000000000000000000000B1
:10AFA00000000000000000000000000000000000A1
:10AFB0000000000000000000000000000000000091
:10AFC0000000000000000000000000000000000081
:10AFD0000000000000000000000000000000000071
:10AFE0000000000000000000000000000000000061
:10AFF0000000000000000000000000000000000051
:10B000000000000000000000000000000000000040
:10B010000000000000000000000000000000000030
:10B020000000000000000000000000000000000020
:10B030000000000000000000000000000000000010
:10B040000000000000000000000000000000000000
:10B0500000000000000000000000000000000000F0
:10B0600000000000000000000000000000000000E0
:10B0700000000000000000000000000000000000D0
:10B0800000000000000000000000000000000000C0
:10B0900000000000000000000000000000000000B0
:10B0A00000000000000000000000000000000000A0
:10B0B0000000000000000000000000000000000090
:10B0C0000000000000000000000000000000000080
:10B0D0000000000000000000000000000000000070
:10B0E0000000000000000000000000000000000060
:10B0F0000000000000000000000000000000000050
:10B10000000000000000000000000000000000003F
:10B11000000000000000000000000000000000002F
:10B12000000000000000000000000000000000001F
:10B13000000000000000000000000000000000000F
:10B1400000000000000000000000000000000000FF
:10B1500000000000000000000000000000000000EF
:10B1600000000000000000000000000000000000DF
:10B1700000000000000000000000000000000000CF
:10B1800000000000000000000000000000000000BF
:10B1900000000000000000000000000000000000AF
:10B1A000000000000000000000000000000000009F
:10B1B000000000000000000000000000000000008F
:10B1C000000000000000000000000000000000007F
:10B1D000000000000000000000000000000000006F
:10B1E000000000000000000000000000000000005F
:10B1F000000000000000000000000000000000004F
:10B20000000000000000000000000000000000003E
:10B21000000000000000000000000000000000002E
:10B22000000000000000000000000000000000001E
:10B23000000000000000000000000000000000000E
:10B2400000040000030000000300000000020000F2
:10B2500000040000400000000300000003000000A4
:10B2600008000000FA75F53ACE060F3B8AF1393B2B
:10B2700017C5BA3AD1ED1E3BAFB9133B7802023B7A
:10B28000B096623B4DC4483B2817C53AC87C053B85
:10B29000392BF83ABBD1CA39AE5A243AAC23EE3A2C
:10B2A000DE65FE3AD5BA403B2DC7243837999B3B23
:10B2B000DEDB663A2B27173B9A45873ACBEBFF3A02
:10B2C00090B3373B6E88C83A15CF2F3B6D64713A07
:10B2D000F256DE3A3C51613AE59E433AB5A4973ABC
:10B2E00050B67F3A5D202D3BBADD3C3AF006203B5C
:10B2F000DEFF353BFEFC153B660ECD3A0FF2AA3A57
:10B3000015EB6C3A12B7E13AF1410F3BDC2CE13A14
:10B310008A1B093B4170D73ACD69953AD9773B3BB7
:10B320007212AB3AFAF9083BF9C2153A843D503A29
:10B3300086D7063B451A2D3B6589793A23B1203BD8
:10B34000E1CA1A3A39C2813BF2A1753AB8DE9D3A98
:10B3500044067E3B255B1E3B3C18FF3A263CC83A20
:10B360004EB2973A0BE4CE3A319FF43A08E68F3A60
:10B37000B439023BC938AC395D63093B891CB63A24
:10B38000BF961F3AF512423BB2B3463B06AAD93AE2
:10B39000F3193F3BA218823A76C31C3B06E3043BF9
:10B3A0005F54233BE580653ABCDA6C3A1F1E053BCF
:10B3B00076B3B73A667AB23A9A2F153BF219133B35
:10B3C0006D400F3BB67C703A65844D3B47ED2A3AA1
:10B3D0004100993A45AD343B2ECD353B019EDF3AD5
:10B3E000AF43BF3A9F33C63A457A293B27B0A93AC3
:10B3F0009C602B3B5953803A6A51A53AE9C09C3A6C
:10B40000C82D7D3A99985C3A2085C0391593853AC4
:10B410002B46393AFAE80E3A44BA743BE8C4463A45
:10B42000AE43543A9BA8303BB033753A277E0B3B72
:10B43000BA7B023BEA44053B7B62063B620F2E3B34
:10B440006FAEDE3A5B6BDB3A1D4AD23A5A28683B54
:10B45000ED9C583B57E85B3A67171E3BB4865A3B56
:10B46000CD0B853A68D8633B61B8A63A3A576A3A39
:10B470005146D33A54D68B3B34E7213B5D61073BC1
:10B48000DD62583B074E223AE94EA53AD656B73A06
:10B490008368C73A582ED73A88CA353BC5D6383A5A
:10B4A00018E8DA3A94715B3BBDD88D3A7F72D33A93
:10B4B0007D79C73AB0906E3B7303983AFC60D23AFC
:10B4C000480A9C3A12D63B3ADE974B3AD5D60E3B09
:10B4D00018FC033BA08BA23A8323BA3AAEA98F3A59
:10B4E00030E28E3AA84F4D3BB0D65D3AC5F3733B80
:10B4F0006847533B3C71463AD9632D3B1BA2AB3A9C
:10B500007AE99B3A8708883ACB41B33A781D2B3BBE
:10B51000C8DEF73A0624093B66BD1E3BE690643A56
:10B5200053D4633AA2AF243A8EB2E33AC30F503AEF
:10B53000C707333AE3F6953AA6CF9E3A4822493BED
:10B54000DF74193B9B61FD3A27D3F93AEFE0743A77
:10B5500080C93C3B9553523BC462F43ABE11E83A71
:10B56000430BA83ACB52AD3AB533143BBA2C843ACC
:10B57000799D163BA40DC73AC5658C3AFD972E3BC5
:10B5800088652C3BB8FB123ACE471C3BCC9FF33A64
:10B59000E63FCB3A31424F3A6B94D33ABCA2C53A1C
:10B5A0008CD9033B8B62D73A962AF23A46F5153B83
:10B5B0008D2BB83A16CEAD3A4686003BE254593B45
:10B5C000F9BD143BACDB993A37E4C83AECC4D83A3D
:10B5D000EF6DAF3AD38ED33A17A9203B44F93E3BE7
:10B5E000A8D84A3AA090E63A9B5DF83ADCD14A3AAC
:10B5F000E1C84D3B5956933A700A313B50B7C53AB2
:10B600009092E73AB099813B89481B3BAAC7D03A50
:10B61000DB73323B7EC3153B7FD7213AA140083B09
:10B62000EC7DC73A1705EF3A5299393B5973053B00
:10B63000B888363A2CC4183B2301B83AF0FDDC3AFE
:10B640000383143A0967893BAC68D53A690E4A3AD4
:10B65000089FA13AB893E13A03391C3BBDAB053BC7
:10B660002256973B234ACE3981B8F53A69741D3B7F
:10B6700023F4373A37E03B3AE786553AA8660B3B66
:10B6800042D01E3B7E0B973A3E5D033B4A0C813A0B
:10B690005204E03AB247C33AEA438F3A6C8C813A9B
:10B6A000BE425C3B0C8C863ABA31743A52E1EE3AB7
:10B6B00079B2783BDA35113BD502C23A9B95693AAB
:10B6C000C51BFF3A34E9683B1421A13AE111143B50
:10B6D000DF041C3B45E2983A2CB5FA3A231BB33AF7
:10B6E000542F113BCD56B33A07BC493A8AB7C23AF8
:10B6F0004143B13AEFDDD93A13E3873B6BA5A93A51
:10B70000CF6E433BC5BEE53A88DA2C3B5B4EE83949
:10B71000EB4C463B7C60B33A55B2F03AA089E33A31
:10B720006C674F3AA607103B8A17343A9198153B3D
:10B7300049A0A93B0821003B2D1D843AAFC06E3AB9
:10B74000643DE63AAF2C0D3BC4D8683BBEEDAC3B44
:10B750007999B03A8568BC3A5936533B375C7F3AA1
:10B76000E450773A6F5D243B52F8073BE8EAD7385C
:10B77000844F883AC19E483A0852CF3A1998143BF0
:10B7800045DC7B3BF132D23AA0A4B33A4522AD3A34
:10B7900058F1593B642B423BA064233B0C4A553A79
:10B7A00018B0DA3AE3CB4B3A2FC1103BDDA7083B88
:10B7B00041BEF53A0DA1133B5544F33AF206023B64
:10B7C000B7DB5C3A587DBB3A45A1333B9CCB803A12
:10B7D000414BE13A73EA493A3F52643B86CB003B26
:10B7E0001F2E973AF952523A90002B3A0185703B3E
:10B7F0006C24643BD814823BA5FA313A22431A39AF
:10B80000C238843AB147DD3AAB14353AD4293B3BD0
:10B8100034C9603B7C753F3941AF643BD70FF43A84
:10B8200009CC883A1D893F3B7CAA263BE2AF8D3A82
:10B830002A90F739F5FCB83A79C67739D560113BCB
:10B840003A431A3B5887CD3A1AB52D3A4706F53A8E
:10B850004B7EE739102F203B4C6D393A0B4C263B81
:10B8600012ADFF3A369E163B55AC763AB4161B3BEA
:10B870009F4DD53ABE89AB3AEB8A0E3B574E103BF3
:10B880009047213A13D7FA3A2EF89C3AA0AA953A53
:10B890003514C83A1317563B4BF9053BC8763B3A6B
:10B8A000511FA33A3973C23973FE353B9D26023BC3
:10B8B0003D100C3BC65A913A59346E3A64977D3A22
:10B8C000CFEDE03A3FA1043BEFC99A3AE99A663AD4
:10B8D000FB04E83A3CA1AC3A2046963A92AA0E3BC9
:10B8E000BCCF813B1FC5473BB146FF3A069BAC3AF4
:10B8F00022FF8A3BBFF36A3A4422703A39C03E3B8A
:10B90000A7D9EC3A69CD553A1137C03A89B3CD3A47
:10B910007734803A3764193B7E2C043B5806263B2B
:10B92000F9E0FD3AA0A9893A8422C13A195CE53AC6
:10B93000121CDE3A1FE59D3AF5D8DF3ABF9E513B17
:10B940007CCCDA3A3E2F1B3AEDF64E3ADD667F3A72
:10B9500050D2C43A2143173B5082B23A7843B83AA6
:10B960000E935B3A1AB6093BA561353ABDBD243B3F
:10B970009CFEFF3A63B9B33A7EF6563B2587153BEA
:10B980003E16B23AB508253B8689B8384DAA753AB5
:10B99000587A053B7F95933A83A4D7398853C63AA2
:10B9A000A336D33AB4958C3A8C5EB93AD779CD3A6E
:10B9B000CD41193B10B7623A38C0523BA313003B4C
:10B9C000F8F3733AE796343B50596E3B3612B23A6D
:10B9D000ABAD923ADA7A0B3B92FCEA3A4780313BC4
:10B9E000D3F80F3B705D693B825B353B973B283B4F
:10B9F000234D123B660AC43A3241BE3A8D83BE39AA
:10BA0000F48A213B3251A93AC557B73B99DCD93A60
:10BA1000FA99293BCCBA8B3AD3E2263B30FF043B60
:10BA2000A9ED063BB27C0A3BB8C5033B02D1B23A52
:10BA3000EBADB73A0489C837EF59C23AD7688C3AA8
:10BA4000621C053BF73ABD3ADE1D6D3AA2A2CA3A26
:10BA5000CF69713A066CA23912F5FF397F564D3B1A
:10BA600048B0303B749E303B0EBA223A93C6983AA7
:10BA7000583F4F3B6D92893A6441223B72495C3B8F
:10BA8000B5CC523A4EC9AF3A7C62993A2E013C3B52
:10BA9000F4CC5B3A73DE2A3B9BD2DC3A79199D3AAF
:10BAA0007EBF1C3AD39C1539CE46233BA9E08E3A83
:10BAB000EEB1133AE933153BE671A83A7AB3C73AC7
:10BAC00035EAFE3A64CE0D3B97290F3B0DB4D93AC7
:10BAD0008EF4653A3243EE3AEC4C2B3B9D96113B8B
:10BAE000E625E63AB41A783ADD37383B1B87403B07
:10BAF000C4A3933AB7E68F3AFC9EDB3A79FA813ACF
:10BB0000F7ED863A5268F73A519BC63A22A72E3B88
:10BB10008C0D6E3A8253C83ACDB8043BDC3E323BC2
:10BB2000E337CB3A255F313B8DF8053BC9AF173B77
:10BB3000441C043BF3ADE53A78BB633A70D38B3ACF
:10BB40002838063A8B54EC3A3590013B7A2C1F3B4F
:10BB5000012D15380F92143BA1A1C23AED3B663B73
:10BB6000AD19E639FCC6883AD3CDDA3A168F0A3BCE
:10BB700053B8B63B288B653A03D3BD3A81D3E73A35
:10BB80008357983A90E2473A3FA0083BD588EB3A72
:10BB9000B659523A98F0E23AFE40583A920AF03AD0
:10BBA000FDD0033B6AF0CB3ABCBAEB3A3650023ACE
:10BBB000A150043A66188D3AEBB4B63AE79D173AAD
:10BBC000536A223B2B403F3B8262053B436A2A3B40
:10BBD00024AF943A85D9A23A4332983AC8E4B63AA7
:10BBE000DE9F253B2B56A43AC48B823AFBEA4D3AA2
:10BBF000A28AA83AAFD21C3B7DA9023B526DC63A3D
:10BC0000DBD8243B482D4A3A201E293B0C12913B9D
:10BC100079EB103A9F144B3B036DA93AE592203B18
:10BC2000CB64AD3AADAE813AB4F4843A64133B3B95
:10BC30002790933A9A13A73AC9F2D43A4DA3843A7B
:10BC400088B51D3B1F30ED3ACC7A033BD1890F3BC1
:10BC5000C5F0533A88B8A93A64372D3A3AE6DE3A45
:10BC6000F554AD3A59B17E3A317A403B968EE23A7C
:10BC700005138E3BE8359D3A2786963ABAC92D3A88
:10BC80008BE0313B1A66EE3AABFE253AC1C2223A4E
:10BC90003E082B3BA680C63A1359CF3AFD8B93380A
:10BCA000A307813AF4BD623BB413843A1792563A23
:10BCB0005B5CD739C668D23ABAEF253A5FFF703A73
:10BCC0002336863AB9CB983B51432A3B64032F3B3A
:10BCD0000299153BF450E83A5C52473BFE84153A12
:10BCE0003D332A3B4287BC3AEDF4D33A8CF8A03A74
:10BCF000E24CA23ABC9E943AAF82333B9284363BEC
:10BD0000B8EA353BA28AF23A0810123AC4FDBB3AAF
:10BD1000CC4C0E3BB0E6F43A59FA343AA2412B3AF5
:10BD20001DAEAB3A5B40593A85CCAE3AE7F1B03A3A
:10BD3000611E123A6D13A33A2662C23AB42BCE3A70
:10BD4000E0D0BF3AADE9F63ACE1B933AB16CEF3A88
:10BD500055479E3A35F2CB3AE6DAE43ACB52B03A5E
:10BD6000728A503A66B2603A2676953AFECA073B26
:10BD70008B458A3B4BC8033BEEB6CA3A9E70D33A1A
:10BD800029D5863A1B89B63AE600B83AE8B3F23AC2
:10BD9000B978943A54BF2F3B1E71CF3BB606093A8F
:10BDA0007331DA3A12E7473BBB53833A2C02CB3A62
:10BDB000066A303A17998A3A1969AD3AC5D4D93921
:10BDC0002EA09A3A1B11893B1D3BF33AE4D0C43BA9
:10BDD00016CCA83A55FD943B55A0293B47ED033BB3
:10BDE00038C80E3B5625CF3A6660D93A3D34A83A5A
:10BDF000659F123BE9689B3A6070013B9D85043B5F
:10BE0000E4AD853ACCE8673ACB85E83944F5B73AF2
:10BE1000743FFB3A55028F3A56404B3AF002D83AFB
:10BE2000CF68AF3BB483F43A272C333B3918053B3A
:10BE3000AD35023BBF09B53A98F80B3B245CBB3AE1
:10BE4000B035183A30F0C23AA721503BF15FCD3AF5
:10BE5000588FBC3A90D0ED3ACAF3F73A2CBCEB3A83
:10BE6000C38CF43A756F48396668503B91C31B3BED
:10BE70001500283B44B4223B12CB8A3A9920B93AA8
:10BE80004D098B3A207B083BFD83153B4B580B3B00
:10BE9000E0580A3A25EE0B3B25DE8D3BB4968F3AEF
:10BEA0008299EB3A148ED53ADBFA1A3BA156913AB5
:10BEB0001D78053BA9B1883A8643893A7D5D183AD9
:10BEC0004FED133B8B1B593B961A453AD16D1A3BEC
:10BED000F342A73AEA9C723A9D3E9E3A627E423A0B
:10BEE0009DD2043B7B651C3B2F62963A03EE273ABA
:10BEF0008F9CDB3A257DD73A1718093BA6DC1C3B03
:10BF0000C373C73AA08EB73A3DB5993A4F2CDB3A86
:10BF1000664A913AFDF70F3B2F64043B8767C43AAA
:10BF200057898839D2A3C13ABE9F143ABEC4133B85
:10BF3000AA3C983A72CF183B0250F33AE19C793B05
:10BF40001A18AB3B90FED93AA3609C3BCE38B33B6A
:10BF5000C19F303A0412FC3AA8CF603B13A3B63A13
:10BF6000CD6C783AF2F6B43A85FE503B2AF5853A24
:10BF70009E0CF93AA025953A2825A33A6C84153BE6
:10BF8000933FA13A0905703A2470F13900518B3A78
:10BF9000B765B83A21A9B43A3895BA3A4C2BDC3A8D
:10BFA00089B5C23AE141973BF1078A3A0B31343BFC
:10BFB0001C15A13A149F793AE6B2E9397F1A093B78
:10BFC000CEA2F53A3E7ADC3BB8DE893B5E4C443B80
:10BFD00073CDBF3AC3E3AC3B06B2CE3A0602AF3AEA
:10BFE0004B4F733B4CDF3A3AAA2E9F3AB3652B3B3B
:10BFF0008FF0BA39A9E4943A8561003B80270D3B64
:10C00000EB29103BA0353A3B097A1F3A5366DC3ADC
:10C01000F576763A1B80CE3BBECE413B5CB91D3BEC
:10C020000A8AFA3A7DE8E23A5342073B04CFFF3AE4
:10C030006C9EA13AB18B5B3B4FDF483B9B51653A0D
:10C040009EAC353B0318C33A85A0C13A5E8B613A7A
:10C050000DC3C53A12D16F3A7D23E53997F71A3BE4
:10C060006CEA1E3B79060D3B892C323B72E2953B14
:10C070004DB72E3A76D3B13A4A9CAF3A4781043B4A
:10C0800080DE5B3AB88E673ABDA3DF3AD4CC833A00
:10C09000DA13503B88B8673A0CA6DF3AC95E3E3BDC
:10C0A000D33B013A8F2E6B3A547D933AC2DA3C3B34
:10C0B000D172253B7084F739B728143BD2530D3B1E
:10C0C000D71E253BCF55023BEB35A63AB9C8B73A48
:10C0D00063AB943A532A953AC6F6F23A47F6433A96
:10C0E000415C953AED11AA3A50778B3BFEB4263B62
:10C0F00065A4033B68CE893A2F39E63AE88D9D3A2C
:10C100006D78613A9AB0083AE3492C3A9C8AD43A5D
:10C11000955ABB3A205BB43A94FC0F3B485BBF3A5C
:10C12000523F6C3BD6FE323BF96FE63A6A2ECA3A72
:10C13000A1EE833A000CDA3AB923313ABF601E3BD4
:10C140006C5FE23AD511B43B7CF3BB3AC318A83A12
:10C15000E20BF13A59B8373A993D183BA2EC0C3B47
:10C160006E55AE3A87DBDF3A103E9D3A6730B13A02
:10C170008608793A94C9E23A4C39633ADDC9713B91
:10C1800076FE913A3194853A16DFE63AC7F3E03A03
:10C19000DFF2A83A2279303B14790D3BAFA8773A09
:10C1A00023AAA53A3520543A42AF8D3AC323C93A5F
:10C1B0002B46A43ACD2DEB3A0BFE9E3ACF5A073BC5
:10C1C0003F01493BF708D33A64AB143B97F15D3A22
:10C1D000FEF82E3AB12C993A4C1C7C3A6ABAEC3AE9
:10C1E0005354833ACE321A3B914E863A16BE573B91
:10C1F0005D2E5B3ADCFDB63A2D5F663A427C0D3B24
:10C20000D40CE53AA5DF9C392E8D943A7E66B93A76
:10C21000E72B2D3A5996283AAC13473A334D263A34
:10C22000B0AE9739A2BEDD3A57C74A3BEFC6913A46
:10C23000B62F993A3B723F3B1670EA3A43511E3B88
:10C2400035A0CA3A5DD51D3B92075A3A14C1843ACB
:10C250003258833A52F9D33ABAE1A73A2A55EA3A20
:10C26000506DAB3A0000000000000000000000002C
:10C2700000000000000000000000000000000000BE
:10C2800000000000000000000000000000000000AE
:10C29000000000000000000000000000000000009E
:10C2A000000000000000000000000000000000008E
:10C2B000000000000000000000000000000000007E
:10C2C000000000000000000000000000000000006E
:10C2D000000000000000000000000000000000005E
:10C2E000000000000000000000000000000000004E
:10C2F000000000000000000000000000000000003E
:10C30000000000000000000000000000000000002D
:10C31000000000000000000000000000000000001D
:10C32000000000000000000000000000000000000D
:10C3300000000000000000000000000000000000FD
:10C3400000000000000000000000000000000000ED
:10C3500000000000000000000000000000000000DD
:10C3600000000000000000000000000000000000CD
:10C3700000000000000000000000000000000000BD
:10C3800000000000000000000000000000000000AD
:10C39000000000000000000000000000000000009D
:10C3A000000000000000000000000000000000008D
:10C3B000000000000000000000000000000000007D
:10C3C000000000000000000000000000000000006D
:10C3D000000000000000000000000000000000005D
:10C3E000000000000000000000000000000000004D
:10C3F000000000000000000000000000000000003D
:10C40000000000000000000000000000000000002C
:10C41000000000000000000000000000000000001C
:10C42000000000000000000000000000000000000C
:10C4300000000000000000000000000000000000FC
:10C4400000000000000000000000000000000000EC
:10C4500000000000000000000000000000000000DC
:10C4600000000000000000000000000000000000CC
:10C4700000000000000000000000000000000000BC
:10C4800000000000000000000000000000000000AC
:10C49000000000000000000000000000000000009C
:10C4A000000000000000000000000000000000008C
:10C4B000000000000000000000000000000000007C
:10C4C000000000000000000000000000000000006C
:10C4D000000000000000000000000000000000005C
:10C4E000000000000000000000000000000000004C
:10C4F000000000000000000000000000000000003C
:10C50000000000000000000000000000000000002B
:10C51000000000000000000000000000000000001B
:10C52000000000000000000000000000000000000B
:10C5300000000000000000000000000000000000FB
:10C5400000000000000000000000000000000000EB
:10C5500000000000000000000000000000000000DB
:10C5600000000000000000000000000000000000CB
:10C5700000000000000000000000000000000000BB
:10C5800000000000000000000000000000000000AB
:10C59000000000000000000000000000000000009B
:10C5A000000000000000000000000000000000008B
:10C5B000000000000000000000000000000000007B
:10C5C000000000000000000000000000000000006B
:10C5D000000000000000000000000000000000005B
:10C5E000000000000000000000000000000000004B
:10C5F000000000000000000000000000000000003B
:10C60000000000000000000000000000000000002A
:10C61000000000000000000000000000000000001A
:10C62000000000000000000000000000000000000A
:10C6300000000000000000000000000000000000FA
:10C6400000000000000000000000000000000000EA
:10C6500000000000000000000000000000000000DA
:10C6600000000000000000000000000000000000CA
:10C6700000000000000000000000000000000000BA
:10C6800000000000000000000000000000000000AA
:10C69000000000000000000000000000000000009A
:10C6A000000000000000000000000000000000008A
:10C6B000000000000000000000000000000000007A
:10C6C000000000000000000000000000000000006A
:10C6D000000000000000000000000000000000005A
:10C6E000000000000000000000000000000000004A
:10C6F000000000000000000000000000000000003A
:10C700000000000000000000000000000000000029
:10C710000000000000000000000000000000000019
:10C720000000000000000000000000000000000009
:10C7300000000000000000000000000000000000F9
:10C7400000000000000000000000000000000000E9
:10C7500000000000000000000000000000000000D9
:10C7600000000000000000000000000000000000C9
:10C7700000000000000000000000000000000000B9
:10C7800000000000000000000000000000000000A9
:10C790000000000000000000000000000000000099
:10C7A0000000000000000000000000000000000089
:10C7B0000000000000000000000000000000000079
:10C7C0000000000000000000000000000000000069
:10C7D0000000000000000000000000000000000059
:10C7E0000000000000000000000000000000000049
:10C7F0000000000000000000000000000000000039
:10C800000000000000000000000000000000000028
:10C810000000000000000000000000000000000018
:10C820000000000000000000000000000000000008
:10C8300000000000000000000000000000000000F8
:10C8400000000000000000000000000000000000E8
:10C8500000000000000000000000000000000000D8
:10C8600000000000000000000000000000000000C8
:10C8700000000000000000000000000000000000B8
:10C8800000000000000000000000000000000000A8
:10C890000000000000000000000000000000000098
:10C8A0000000000000000000000000000000000088
:10C8B0000000000000000000000000000000000078
:10C8C0000000000000000000000000000000000068
:10C8D0000000000000000000000000000000000058
:10C8E0000000000000000000000000000000000048
:10C8F0000000000000000000000000000000000038
:10C900000000000000000000000000000000000027
:10C910000000000000000000000000000000000017
:10C920000000000000000000000000000000000007
:10C9300000000000000000000000000000000000F7
:10C9400000000000000000000000000000000000E7
:10C9500000000000000000000000000000000000D7
:10C9600000000000000000000000000000000000C7
:10C9700000000000000000000000000000000000B7
:10C9800000000000000000000000000000000000A7
:10C990000000000000000000000000000000000097
:10C9A0000000000000000000000000000000000087
:10C9B0000000000000000000000000000000000077
:10C9C0000000000000000000000000000000000067
:10C9D0000000000000000000000000000000000057
:10C9E0000000000000000000000000000000000047
:10C9F0000000000000000000000000000000000037
:10CA00000000000000000000000000000000000026
:10CA10000000000000000000000000000000000016
:10CA20000000000000000000000000000000000006
:10CA300000000000000000000000000000000000F6
:10CA400000000000000000000000000000000000E6
:10CA500000000000000000000000000000000000D6
:10CA600000000000000200000300000003000000BE
:10CA7000000400000002000080000000030000002D
:10CA80000300000008000000EBA12E370F572638E6
:10CA9000CF5B4B38860E293872D9AB37B1800D3851
:10CAA0006A913838E0A20D38CFB8B338CD54803809
:10CAB000370AA5381E126938C5369F38130FD0378C
:10CAC000880D7438CD848738B16C4538456D303861
:10CAD000670B493880052138F809F037AF458138B0
:10CAE00052DC57385441C338C32A573823F28438AC
:10CAF0003E584538FA4EDA3849E75638C2BB7238E4
:10CB0000A4C493388F36A8382B9C9738B8E25A388B
:10CB1000D470C137567CAB3883159238F75D153821
:10CB2000AA110738F4E9BE3886BD0A39A1284C3865
:10CB3000C365FC3717D64038B63ACA37D42A5238BC
:10CB4000EFA415387CB3443847AA8538B5A45B38C0
:10CB50007B713B38E552973811BD42394BC21238D0
:10CB6000A064B137D2075E38360F6238543FAE3812
:10CB7000EF432938E9B41638323DE3371DEAB338BC
:10CB8000B22CA337FB4B5C38246B123838A1993890
:10CB90000C0F63386B49483850E4E537AA438938AD
:10CBA0009A81D33820D52038542D5F38B2FF5A38B7
:10CBB0002404A338C35A2E3879F90338E27D533858
:10CBC0000FF57438FABFEC3872D50A382E9425392F
:10CBD00081E95138AF17A1389C9BD2385EB8B8387C
:10CBE000A635B137CD7ADD381FD8333834096238ED
:10CBF000D34A8638E13DA33835F2B438B47A8C385C
:10CC0000EA08C538142AA0384FE08C371D4B73381A
:10CC10000C294738FE319838236C1B38055B813866
:10CC2000A25A9D38B8CE0D382B770638318BD638BE
:10CC3000A549BB376A7D5E3890E82E38AAA9B53879
:10CC400020B7853748B3BA385EB6D63780A3943854
:10CC5000611984384545BE386CAE4438FB0E7738D0
:10CC600078F2C138EE000638F82D66389705673837
:10CC7000E0B09D3726D02F388F187138723C8D3830
:10CC8000A9640A38A2B97D389A4E5438B9B98638A1
:10CC90008466AD38A62FA33892BF9E382288FF370E
:10CCA00080C2A1382BC89538E3E6AF38D4BCA2388F
:10CCB000B1068D3870724E39D9477037C4A4E93740
:10CCC000C685D337F58DCA387C109437D1D3E93770
:10CCD000ED887F384E721839359B6E38D3C8993835
:10CCE00053013438D01643385A345B383D5E8938A6
:10CCF0000B67BD383CC56D38BEB0553830B1F03823
:10CD00001B568F38DB182A386BCF24387A0B4D38F6
:10CD10003C2FA238AF411739EF71553810B5633841
:10CD20006E7EAF381205B738E16A9338F2E94438BD
:10CD300039B00E391D23743829C67638820F4D3824
:10CD4000F6228F388D20A838C5EE1B3864B4B7386A
:10CD5000084A44383851A43862D950381128D53897
:10CD600017344838BD231838947C63385F1F2E3839
:10CD7000243A4338533124381230483878219E38C9
:10CD8000703257386ADD0938948F7A38756E4138B9
:10CD9000BF4687386F9A3C3857AF83389DB64738BF
:10CDA0003942BB38F6F49C38E94D2B38EA05043893
:10CDB0007DB58A38C68D093813A3D4374940B737B3
:10CDC0007D83223902068238FF5AC037887DB13808
:10CDD000F78D8438888F5238D51955388CE9DC376F
:10CDE000679A4338F0AA9D3865937F38B40B17389B
:10CDF000AF38EF37BDD89938FFE79A382C3DBA38AD
:10CE0000E2364B38EF0E5D3890BA18389002883809
:10CE1000EE4114396787813813ED1138A264003868
:10CE200042AFB73893F45138331C38388A83BB3853
:10CE300043C9363804289138DE2DF737701C3A374D
:10CE4000AA66533852E516389B17FD37E2F02C38A6
:10CE500094E484382A9C3D39F5BD8F38C34AE638BE
:10CE6000CE33373879D688384FAA7A384B311E39C5
:10CE7000DEF7ED381E8064389408BB38A5E5D4375A
:10CE8000D2DAAD38BB9D61380262C9380C1B0C3850
:10CE90003EFA713883B39F38D9EDAE3830CF86373C
:10CEA000144793389A8C4038F856A738E2BDC938F1
:10CEB000699201388F0AC538F93CCC37F9F93A380C
:10CEC00011911838DEDD52387AAD7538284D893821
:10CED00005B8173820CD52381932C438DA699D3870
:10CEE00034274639212A0238836D5E38C243883898
:10CEF000AB3D67382EEB3B38738A3C3859B6553812
:10CF0000D58D1B3949BAE037BEA031380A922B388B
:10CF10008AC81E383FA325385782FA37C31EF9370F
:10CF200006541D39BF2BA4380FD15A389591F838C3
:10CF30009991B338421700385C7A1A381A43D438BA
:10CF4000F92CFC378325D538B6311B3858620E389A
:10CF50001F7D22383C57503964B259381374F63863
:10CF6000AB018238A9948438C31A6D38FBA99E3866
:10CF70000437A1389D9FAF38F8D7C838695FDC38CF
:10CF80009F5B21381C6C5438A2CAAE3823621C390E
:10CF900064147F38F37BCA37D92CE839F788943882
:10CFA0007C947D384B95C43884C6AE38E5C82B38A0
:10CFB0001880F838FB0C5C3860FE20381C611E3984
:10CFC000EDA7A13862835D3890F9813814F4923866
:10CFD000EBDD9338EB51C4372E0F97382C1D4A38B0
:10CFE000D0858A38EA052E3810198D3835971739CB
:10CFF0009E042F39F1D007393AE638392B38FF37FC
:10D00000262F983816FEFD372746BA38F80D5D38BA
:10D010000AD894381004A43893A293386E73F33866
:10D020009AF40C39AF225E38F6DD8A380911A3383C
:10D030009C0F23384C6182386687D338AAED8C3830
:10D04000AB765038EB44733813DAEF38EAC8A338BC
:10D05000D491C83803789C3882930539DA9FCB374E
:10D06000B2A75A38119A3D380D8B84380F3A1E38C2
:10D070000DB8663859F2B938E94D3F38F22798387B
:10D08000ECDCE538D31F9338491610397EF0193897
:10D090005ABC0138C2527138BC6440387DBA173866
:10D0A000C2642E388AD31338E57845380D4BAB3837
:10D0B000820DF13761C83D38EB11FD37712A5F38B9
:10D0C000D37E0C3870F03E3827DC86387227C138A2
:10D0D000D47EAE38AD18A23845AEC637AF218938F8
:10D0E0005E2AA638CBC9E13813B312396D5AB2386B
:10D0F00044150C389E8760387B8E22387F677338E2
:10D1000023058438864105386C9ED938844B4F38C6
:10D110008ABFDD38A9E3E7372F93C438CE5580386E
:10D120003211DD38910BB137A4AA4E38A1417838BD
:10D1300033DE9239E76AB438AEE210382BA7803874
:10D14000E44EC237FBF068384A592338D8B82B3838
:10D15000238DED38AF66B237DCC6A638B6FF83380C
:10D16000A037123863BCB8387C6A85378FD04F3807
:10D170008A31DE3711F88937C50F8538139AA638FA
:10D18000BF677538224DCE379A7662389029C437FA
:10D1900064915738216E1A39DEBF3F387A365138DC
:10D1A000F31146389FB917386F8227389D63673867
:10D1B000F755253817698238A2C32A3858B45E3823
:10D1C000312B2B38D8D4A6387D8D01387F19A8385B
:10D1D000DCEE003973C0C9383BA07938DBD63E3865
:10D1E000E0AB4A381FE742383E2EAC38C56DC13738
:10D1F0003E254B38A4FE343836BF8438ACEAAD380F
:10D20000AD8D8D38F45B4738146296385DDB1A3883
:10D21000EFB95738BDF77D38A2B61F38F60B6A381C
:10D22000C9C0C73749FD02380E9365382F7A8B384D
:10D2300083A50D383D3D5838E2BE83384F0225386E
:10D2400081B7AB38079DBB38ECB00C386092203802
:10D25000B1614138E0D0D038FD8BBA387990573879
:10D260008ED36A38C4B50A38036A073822AD5C38F1
:10D2700000CB97382F989E388518B638499EC73707
:10D28000F5B54738C3430A3800000000000000002D
:10D29000000000000000000000000000000000008E
:10D2A000000000000000000000000000000000007E
:10D2B000000000000000000000000000000000006E
:10D2C000000000000000000000000000000000005E
:10D2D000000000000000000000000000000000004E
:10D2E000000000000000000000000000000000003E
:10D2F000000000000000000000000000000000002E
:10D30000000000000000000000000000000000001D
:10D31000000000000000000000000000000000000D
:10D3200000000000000000000000000000000000FD
:10D3300000000000000000000000000000000000ED
:10D3400000000000000000000000000000000000DD
:10D3500000000000000000000000000000000000CD
:10D3600000000000000000000000000000000000BD
:10D3700000000000000000000000000000000000AD
:10D38000000000000000000000000000000000009D
:10D39000000000000000000000000000000000008D
:10D3A000000000000000000000000000000000007D
:10D3B000000000000000000000000000000000006D
:10D3C000000000000000000000000000000000005D
:10D3D000000000000000000000000000000000004D
:10D3E000000000000000000000000000000000003D
:10D3F000000000000000000000000000000000002D
:10D40000000000000000000000000000000000001C
:10D41000000000000000000000000000000000000C
:10D4200000000000000000000000000000000000FC
:10D4300000000000000000000000000000000000EC
:10D4400000000000000000000000000000000000DC
:10D4500000000000000000000000000000000000CC
:10D4600000000000000000000000000000000000BC
:10D4700000000000000000000000000000000000AC
:10D48000000000000000000000000000000000009C
:10D49000000000000000000000000000000000008C
:10D4A000000000000000000000000000000000007C
:10D4B000000000000000000000000000000000006C
:10D4C000000000000000000000000000000000005C
:10D4D000000000000000000000000000000000004C
:10D4E000000000000000000000000000000000003C
:10D4F000000000000000000000000000000000002C
:10D50000000000000000000000000000000000001B
:10D51000000000000000000000000000000000000B
:10D5200000000000000000000000000000000000FB
:10D5300000000000000000000000000000000000EB
:10D5400000000000000000000000000000000000DB
:10D5500000000000000000000000000000000000CB
:10D5600000000000000000000000000000000000BB
:10D5700000000000000000000000000000000000AB
:10D58000000000000000000000000000000000009B
:10D59000000000000000000000000000000000008B
:10D5A000000000000000000000000000000000007B
:10D5B000000000000000000000000000000000006B
:10D5C000000000000000000000000000000000005B
:10D5D000000000000000000000000000000000004B
:10D5E000000000000000000000000000000000003B
:10D5F000000000000000000000000000000000002B
:10D60000000000000000000000000000000000001A
:10D61000000000000000000000000000000000000A
:10D6200000000000000000000000000000000000FA
:10D6300000000000000000000000000000000000EA
:10D6400000000000000000000000000000000000DA
:10D6500000000000000000000000000000000000CA
:10D6600000000000000000000000000000000000BA
:10D6700000000000000000000000000000000000AA
:10D6800000000000000000001E000000010000007B
:10D6900001000000000200001E0000002000000049
:10D6A00001000000010000001000000057C4C73A4C
:10D6B000A329E13AAD64BA395D01CA39385EE83A66
:10D6C000EF354D3A717ABF3A5C8FD23A001C9C39E3
:10D6D000EF19DB395B1D333B3DDF443A3845BA3A3D
:10D6E000C40CC93ACA99B5393D7D7339EF14523B20
:10D6F0007592953A8146C43AE691043BE89F6B39AE
:10D700002D59AC39B9DE1D3B0ACF713A2AB4A33A80
:10D710007959543A36BBAA39EE229A3931CB133BA8
:10D72000DB935F3A000000000000000000000000F2
:10D7300000000000000000000000000000000000E9
:10D7400000000000000000000000000000000000D9
:10D7500000000000000000000000000000000000C9
:10D7600001000000010000000100000001000000B5
:10D77000010000008180803B0000000001000000EB
:10D780000100000001000000100000000200000085
:10D79000010000000100000008000000010000007E
:10D7A000010000000100000020000000080000004F
:10D7B0000100000001000000040000000100000062
:10D7C0000100000001000000400000001000000007
:10D7D0000100000001000000040000000100000042
:10D7E0000100000001000000800000002000000097
:10D7F0000100000001000000040000000100000022
:10D8000001000000010000000001000040000000D5
:10D810000100000001000000040000000100000001
:10D820000100000001000000000200008000000074
:10D8300001000000010000000400000001000000E1
:10D8400001000000070000000004000000010000CB
:10D8500001000000070000000400000001000000BB
:10D8600001000000010000001E0000000200000096
:10D8700001000000010000000F0000000100000096
:10D880000100000001000000010000000100000094
:10D890000100000001000000010000000002000083
:10D8A0000100000001000000010000000002000073
:10D8B0000100000001000000010000000100000064
:10D8C0002000000001000000010000002000000016
:10D8D00001000000010000001A0000000300000029
:10D8E000010000001A000000030000000100000019
:10D8F0001200000003000000010000001200000000
:10D9000003000000B4741170CC5101340000000019
:10D91000004C0200084C0200010000000100000061
:10D92000B49911700400010208000104080000000D
:10D93000A4991170C4991170C8991170C2741170B2
:10D940000000207000C8A800B0C9A800F0C9A80055
:10D950000001000003000000DC99117004000203C4
:10D960000700000408010000CC991170EC991170B7
:10D970002C9A1170D3741170000020700094A800CC
:10D9800000A6A80040A6A8000001000008000000B2
:10D990005C9A1170050003030700000408010000F1
:10D9A0004C9A1170709A1170F09A1170E5741170A0
:10D9B0000000207000A0A70000E8A70040E8A70032
:10D9C0000001000008000000409B117005000303E7
:10D9D0000700000408010000309B1170549B117077
:10D9E000549C1170F7741170000020700080A60024
:10D9F00000A0A70040A0A700000100000800000050
:10DA0000E49C1170050003030700000408010000F6
:10DA1000D49C1170F89C1170F89E117009751170EA
:10DA2000000020700000A2000080A6004080A60038
:10DA3000000100000800000008A0117005000303A9
:10DA40000700000408010000F89F11701CA011706D
:10DA50001CA411701B751170000020700000900054
:10DA60000000A2004000A200000100000800000029
:10DA70002CA6117005000303070000040801000034
:10DA80001CA6117040A6117040AE11702D7511705A
:10DA90000000207000000000000048004000480026
:10DAA000000100000800000050B2117005000303DF
:10DAB000070000040801000040B2117064B2117048
:10DAC00064C211703F7511700000207000004800A2
:10DAD00000009000400090000001000008000000DD
:10DAE00074CA117005000303070000040801000058
:10DAF00064CA117088CA117088D211705175117082
:10DB00000000207000E8A7000024A8004024A8001E
:10DB1000000100001000000098D6117005000303FA
:10DB2000070000040801000088D61170ACD61170FF
:10DB300024D711706375117000002070E0D3A80025
:10DB4000E4D3A80028D4A8000001000001000000D0
:10DB500070D71170010000010000000420000000D7
:10DB600060D711700000000000000000797511708E
:10DB70000000207010D4A80011D4A80058D4A80028
:10DB8000000100000100000070D7117001000003C7
:10DB9000070000040800000060D7117000000000BA
:10DBA000000000009475117000002070F0D3A800F0
:10DBB000F1D3A80038D4A800000100000100000043
:10DBC00070D7117001000003070000040800000076
:10DBD00060D7117074D7117078D71170A875117053
:10DBE00000002070C0D3A800E0D3A80020D4A80073
:10DBF00000010000080000008CD7117004000364CD
:10DC0000F6190004100000007CD71170000000001D
:10DC100000000000BD7511700000207000D2A80047
:10DC200040D2A80080D2A800000100000800000037
:10DC30008CD71170040003640B1400042000000052
:10DC40007CD711700000000000000000D175117039
:10DC50000000207040D2A80080D2A800C0D2A80046
:10DC60000001000004000000ACD711700400036440
:10DC7000F7180004100000009CD71170000000008D
:10DC800000000000E87511700000207010D0A8009E
:10DC900090D0A800D0D0A80000010000040000002F
:10DCA000ACD71170040003640B14000420000000C2
:10DCB0009CD711700000000000000000FE7511707C
:10DCC0000000207090D0A80010D1A80050D1A8006A
:10DCD0000001000004000000CCD7117004000364B0
:10DCE000F718000410000000BCD7117000000000FD
:10DCF000000000001576117000002070B0C9A80067
:10DD0000B0CAA800F0CAA80000010000040000008A
:10DD1000CCD71170040003640B1400042000000031
:10DD2000BCD7117000000000000000002B761170BD
:10DD300000002070B0CAA800B0CBA800F0CBA800AB
:10DD40000001000004000000ECD71170040003641F
:10DD5000F619000410000000DCD71170000000006C
:10DD600000000000427611700000207000C2A80080
:10DD700000C4A80040C4A800000100000400000086
:10DD8000ECD71170040003640B14000420000000A1
:10DD9000DCD7117000000000000000005876117000
:10DDA0000000207000C4A80000C6A80040C6A8005B
:10DDB00000010000040000000CD81170040003648E
:10DDC000F619000410000000FCD7117000000000DC
:10DDD000000000006F7611700000207000B6A800EF
:10DDE00000BAA80040BAA80000010000040000002A
:10DDF0000CD81170040003640B1400042000000010
:10DE0000FCD7117000000000000000008576117042
:10DE10000000207000BAA80000BEA80040BEA80004
:10DE200000010000040000002CD8117004000364FD
:10DE3000F51A0004100000001CD81170000000004A
:10DE4000000000009C7611700000207000A6A80061
:10DE500000AEA80040AEA8000001000004000000D1
:10DE60002CD81170040003640B140004200000007F
:10DE70001CD811700000000000000000B276117084
:10DE8000000020700024A800005CA800405CA800EE
:10DE900000010000040000004CD81170040003646D
:10DEA000F6190004100000003CD8117000000000BA
:10DEB00000000000C976117000002070005CA8000E
:10DEC0000094A8004094A800000100000400000095
:10DED0004CD811700400036409060004100000000F
:10DEE0003CD811700000000000000000DF761170C7
:10DEF0000000207000BEA80000C2A80040C2A80018
:10DF000000010000040000002CD81170040003641C
:10DF1000F41B0004100000001CD811700000000069
:10DF200000000000F67611700000207000AEA8001E
:10DF300000B6A80040B6A8000001000004000000E0
:10DF40002CD81170040003640B140004200000009E
:10DF50001CD8117000000000000000000C77117048
:10DF60000000207080D2A800BCD2A80000D3A80076
:10DF7000000100000F0000006CD811700400036461
:10DF8000F51A0004100000005CD8117000000000B9
:10DF900000000000237711700000207010D1A8004D
:10DFA00088D1A800C8D1A800000100000F0000001F
:10DFB0006CD81170040003640B14000420000000EE
:10DFC0005CD811700000000000000000397711706B
:10DFD0000000207000D4A80001D4A80048D4A800F4
:10DFE00000010000010000008CD8117004000164E1
:10DFF00007000004080000007CD811700000000039
:10E0000000000000587711700000207000C6A800C2
:10E0100000C8A80040C8A8000001000001000000DE
:10E02000ACD811700400016407000004080000006F
:10E030009CD8117000000000000000007F77117074
:10E040000000207020D3A80040D3A80080D3A800EF
:10E050000001000001000000CCD811700200006433
:10E060000800010408000000BCD811700000000086
:10E0700000000000977711700000207090CDA8007C
:10E080002CCEA80070CEA800000100000100000006
:10E09000E4D81170020000641000010410000000B8
:10E0A000D4D811700000000000000000AF7711709C
:10E0B00000002070A0D3A800C0D3A80000D4A800FE
:10E0C0000001000001000000CCD8117002000064C3
:10E0D0000800010408000000BCD811700000000016
:10E0E00000000000C77711700000207090D1A800D8
:10E0F000FCD1A80040D2A8000001000001000000EF
:10E10000FCD811700200006410000104100000002F
:10E11000ECD811700000000000000000DF771170E3
:10E120000000207040D3A80060D3A800A0D3A800AE
:10E130000001000001000000CCD811700200006452
:10E140000800010408000000BCD8117000000000A5
:10E1500000000000F77711700000207030CEA8009A
:10E16000CCCEA80010CFA8000001000001000000E4
:10E17000E4D81170020000641000010410000000D7
:10E18000D4D8117000000000000000000F7811705A
:10E190000000207060D3A80080D3A800C0D3A800DE
:10E1A0000001000001000000CCD8117002000064E2
:10E1B0000800010408000000BCD811700000000035
:10E1C000000000002778117000002070D0CEA80059
:10E1D0006CCFA800B0CFA800000100000100000033
:10E1E000E4D8117002000064100001041000000067
:10E1F000D4D8117000000000000000003F781170BA
:10E200000000207080D3A800A0D3A800E0D3A8000D
:10E210000001000001000000CCD811700200006471
:10E220000800010408000000BCD8117000000000C4
:10E2300000000000577811700000207070CFA80017
:10E240000CD0A80050D0A800000100000100000080
:10E25000E4D81170020000641000010410000000F6
:10E26000D4D8117000000000000000006F78117019
:10E2700000002070E0D2A80000D3A80040D3A8007E
:10E280000001000001000000CCD811700200006401
:10E290000800010408000000BCD811700000000054
:10E2A00000000000877811700000207050CCA8009A
:10E2B000ECCCA80030CDA800000100000100000057
:10E2C000E4D8117002000064100001041000000086
:10E2D000D4D8117000000000000000009F78117079
:10E2E00000002070C0D2A800E0D2A80020D3A8006F
:10E2F0000001000001000000CCD811700200006491
:10E300000800010408000000BCD8117000000000E3
:10E3100000000000B778117000002070B0CBA8009A
:10E320004CCCA80090CCA800000100000100000027
:10E33000E4D8117002000064100001041000000015
:10E34000D4D811700000000000000000CF781170D8
:10E350000000207000D3A80020D3A80060D3A8003C
:10E360000001000001000000CCD811700200006420
:10E370000800010408000000BCD811700000000073
:10E3800000000000E778117000002070F0CCA800B9
:10E390008CCDA800D0CDA800000100000100000035
:10E3A000E4D81170020000641000010410000000A5
:10E3B000D4D8117000000000000000000000000030
:10E3C000000000000000000000000000000000004D
:10E3D000000000000000000000000000000000003D
:10E3E000000000000000000000000000000000002D
:10E3F000000000004109117000000000D09C0034B2
:10E40000000000001700000000000000510911701A
:10E4100000000000000000002300000000000000D9
:10E420000000000048E41170000000001700000028
:10E4300000000000000000000000000000000000DC
:10E4400008000000000000007A7A05CA03000000FE
:10E45000BD020000DD0200000C0000000000000012
:10E460002000BFEC10000000400000004000000051
:10E470000100000018000000020000001000000071
:10E480001E0000002C0000005F757365725F696FED
:10E490005F696E7075745F3000000000000000005E
:10E4A0007A7A05CA3C2D00003D0000005D000000A6
:10E4B000412280004200005C00000008600000155E
:10E4C000007C025C000007004300075C0040000085
:10E4D000E0FF000043000C5C0000000042204110FF
:10E4E000612280004200006000000008000000156A
:10E4F000007C02600000070043000760004000004D
:10E500002000000043000C6000000000411041109A
:10E5100061208000007C00200401080043000220EC
:10E5200000000000004C0200C300052000000000B5
:10E53000004C020000000000000000002400000069
:10E540000000100042000C20060000000700000040
:10E5500043000D2001000000074C02004300112081
:10E56000000000000000000021218000007C003835
:10E570000C0108004300023800102334004C020054
:10E58000C300053800000000004C0200000000003D
:10E5900000000000240000000000100042000C38C1
:10E5A000060000000700000043000D3801000000D5
:10E5B0003F5C2534430011380000000000000000DB
:10E5C000007C001002000000240400106400000021
:10E5D00000000000007C001000000040C47B001020
:10E5E0006400000000000000007C0010010000003A
:10E5F000007C0B1027000000007C1E1007000000AC
:10E60000007C201025000000012000380120005C63
:10E610000120006001200020E47F00386400000039
:10E6200000000000007C0B1000000000007C1E10A9
:10E6300000000000007C201000000000007C00387A
:10E640000200000024040038640000000000000004
:10E65000007C003800000040C47B003864000000EB
:10E660000000000021018000007C005C0200000826
:10E670002404005C6400000000000000007C005CDA
:10E6800000000048C47B005C640000000000000043
:10E6900041028000007C0060020000082404006049
:10E6A0006400000000000000007C006000000048E2
:10E6B000C47B006064000000000000006102800074
:10E6C000007C002002000000240400206400000000
:10E6D00000000000007C002000000040C47B0020FF
:10E6E0006400000000000000610080007D00000068
:10E6F00041218000007C003C34001000C300023C3B
:10E70000030303085511000002426310A002E00059
:10E7100000009F020000DF00007C0A3C00000000B7
:10E72000812280004200006400000008FC006009B3
:10E730002301026400000800000000000700000040
:10E74000FF1F0600FF3F0C0001000000000000005A
:10E75000F903C4070100000043000C64000000003E
:10E7600042204220007C0B6401000000030400658D
:10E770003810000000000000873700000000000093
:10E7800002070000000000001A0E00000000000058
:10E79000B929000000000000D66B00000000000056
:10E7A0000D35000000000000EA1D00000000000020
:10E7B000DE3D000000000000CA1F00000000000055
:10E7C000D8210000000000006722000000000000C7
:10E7D000480A0000000000001829000000000000A6
:10E7E0002627000000000000280F000000000000A5
:10E7F000A12280004200006800000008FC006015B3
:10E800002301026800000A00000000000700000069
:10E81000FF1F0600FF3F0C00EA410000000000005F
:10E82000F903C4070100000043000C680000000069
:10E8300042204220007C0B680100000003040069B4
:10E84000EA41B800F99D0000EA41A8FEF26D00001F
:10E85000EA4150003A800000EA417200E63A0000C6
:10E86000EA41EAFF13620000EA419A00AABA0000F6
:10E87000EA41B1FFED1E0000EA41B700FB1F0000B6
:10E88000EA4145008D320000EA4181005CAE0000A3
:10E89000EA4181006B9C0000EA418D009E930000DC
:10E8A000EA417E000C420000EA415A0026F50000D1
:10E8B000EA4194000D9A0000EA418600DC9A0000CB
:10E8C00001228000007C00544C107401430002546B
:10E8D000807F08000F12900203040055C000000062
:10E8E0000800000008000000080000000800000008
:10E8F00008000000080000000800000008000000F8
:10E9000008000000080000000800000008000000E7
:10E91000080000000800000008000000C900000016
:10E9200011000000110000001100000011000000A3
:10E930001100000011000000110000001100000093
:10E940001100000011000000110000001100000083
:10E950001100000011000000D200000083060056E4
:10E960000000000000C000000000000000C0000027
:10E970000000000000C000000000000080C0000097
:10E980000000000080C000000000000080C0000007
:10E990000000000000C100000000000000C10000F5
:10E9A00000001D16F7D500000000000000D6000092
:10E9B0000000000000D600000000000080D600002B
:10E9C0000000000080D600000000000080D600009B
:10E9D0000000000000D700000000000000D7000089
:10E9E0000000000000D800000000906ED1D10000AF
:10E9F000000000008039000000000000803A0000A4
:10EA000000000000003B000000000000003C00008F
:10EA100000000000003D000000000000003E00007B
:10EA200000000000803E000000000000803F000069
:10EA3000C1228000007C006CC0C04100E300026C79
:10EA4000920800200007E000700070000000000045
:10EA50000000FF060000DF0001000500012080002B
:10EA6000007C00140001080043000214001023344D
:10EA7000004C0200C300051400000000004C02001E
:10EA80000100000000000000240000000000100051
:10EA900042000C14060000000700000043000D14A3
:10EAA000020000003F5C2534430011140000000008
:10EAB00000000000C1208000007C002C84010800C0
:10EAC0004300022C00C8C870B0010000C300052C30
:10EAD0000000000000000000000000000000000036
:10EAE000240000000000100042000C2C0600000072
:10EAF0000700000043000D2C01000000EFC9C870A2
:10EB00004300112C0000000008000000E1208000FC
:10EB1000007C00300801080043000230000020346F
:10EB200000880100C30005300000000000880100DB
:10EB300000000000000000002400000000001000A1
:10EB400042000C30060000000700000043000D30BA
:10EB5000020000003F102334430011300000000089
:10EB600000000000007C00100200000024040010DF
:10EB70006400000000000000007C00100000004065
:10EB8000C47B00106400000000000000007C001046
:10EB900001000000007C09102D00000043000C1053
:10EBA000010000000D000000007C1C102B00000084
:10EBB000007C221015000000007C241029000000B9
:10EBC000007C26102100000001200030007C003C69
:10EBD000350010000120005401200064012000686D
:10EBE0000120006C012000140120002CE47F003083
:10EBF0006400000000000000007C0910000000001C
:10EC000043000C100000000000000000007C1C10FD
:10EC100000000000007C221000000000007C241096
:10EC200000000000007C261000000000007C003086
:10EC30000200000024040030640000000000000016
:10EC4000007C003000000040C47B00306400000005
:10EC500000000000E1008000007C003C0200000099
:10EC60002404003C6400000000000000007C003C24
:10EC700000000040C47B003C640000000000000075
:10EC800041018000007C005482108800240400545C
:10EC90006400000000000000007C005480108840E8
:10ECA000C47B0054640000000000000001028000EA
:10ECB000007C00640200000824040064640000007A
:10ECC00000000000007C006400000048C47B006479
:10ECD000640000000000000081028000007C0068E9
:10ECE0000200000824040068640000000000000026
:10ECF000007C006800000048C47B006864000000DD
:10ED000000000000A1028000007C006C02004200B4
:10ED10002404006C6400000000000000007C006C13
:10ED200000004240C47B006C640000000000000052
:10ED3000C1028000007C00140200000024040014C2
:10ED40006400000000000000007C0014000000408F
:10ED5000C47B00146400000000000000010080007B
:10ED6000007C002C020000002404002C6400000041
:10ED700000000000007C002C00000040C47B002C40
:10ED80006400000000000000C10080009D00000041
:10ED900061218000007C004054000000E30002403C
:10EDA00003030804551100000440B71080037000ED
:10EDB00000007F0300006F0008000300007C0A4091
:10EDC00000000000007C0C40AEFFFF0081218000AD
:10EDD000007C004440000000E300024403030804F8
:10EDE000551100000044A3108003700000007F0351
:10EDF00000006F0008040700007C0A4400000000C7
:10EE0000007C0C44AEFFFF00412280004200005C09
:10EE100000000008FC0060092301025C00000700FC
:10EE20000000000003000000FFC30000FF1F0600F9
:10EE30000100000000000000FD0384070100000045
:10EE400043000C5C0000000042204220007C0B5C70
:10EE5000010000000308005DEE1E0000000000003D
:10EE60002830000000000000463E000000000000C6
:10EE7000C2420000000000008740000000000000C7
:10EE80008E60000000000000FC1C0000000000007C
:10EE90004E2C000000000000292F000000000000A0
:10EEA00001180000000000005746000000000000AC
:10EEB0008B080000000000007F0900000000000037
:10EEC0004F3C0000000000008C4C000000000000DF
:10EED0005922000000000000E35300000000000081
:10EEE000792A000000000000181600000000000051
:10EEF000EE47000000000000760E00000000000059
:10EF00002E660000000000007E3C000000000000B3
:10EF1000DC1D0000000000008F4000000000000029
:10EF2000E34B0000000000009457000000000000C8
:10EF3000153B000000000000562A00000000000001
:10EF4000AC25000000000000CD32000000000000F1
:10EF5000D7360000000000006122800042000060FF
:10EF600000000008FC0060152301026000000A0098
:10EF70000000000003000000FFC30000FF1F0600A8
:10EF8000FF74000000000000FD0384070100000082
:10EF900043000C600000000042204220007C0B6017
:10EFA0000100000003080061FF746003EC7F0000B3
:10EFB000FF74C4035DD10000FF74910384C200009C
:10EFC000FF74A0039C790000FF74890382EF0000A6
:10EFD000FF749A0303120000FF741204142A000045
:10EFE000FF74F403E0B80000FF749103BBDE00007F
:10EFF000FF748703AFEA0000FF74A20391170000BB
:10F00000FF747B0338880000FF743E03C8E90000EA
:10F01000FF749B03C2D40000FF74C80335BB00001B
:10F02000FF7499038BFF0000FF749B03E4ED000065
:10F03000FF74E7034A360000FF74940353B00000E6
:10F04000FF74C203F85A0000FF748B033AE5000016
:10F05000FF74DF03098A0000FF74A2038B3B0000EA
:10F06000FF74B003A4FF0000FF7494034C41000040
:10F07000FF74AB03036B0000FF74D803D1050000DD
:10F08000FF749E03A43E0000FF749F03A04E000087
:10F09000FF74A80374C10000FF748803F13A0000F4
:10F0A000FF749F032615000021228000007C005879
:10F0B0004C10740143000258807F08000F22900218
:10F0C00003040059000000000000000000000000E0
:10F0D0000000000000000000000000000000000030
:10F0E0000000000000000000000000000000000020
:10F0F0000000000000000000000000000000000010
:10F1000000000000000000000000000000000000FF
:10F1100000000000000000000000000000000000EF
:10F12000C100000009000000090000000900000003
:10F1300009000000090000000900000009000000AB
:10F14000CA0000008304005A00001A0F49DE0000C4
:10F150000000000080EB00000000000080EC0000D8
:10F160000000000000EE00000000000000EF0000C2
:10F170000000000000F000000000000080F100002E
:10F180000000000080F200000000000000F4000019
:10F190000000834B6EA90000000000000037000053
:10F1A000000000000038000000000000803900006E
:10F1B00000000000803A000000000000803B0000DA
:10F1C00000000000003D000000000000003E0000C4
:10F1D00000000000803F0000E1228000007C007001
:10F1E000C0C04100E300027092080010C00170002E
:10F1F00038003800000000000000BF0100006F0070
:10F200000100050001218000007C003400C10800DD
:10F21000430002340000203400880100C30005349C
:10F2200000000000001003000100000000000000CA
:10F23000240000000000100042000C340600000012
:10F240000700000043000D34080000003F10233485
:10F250004300113400000000000000008120800005
:10F26000007C002480C10800430002240094C87080
:10F2700020010000C3000524000000002001000060
:10F28000000000000000000024000000000010004A
:10F2900042000C24060000000700000043000D247B
:10F2A000100000003FA6C8704300112400000000B9
:10F2B0000800000021208000007C001800C1080028
:10F2C000430002180088213400880100C30005189B
:10F2D000000000000010030001000000000000001A
:10F2E000240000000000100042000C18060000007E
:10F2F0000700000043000D18080000003F102334F1
:10F30000430011180000000000000000A120800050
:10F31000007C002808000800230102280010233484
:10F32000380038000400200000070000040000003E
:10F330000800000000880100240000000000100008
:10F3400042000C28060000000700000043000D28C2
:10F35000080000003F9824344300112800000000FA
:10F3600000000000007C00100200000024040010D7
:10F370006400000000000000007C0010000000405D
:10F38000C47B00106400000000000000007C00103E
:10F3900001000000007C07102F00000043000F1048
:10F3A00011000000090000006300121003000000BB
:10F3B000090000001700000043001D102700000096
:10F3C00019000000007C201025000000007C2710A0
:10F3D0002300000001200028007C004055000000B0
:10F3E000007C004441000000012000580120005C26
:10F3F000012000600120007001200018012000247D
:10F4000001200034E47F00286400000000000000B8
:10F41000007C07100000000043000F1000000000F7
:10F420000000000063001210000000000000000057
:10F430000000000043001D1000000000000000005C
:10F44000007C201000000000007C2710000000005D
:10F45000007C002802000000240400286400000052
:10F4600000000000007C002800000040C47B002851
:10F470006400000000000000A1008000007C00404B
:10F4800002000000240400406400000000000000AE
:10F49000007C004000000040C47B0040640000008D
:10F4A0000000000061018000007C004402000000B8
:10F4B000240400446400000000000000007C0044BC
:10F4C00000000040C47B0044640000000000000015
:10F4D00081018000007C00588210880024040058BC
:10F4E0006400000000000000007C0058801088408C
:10F4F000C47B00586400000000000000210280006E
:10F50000007C005C020000082404005C6400000031
:10F5100000000000007C005C00000048C47B005C30
:10F52000640000000000000041028000007C0060D8
:10F5300002000008240400606400000000000000D5
:10F54000007C006000000048C47B00606400000094
:10F550000000000061028000007C00700200420098
:10F56000240400706400000000000000007C0070B3
:10F5700000004240C47B00706400000000000000F6
:10F58000E1028000007C0018020000002404001842
:10F590006400000000000000007C00180000004033
:10F5A000C47B0018640000000000000021008000FF
:10F5B000007C0024020000002404002464000000F9
:10F5C00000000000007C002400000040C47B0024F8
:10F5D000640000000000000081008000007C003416
:10F5E0000200000024040034640000000000000059
:10F5F000007C003400000040C47B00346400000044
:10F600000000000001018000BD000000812080009A
:10F61000007C002400C08800230102240010233451
:10F620003800380004002000000700000800000037
:10F630000400000000880100240000000000100009
:10F6400042000C24060000000700000043000D24C7
:10F65000040000003F9824344300112400000000FF
:10F660000000000001218000007C003408018800B7
:10F67000430002340000203400310000C300053490
:10F680000000000000620000000000000000000018
:10F69000240000000000100042000C3406000000AE
:10F6A0000700000043000D34040000003F882134AF
:10F6B000430011340000000000000000007C001036
:10F6C000020000002404001064000000000000009C
:10F6D000007C001000000040C47B001064000000AB
:10F6E00000000000007C001001000000007C0A10F7
:10F6F000090000000120003401200024E47F0034D0
:10F700006400000000000000007C0A1000000000FF
:10F71000007C003402000000240400346400000077
:10F7200000000000007C003400000040C47B003476
:10F73000640000000000000001018000007C002443
:10F740000200000024040024640000000000000007
:10F75000007C002400000040C47B00246400000002
:10F760000000000081008000DD000000A121800079
:10F77000007C004854000000E30002480303080432
:10F78000551100000640B710C00138000000BF014D
:10F790000000370010000300007C0A480000000051
:10F7A000007C0C48D7FFFF0041218000007C003C1A
:10F7B00040000000E300023C030308045511000070
:10F7C0000040B710C00138000000BF010000370042
:10F7D00010040700007C0A3C00000000007C0C3C88
:10F7E000D7FFFF0061218000007C00404000000046
:10F7F000E300024003030804551100000040B71065
:10F80000C00138000000BF010000370010080B00E5
:10F81000007C0A4000000000007C0C40D7FFFF0085
:10F8200081218000007C004440000000E30002448D
:10F8300003030804551100000046A310C00138005E
:10F840000000BF0100003700100C0F00007C0A44CC
:10F8500000000000007C0C44D7FFFF0081228000E4
:10F860004200006400000008FC00600923010264FB
:10F87000008005000000000003000000FF300000D1
:10F88000FF0F03000100000000000000FD0304075B
:10F890000100000043000C640000000042204220F0
:10F8A000007C0B640100000003100065D3400000E1
:10F8B000000000005B22000000000000D82B0000C8
:10F8C000000000006B170000000000000B1E00008D
:10F8D00000000000A821000000000000D326000066
:10F8E00000000000B7270000000000006D260000A7
:10F8F00000000000B019000000000000791F0000A7
:10F9000000000000CE3C000000000000AC2F000012
:10F9100000000000FD39000000000000F86E00004B
:10F9200000000000DF14000000000000B23D0000F5
:10F9300000000000A735000000000000F6200000D5
:10F9400000000000B32A0000000000005131000058
:10F95000000000006414000000000000A32A000062
:10F9600000000000624D0000000000001B260000A7
:10F9700000000000A50F000000000000CC280000DF
:10F9800000000000BE450000000000000D40000027
:10F99000000000003B210000000000002B1D0000C3
:10F9A00000000000AD1A000000000000DE3400007E
:10F9B00000000000CC1E000000000000B03100007C
:10F9C000000000003D1A0000000000004F29000068
:10F9D0000000000012220000000000007D2A00004C
:10F9E00000000000541A0000000000003B2B000043
:10F9F00000000000C10B000000000000495500009D
:10FA0000000000004E1F0000000000002F4000001A
:10FA100000000000842700000000000019470000DB
:10FA200000000000F7250000000000008D0C000021
:10FA300000000000DF1B000000000000682600003E
:10FA400000000000A96B0000000000007E2F0000F5
:10FA500000000000F025000000000000FB31000065
:10FA6000000000000021000000000000C63C000073
:10FA700000000000B74C00000000000088280000D3
:10FA80000000000026350000000000006331000087
:10FA9000000000000024000000000000DD22000043
:10FAA00000000000AD15000000000000A122800051
:10FAB0004200006800000008FC0060152301026895
:10FAC00000000A000000000003000000FF300000FA
:10FAD000FF0F0300B745000000000000FD0304070E
:10FAE0000100000043000C6800000000422042209A
:10FAF000007C0B680100000003100069B745350366
:10FB00002B570000B74521037DC70000B7453B03D5
:10FB10006C6B0000B7458E03097C0000B7451C03E1
:10FB200026E90000B7452003F3400000B745F00286
:10FB30007F230000B7454A035BB90000B7452203A5
:10FB400082F70000B7458903DC460000B745120381
:10FB500040200000B7454A03010D0000B7451F04CF
:10FB60004BF10000B7451E0344BE0000B74511032A
:10FB700013A70000B7456403675E0000B74517038D
:10FB8000B9AD0000B745D803A4430000B745FF0254
:10FB9000C8C80000B74507038DC10000B7453A0348
:10FBA000F47D0000B745080366B30000B745950231
:10FBB00012C90000B74532032BD20000B745CB0273
:10FBC000C71B0000B74535039E480000B7454003FA
:10FBD000A53C0000B7454D03D2B90000B745A903C5
:10FBE0007F190000B745E3039BBC0000B7450C0339
:10FBF000370F0000B745350380830000B7451C036D
:10FC0000CE910000B7453E034A350000B745F302E8
:10FC100052890000B74541021DD80000B7452003B6
:10FC2000D1850000B7452003D5610000B7454F03DB
:10FC300058580000B745F20298E20000B745190392
:10FC4000C8C50000B745030358D20000B7453803C4
:10FC50006B3C0000B7451C037CF80000B74504036B
:10FC600048D60000B745340301F30000B74541030F
:10FC700057F40000B745200356990000B7455A03D2
:10FC80009BE80000B7451803A40C0000B74501032A
:10FC9000B8350000B7451C03F6F00000B7454B032C
:10FCA0001F500000B74506034CA80000B7450003ED
:10FCB000A12E0000B7451F030B570000B745FE02F9
:10FCC000FCF60000B745430339F10000B7450203D5
:10FCD00016F50000B7452B030E390000B745F402B6
:10FCE000F5270000B7458D0288FC0000B7450C03DE
:10FCF0004C750000B7450803CFE8000001228000E2
:10FD0000007C00544C10740143000254807F0800B2
:10FD10000F22900203040055C000000008000000FC
:10FD200008000000080000000800000008000000B3
:10FD300008000000080000000800000008000000A3
:10FD40000800000008000000080000000800000093
:10FD50000800000008000000080000000800000083
:10FD60000800000008000000080000000800000073
:10FD7000C900000011000000110000001100000087
:10FD8000110000001100000011000000110000002F
:10FD900011000000D20000008306005600000000A1
:10FDA00000C000000000000000C0000000000000D3
:10FDB00000C000000000000080C000000000000043
:10FDC00080C000000000000000C100000000000032
:10FDD00000C100000000000080C100000000610EB2
:10FDE0007DDC00000000000080E700000000000053
:10FDF00080E700000000000080E800000000000034
:10FE000080E900000000000000EB0000000000009E
:10FE100000EC00000000000000ED00000000000009
:10FE200000EE00000000E74773B000000000000093
:10FE30008037000000000000803800000000000053
:10FE40008039000000000000803A0000000000003F
:10FE5000003C000000000000003D00000000000029
:10FE6000003E000000000000003F0000C1228000B2
:10FE7000007C006CC0C04100E300026C92080010DE
:10FE8000E00038001C001C00000000000000DF0043
:10FE9000000037000100050061208000007C002088
:10FEA00000C108004300022000002034006200006E
:10FEB000C3000520000000000088010001000000D0
:10FEC00000000000240000000000100042000C2090
:10FED000060000000700000043000D201000000095
:10FEE0003F88213443001120000000000000000082
:10FEF00021218000007C003880C1080043000238C6
:10FF000000A0C77020010000C300053800000000F9
:10FF1000200100000000000000000000240000009C
:10FF20000000100042000C3806000000070000002E
:10FF300043000D38400000003FE8C770430011380F
:10FF4000000000000800000001208000007C001478
:10FF500000C1080043000214006220340062000067
:10FF6000C30005140000000000880100010000002B
:10FF700000000000240000000000100042000C14EB
:10FF8000060000000700000043000D1410000000F0
:10FF90003F882134430011140000000000000000DD
:10FFA000E1208000007C003000C1080043000230E6
:10FFB00000C4203400620000C300053000000000CF
:10FFC0000088010001000000000000002400000083
:10FFD0000000100042000C30060000000700000086
:10FFE00043000D30100000003F88213443001130E1
:10FFF0000000000000000000C1208000007C002CF8
:02000004701278
:1000000000C108004300022C0026213400620000D9
:10001000C300052C00000000008801000100000062
:1000200000000000240000000000100042000C2C22
:10003000060000000700000043000D2C1000000027
:100040003F8821344300112C000000000000000014
:1000500081208000007C0024080008002301022485
:10006000008821341C001C00040040000007000030
:10007000040000001000000000C400002400000084
:100080000000100042000C240600000007000000E1
:1000900043000D24100000003F4C22344300112483
:1000A0000000000000000000007C001002000000C2
:1000B000240400106400000000000000007C001018
:1000C00000000040C47B001064000000000000003D
:1000D000007C001001000000007C06102D000000D4
:1000E00063010C1001000000130000001B00000061
:1000F0000F00000013000000150000000D000000BC
:1001000013000000170000000700000013000000AB
:10011000007C1C102B000000007C22101900000045
:10012000007C241029000000007C26102100000023
:1001300001200024007C003C41000000007C0040C5
:1001400041000000007C004441000000007C0048A9
:1001500055000000012000540120006401200068C7
:100160000120006C01200014012000200120002C3F
:100170000120003001200038E47F002464000000EA
:1001800000000000007C06100000000063010C105D
:10019000000000000000000000000000000000005F
:1001A000000000000000000000000000000000004F
:1001B000000000000000000000000000007C1C1097
:1001C00000000000007C221000000000007C2410D1
:1001D00000000000007C261000000000007C0024CD
:1001E000020000002404002464000000000000005D
:1001F000007C002400000040C47B00246400000058
:100200000000000081008000007C003C0200000033
:100210002404003C6400000000000000007C003C5E
:1002200000000040C47B003C6400000000000000AF
:1002300041018000007C00400200000024040040D6
:100240006400000000000000007C0040000000404E
:10025000C47B0040640000000000000061018000D9
:10026000007C0044020000002404004464000000FC
:1002700000000000007C004400000040C47B0044FB
:10028000640000000000000081018000007C004844
:100290000200000024040048640000000000000088
:1002A000007C004800000040C47B0048640000005F
:1002B00000000000A1018000007C00548210880032
:1002C000240400546400000000000000007C00547E
:1002D00080108840C47B00546400000000000000CF
:1002E00001028000007C0064020000082404006415
:1002F0006400000000000000007C00640000004872
:10030000C47B0064640000000000000081028000E3
:10031000007C0068020000082404006864000000FB
:1003200000000000007C006800000048C47B0068FA
:100330006400000000000000A1028000007C006C4E
:10034000020042002404006C640000000000000071
:10035000007C006C00004240C47B006C6400000024
:1003600000000000C1028000007C001402000000B8
:10037000240400146400000000000000007C00144D
:1003800000000040C47B0014640000000000000076
:1003900001008000007C00200200000024040020F6
:1003A0006400000000000000007C0020000000400D
:1003B000C47B002064000000000000006100800099
:1003C000007C002C020000002404002C64000000CB
:1003D00000000000007C002C00000040C47B002CCA
:1003E0006400000000000000C1008000007C0030BC
:1003F000020000002404003064000000000000003F
:10040000007C003000000040C47B0030640000002D
:1004100000000000E1008000007C003802000000C5
:10042000240400386400000000000000007C003854
:1004300000000040C47B00386400000000000000A1
:1004400021018000FD00000001208000007C0014DC
:1004500000C0880023010214008821341C001C0005
:100460000400400000070000080000000800000031
:1004700000C40000240000000000100042000C1422
:10048000060000000700000043000D1408000000F3
:100490003F4C223443001114000000000000000013
:1004A000A1208000007C0028080188004300022869
:1004B00000002034400C0000C300052800000000AC
:1004C0008018000000000000000000002400000070
:1004D0000000100042000C28060000000700000089
:1004E00043000D28080000003FC4203443001128B9
:1004F0000000000000000000007C0010020000006E
:10050000240400106400000000000000007C0010C3
:1005100000000040C47B00106400000000000000E8
:10052000007C001001000000007C071001000000AA
:100530000120002801200014E47F0028640000004E
:1005400000000000007C071000000000007C002874
:1005500002000000240400286400000000000000E5
:10056000007C002800000040C47B002864000000DC
:1005700000000000A1008000007C001402000000C8
:10058000240400146400000000000000007C00143B
:1005900000000040C47B0014640000000000000064
:1005A000010080001D01000041218000007C003C12
:1005B000500300002301023C03030804551100000E
:1005C0000640B710E0001C000000DF0000001B0028
:1005D000100003000201010000000000007C0C3C40
:1005E000CFFFFF0061218000007C00404000000040
:1005F000E300024003030804551100000040B71057
:10060000E0001C000000DF0000001B0010040700D9
:10061000007C0A4000000000007C0C40CFFFFF007F
:1006200081218000007C004440000000E30002447F
:1006300003030804551100000040B710E0001C003F
:100640000000DF0000001B0010080B00007C0A44C3
:1006500000000000007C0C44CFFFFF00A1218000BF
:10066000007C004840000000E30002480303080447
:10067000551100000046A310E0001C000000DF0040
:1006800000001B00100C0F00007C0A480000000056
:10069000007C0C48CFFFFF00412280004200005C3C
:1006A00000000008FC0060092301025C0000060055
:1006B00000000000030000003F0C0000FF87010065
:1006C0000100000000000000FD030406010000001E
:1006D00043000C5C0000000042204220007C0B5CC8
:1006E000010000000320005D422000000000000027
:1006F000382E000000000000F01A0000000000008A
:1007000063260000000000008C1A000000000000BA
:10071000B227000000000000682200000000000076
:100720000F2C0000000000008421000000000000E9
:100730000B370000000000000F2D0000000000003B
:10074000EF43000000000000B82800000000000097
:10075000C731000000000000A527000000000000D5
:10076000D0200000000000009A25000000000000DA
:100770008D1D000000000000192400000000000092
:1007800024240000000000006817000000000000A2
:10079000371D0000000000002737000000000000A7
:1007A0005E3C000000000000172C0000000000006C
:1007B000D734000000000000832E0000000000007D
:1007C0005037000000000000AC35000000000000C1
:1007D000C21D000000000000463B000000000000B9
:1007E000F8220000000000000135000000000000B9
:1007F000CB1D0000000000005F2D00000000000085
:10080000C5160000000000001C1E000000000000D3
:10081000FA28000000000000954C000000000000D5
:10082000EF20000000000000C324000000000000D2
:100830005D20000000000000B61C00000000000069
:10084000EB4B000000000000094500000000000024
:100850007424000000000000812F00000000000050
:10086000F8280000000000006A2F000000000000CF
:10087000F530000000000000713B000000000000A7
:100880009A2B000000000000B423000000000000CC
:10089000E215000000000000ED180000000000005C
:1008A000A8200000000000001C1C00000000000048
:1008B000A03A0000000000003B45000000000000DE
:1008C0009E1E000000000000901C000000000000C0
:1008D000AF590000000000005A4D00000000000069
:1008E000133E000000000000D01D000000000000CA
:1008F0006C220000000000008F23000000000000B8
:100900008F27000000000000AF3200000000000050
:100910003825000000000000D46200000000000044
:100920003E1F0000000000004B1D00000000000002
:100930001528000000000000062C00000000000048
:100940005B140000000000006121000000000000B6
:10095000682E000000000000BA2100000000000026
:100960002C25000000000000D62900000000000037
:100970000A360000000000002217000000000000FE
:10098000114D000000000000CD2800000000000014
:10099000561D000000000000593B00000000000050
:1009A0008E300000000000006B31000000000000ED
:1009B000A42D00000000000018330000000000001B
:1009C000781C0000000000009034000000000000CF
:1009D000B6270000000000004B2F000000000000C0
:1009E000E51C000000000000C2250000000000001F
:1009F000F7380000000000008E1400000000000026
:100A00002D11000000000000F6250000000000008D
:100A10001012000000000000D428000000000000B8
:100A20009C2E0000000000003B2C00000000000095
:100A3000B92400000000000064370000000000003E
:100A4000C132000000000000B323000000000000DD
:100A50007B19000000000000864C00000000000030
:100A6000122D00000000000002260000000000001F
:100A70004727000000000000AF1400000000000045
:100A8000ED1A000000000000B81A0000000000008D
:100A90004C280000000000005E3000000000000054
:100AA000D62C000000000000BE2600000000000060
:100AB0008D250000000000009E2E000000000000B8
:100AC000180F0000000000005B2A0000000000007A
:100AD000FF2B000000000000DF4C000000000000C1
:100AE0000C2800000000000061228000420000602D
:100AF00000000008FC0060152301026000000A00ED
:100B000000000000030000003F0C0000FF87010010
:100B10005365000000000000FD0304060100000012
:100B200043000C600000000042204220007C0B606B
:100B30000100000003200061536581014DC60000E3
:100B400053650202CAA300005365E2012DB50000FF
:100B5000536577010BAA00005365550106EF0000AD
:100B60005365A4010E72000053656701978300006E
:100B70005365AA0172B10000536558015C9A0000E8
:100B800053656D013B67000053653001A8F9000013
:100B90005365730173E000005365A900F30700007B
:100BA0005365230258CC000053657601205F000096
:100BB0005365DE01BA3D00005365A701592B0000C3
:100BC000536568018507000053657001FD19000039
:100BD0005365A4014E4C000053659F01AB2B0000F0
:100BE00053654901AC4D00005365FDFF343B0000E7
:100BF00053656C0143D5000053650301BDBC000083
:100C000053655C018862000053658901CBFE0000DA
:100C100053653F01BEFE0000536573016150000043
:100C2000536543015AFB00005365AC015027000097
:100C300053658D01E596000053658A0140F600007A
:100C40005365260107D000005365A0015E4F0000E8
:100C50005365BA003B8100005365D000CAA1000073
:100C6000536560011751000053657701C7DB000031
:100C70005365A401236C000053652501E8A700001B
:100C800053655D01F065000053656E0188C2000088
:100C900053656101B8C2000053650201BFA900009D
:100CA000536545014B33000053654C0188AA000091
:100CB0005365EE01F0A4000053657A01E99B000042
:100CC00053655501EBCC000053658E014A7A000054
:100CD00053650901905C00005365590174DF000001
:100CE0005365FD0081F6000053656D0171E9000058
:100CF0005365A101DD99000053655701D7DC000061
:100D000053655301C8F7000053650D015A9C00005C
:100D100053650D01ECE000005365FC00F1CF0000CD
:100D20005365BB0073D4000053654301EC0E000013
:100D300053655001E4A4000053653301667F000051
:100D400053651301B5BB000053655101F3DE00008C
:100D500053650101A11F000053658601C7380000DB
:100D60005365200179480000536518005670000053
:100D700053659D011864000053659E01B5C10000D4
:100D800053658B01D021000053653E010509000029
:100D900053656C006C520000536565014B570000B1
:100DA000536561018313000053653301D66300006E
:100DB00053652C01A7A20000536561013F89000023
:100DC0005365A301DD0100005365FA00960400009D
:100DD00053652E01371300005365F300DD26000034
:100DE0005365FC013DBE000053653301EA1B000062
:100DF00053656B00C9A10000536548010011000054
:100E000053656201F4A9000053657101C69D00009D
:100E1000536537013F62000053652601B338000077
:100E20005365F401A9F4000053657E0125200000FC
:100E300053652A01B6E40000536594012EEF0000CB
:100E40005365FB00E55B00005365E901412D00009F
:100E50005365620173C600005365BD0169E300007C
:100E60005365F2000E3F000053654D01100C000069
:100E700053656101B2A300005365A801F2AC000004
:100E80005365F701EBF6000053654E01EBC300001C
:100E900053654C014385000053656F0170A9000044
:100EA0005365FD00861A000053654501947F0000DC
:100EB00053657B016C2400005365B50131DA0000F5
:100EC00053654301B0D600005365490156F5000053
:100ED00053655801DF19000053659E014EC30000A1
:100EE00053651B00F59B000053656C017C430000BB
:100EF0005365660187220000536523012D300000F1
:100F000053658201C222000053659901C07F000031
:100F10005365900145D9000053656701080600003C
:100F20005365A401C2B3000053659C01CEF00000DC
:100F3000536580019E59000021228000007C0058EA
:100F40004C10740143000258807F08000F12900279
:100F500003040059C0000000080000000800000061
:100F60000800000008000000080000000800000061
:100F70000800000008000000080000000800000051
:100F80000800000008000000080000000800000041
:100F9000080000000800000008000000C900000070
:100FA00011000000110000001100000011000000FD
:100FB00011000000110000001100000011000000ED
:100FC00011000000110000001100000011000000DD
:100FD000D20000008306005A0000000000C000009C
:100FE0000000000000C000000000000000C0000081
:100FF0000000000080C000000000000080C0000071
:101000000000000080C000000000000000C10000DF
:101010000000000000C1000000001F18DBD7000026
:101020000000000000DB00000000000000DB00000A
:101030000000000000DB00000000000080DB00007A
:101040000000000080DB00000000000000DC000069
:101050000000000000DC00000000000000DD0000D7
:1010600000009B7845C700000000000080380000A9
:10107000000000008039000000000000003A00007D
:1010800000000000003B000000000000003C0000E9
:1010900000000000003D000000000000003E0000D5
:1010A00000000000003F0000E1228000007C007092
:1010B000C0C04100E30002709208001070001C00E4
:1010C0000E000E000000000000006F0000001B007A
:1010D0000100050081208000007C002400C1080080
:1010E000430002240000203480180000C3000524BF
:1010F000000000000062000002000000000000008C
:10110000240000000000100042000C240600000033
:101110000700000043000D24400000003FC42034BD
:10112000430011240000000000000000E1208000C6
:10113000007C003080C10800430002300080C6708F
:1011400020010000C3000530000000002001000065
:10115000000000000000000024000000000010005B
:1011600042000C30060000000700000043000D3074
:10117000000100003FA0C7704300113000000000D4
:101180000800000021218000007C003800C1880098
:101190004300023800262134400C0000C30005380B
:1011A000000000000000000000000000000000003F
:1011B000240000000000100042000C38060000006F
:1011C0000700000043000D3840000000BF3E2134FE
:1011D00043001138000000000000000021208000C2
:1011E000007C001800C10800430002188018203459
:1011F00080180000C3000518000000000062000015
:1012000002000000000000002400000000001000A8
:1012100042000C18060000000700000043000D18F3
:10122000400000003FC420344300111800000000BB
:101230000000000041208000007C001C00C108006C
:101240004300021C0031203480180000C300051C3C
:10125000000000000062000002000000000000002A
:10126000240000000000100042000C1C06000000DA
:101270000700000043000D1C400000003FC4203464
:101280004300111C0000000000000000A1208000AD
:10129000007C002800C10800430002288049203457
:1012A00080180000C3000528000000000062000054
:1012B00002000000000000002400000000001000F8
:1012C00042000C28060000000700000043000D2823
:1012D000400000003FC420344300112800000000FB
:1012E0000000000001218000007C0034080188001B
:1012F0004300023400262134400C0000C3000534B2
:1013000000000000000000000000000000000000DD
:10131000240000000000100042000C340600000011
:101320000700000043000D3440000000BF3E2134A0
:10133000430011340000000000000000C1208000C4
:10134000007C002C080008002301022C00C420347B
:101350000E000E00040080000007000004000000E2
:1013600020000000006200002400000000001000C7
:1013700042000C2C060000000700000043000D2C6A
:10138000200000003F2621344300112C0000000003
:1013900000000000007C0010020000002404001087
:1013A0006400000000000000007C0010000000400D
:1013B000C47B00106400000000000000007C0010EE
:1013C00001000000007C08102F000000007C0A10C3
:1013D0001B00000083010C10090000000F0000003A
:1013E00013000000030000000F00000015000000C3
:1013F000050000000F000000170000000B000000B7
:101400000F0000001900000043001D10270000001D
:101410001A011B01007C201025000000007C271011
:10142000230000000120002C01200034007C003C3F
:1014300051030000007C004041000000007C00449B
:1014400041000000007C00484100000001200058DD
:101450000120005C012000600120007001200018C4
:101460000120001C01200024012000280120003060
:1014700001200038E47F002C640000000000000020
:10148000E47F00346400000000000000007C0810CD
:1014900000000000007C0A100000000083010C1016
:1014A000000000000000000000000000000000003C
:1014B000000000000000000000000000000000002C
:1014C000000000000000000000000000000000001C
:1014D00043001D100000000000000000007C2010F0
:1014E00000000000007C271000000000007C002CA1
:1014F000020000002404002C640000000000000032
:10150000007C002C00000040C47B002C6400000024
:1015100000000000C1008000007C003402000000D8
:10152000240400346400000000000000007C00344B
:1015300000000040C47B0034640000000000000094
:1015400001018000007C003C020000002404003CFB
:101550006400000000000000007C003C000000402F
:10156000C47B003C640000000000000041018000DA
:10157000007C0040020000002404004064000000E1
:1015800000000000007C004000000040C47B0040E0
:10159000640000000000000061018000007C004445
:1015A0000200000024040044640000000000000069
:1015B000007C004400000040C47B00446400000044
:1015C0000000000081018000007C00480200000053
:1015D000240400486400000000000000007C004873
:1015E00000000040C47B00486400000000000000D0
:1015F000A1018000007C005882108800240400585B
:101600006400000000000000007C0058801088404A
:10161000C47B00586400000000000000210280002C
:10162000007C005C020000082404005C64000000F0
:1016300000000000007C005C00000048C47B005CEF
:10164000640000000000000041028000007C006097
:101650000200000824040060640000000000000094
:10166000007C006000000048C47B00606400000053
:101670000000000061028000007C00700200420057
:10168000240400706400000000000000007C007072
:1016900000004240C47B00706400000000000000B5
:1016A000E1028000007C0018020000002404001801
:1016B0006400000000000000007C001800000040F2
:1016C000C47B0018640000000000000021008000BE
:1016D000007C001C020000002404001C64000000C8
:1016E00000000000007C001C00000040C47B001CC7
:1016F000640000000000000041008000007C002425
:101700000200000024040024640000000000000027
:10171000007C002400000040C47B00246400000022
:101720000000000081008000007C00280200000012
:10173000240400286400000000000000007C002851
:1017400000000040C47B002864000000000000008E
:10175000A1008000007C0030020000002404003062
:101760006400000000000000007C00300000004029
:10177000C47B00306400000000000000E100800035
:10178000007C0038020000002404003864000000DF
:1017900000000000007C003800000040C47B0038DE
:1017A0006400000000000000210180003D010000F5
:1017B00081208000007C002400C0880023010224D6
:1017C00000C420340E000E0004008000000700005A
:1017D000080000001000000000620000240000006B
:1017E0000000100042000C2406000000070000006A
:1017F00043000D24100000003F2621344300112433
:10180000000000000000000021218000007C003862
:101810000801880043000238000020341003000053
:10182000C300053800000000200600000000000092
:1018300000000000240000000000100042000C38EE
:10184000060000000700000043000D3810000000F3
:101850003F62203443001138000000000000000007
:10186000007C00100200000024040010640000004E
:1018700000000000007C001000000040C47B00104D
:101880006400000000000000007C00100100000067
:10189000007C0B100900000001200038012000240A
:1018A000E47F00386400000000000000007C0B10A2
:1018B00000000000007C0038020000002404003812
:1018C0006400000000000000007C003800000040C0
:1018D000C47B00386400000000000000210180008B
:1018E000007C0024020000002404002464000000A6
:1018F00000000000007C002400000040C47B0024A5
:101900006400000000000000810080005D01000014
:1019100041218000007C003C500300002301023C78
:1019200003030804551100000740B71070000E00B3
:1019300000006F0000000D00100003000401030010
:1019400000000000007C0C3CB8FFFF00612180001B
:10195000007C004040000000E30002400303080454
:10196000551100000040B71070000E0000006F001D
:1019700000000D0010040700007C0A400000000079
:10198000007C0C40B8FFFF0081218000007C0044F7
:1019900040000000E3000244030308045511000066
:1019A0000040B71070000E0000006F0000000D0036
:1019B00010080B00007C0A4400000000007C0C446E
:1019C000B8FFFF00A1218000007C0048400000001B
:1019D000E300024803030804551100000047A31068
:1019E00070000E0000006F0000000D00100C0F00D2
:1019F000007C0A4800000000007C0C48B8FFFF0093
:101A0000812280004200006400000008FC006009A0
:101A100023010264008005000000000003000000B4
:101A20000F030000FFC300000100000000000000E1
:101A3000FD0304040100000043000C6400000000EA
:101A400042204220007C0B6401000000034000653E
:101A5000B62B000000000000281F0000000000005E
:101A6000E118000000000000E71500000000000081
:101A7000C81A0000000000007121000000000000F2
:101A8000500F0000000000002E14000000000000B5
:101A9000851800000000000017140000000000007E
:101AA0005412000000000000B61400000000000006
:101AB000700E00000000000075180000000000001B
:101AC00071150000000000006B2C000000000000F9
:101AD000110F0000000000006C1100000000000069
:101AE000C51C0000000000004E0E000000000000B9
:101AF000F3120000000000001215000000000000BA
:101B00002712000000000000140F00000000000079
:101B1000F116000000000000ED17000000000000BA
:101B20002E110000000000007D0E000000000000EB
:101B3000E11C0000000000000A1B00000000000083
:101B4000C31A000000000000572D00000000000034
:101B5000170D000000000000271900000000000021
:101B6000502B0000000000001F0F000000000000CC
:101B700058140000000000002020000000000000B9
:101B8000E11A000000000000251200000000000023
:101B90004E0F000000000000341B00000000000099
:101BA0009F100000000000000F1000000000000067
:101BB000101B00000000000069170000000000007A
:101BC000081D0000000000006D180000000000006B
:101BD000B40F000000000000091100000000000028
:101BE000961B000000000000F4150000000000003B
:101BF000CD19000000000000ED1B000000000000F7
:101C0000B4110000000000006D1200000000000090
:101C1000B110000000000000EC1300000000000004
:101C200028150000000000006E19000000000000F0
:101C30005D310000000000000126000000000000EF
:101C400096100000000000004B250000000000007E
:101C50008D100000000000008F1100000000000047
:101C60005019000000000000461E000000000000A7
:101C7000900F000000000000F24B00000000000088
:101C8000EB120000000000005350000000000000B4
:101C9000FB14000000000000A01100000000000084
:101CA00006230000000000005F1B00000000000091
:101CB0004511000000000000751200000000000047
:101CC0004A1D000000000000761B0000000000001C
:101CD000CF1300000000000064200000000000009E
:101CE000820F000000000000181600000000000035
:101CF000FB14000000000000C018000000000000FD
:101D000036190000000000001B1A0000000000004F
:101D10002D1C0000000000005A150000000000000B
:101D2000E31300000000000013100000000000009A
:101D3000B50A000000000000E319000000000000E8
:101D40000210000000000000A71F000000000000BB
:101D50006D1C000000000000BE1400000000000028
:101D6000D90F000000000000F7160000000000007E
:101D7000BB14000000000000312100000000000042
:101D8000D90D0000000000009B11000000000000C1
:101D900086120000000000006D1700000000000027
:101DA000ED1A000000000000AB1800000000000069
:101DB00070110000000000001A1700000000000071
:101DC000A00B0000000000005916000000000000F9
:101DD0003713000000000000700E0000000000003B
:101DE00007120000000000000323000000000000B4
:101DF000BF1200000000000060260000000000008C
:101E0000340F0000000000000C1B00000000000068
:101E10001E2400000000000001110000000000006E
:101E2000A31400000000000069150000000000007D
:101E3000591C00000000000097170000000000007F
:101E4000ED10000000000000AC1B000000000000CE
:101E50008D12000000000000631F00000000000061
:101E6000C510000000000000B421000000000000C8
:101E70006911000000000000AF1D0000000000001C
:101E8000691E000000000000531700000000000061
:101E9000C418000000000000A817000000000000A7
:101EA000B30D0000000000003B6F000000000000C8
:101EB000030D0000000000000314000000000000FB
:101EC000AA0C0000000000000F1B00000000000032
:101ED00083110000000000006F15000000000000EA
:101EE000330E0000000000007D1F00000000000015
:101EF000F01B000000000000DD1A000000000000E0
:101F0000230F0000000000006B3A000000000000FA
:101F1000C70F0000000000009F4900000000000003
:101F2000F91000000000000076140000000000001E
:101F3000742A0000000000009A0F0000000000005A
:101F40009112000000000000E00C00000000000002
:101F5000151C000000000000C41500000000000077
:101F6000271A0000000000006425000000000000A7
:101F7000DE10000000000000EF0E00000000000076
:101F800003220000000000008F0F0000000000008E
:101F900093190000000000009E2A000000000000CD
:101FA000B3110000000000007417000000000000E2
:101FB000A8190000000000009212000000000000BC
:101FC000B31E000000000000200E00000000000012
:101FD0008718000000000000A717000000000000A4
:101FE000CC160000000000005215000000000000A8
:101FF000E217000000000000DC28000000000000E4
:10200000A81E000000000000A51B0000000000004A
:102010004730000000000000FB1A00000000000034
:1020200056130000000000009E1300000000000096
:1020300079200000000000002017000000000000D0
:10204000ED12000000000000691A0000000000000E
:102050003F0F00000000000084100000000000009E
:10206000ED17000000000000541000000000000008
:1020700036120000000000005B1B000000000000A2
:102080006B1E000000000000F50E000000000000C4
:102090009437000000000000061B00000000000054
:1020A000921D000000000000F0160000000000007B
:1020B0004B15000000000000D21B000000000000D3
:1020C0001513000000000000B21500000000000021
:1020D000EE10000000000000C71200000000000029
:1020E000041F000000000000ED16000000000000CA
:1020F00025140000000000001B1300000000000079
:1021000035100000000000007714000000000000FF
:10211000660B000000000000FD120000000000003F
:102120006F1E000000000000161C000000000000F0
:10213000C010000000000000673100000000000037
:102140005C11000000000000C40D00000000000051
:1021500008100000000000000B120000000000004A
:10216000D616000000000000A316000000000000CA
:10217000760D0000000000000412000000000000C6
:10218000790F000000000000AE1500000000000004
:10219000E71200000000000004140000000000002E
:1021A0003C10000000000000C91200000000000008
:1021B000060F000000000000F417000000000000FF
:1021C000DB1D000000000000C41100000000000042
:1021D000611200000000000039180000000000003B
:1021E000E41F000000000000F20F000000000000EB
:1021F000EB32000000000000E81E000000000000BC
:102200007911000000000000B81E0000000000006E
:10221000750E000000000000341E000000000000E9
:10222000D1090000000000001313000000000000AE
:10223000CC0B0000000000003E0E0000000000007B
:10224000EE140000000000006B0F00000000000012
:10225000A12280004200006800000008FC00601518
:102260002301026800000A000000000003000000D3
:102270000F030000FFC300006D7B000000000000A2
:10228000FD0304040100000043000C68000000008E
:1022900042204220007C0B680100000003400069DE
:1022A0006D7B35FF9F1300006D7B0BFF6A280000DC
:1022B0006D7B89FF9C5B00006D7B07FF19E10000CF
:1022C0006D7B5EFF47ED00006D7B68FF5E1E0000CA
:1022D0006D7B2DFFD72D00006D7B57FF53A20000B3
:1022E0006D7B34FF77C100006D7B3AFF6C3F0000CF
:1022F0006D7B4DFFB60500006D7B25FF58BA0000D1
:102300006D7B63FF630700006D7B69FF9F740000B6
:102310006D7B67FF22FE00006D7B39FF7FCA0000E6
:102320006D7B2AFFF8CC00006D7B44FFF035000088
:102330006D7B27FF603E00006D7B44FF9BD5000056
:102340006D7B6FFFC8A800006D7B31FFE1EA0000E4
:102350006D7B7BFF1F3B00006D7B7CFF268E0000AA
:102360006D7B0CFF4D4200006D7B66FF31C70000A6
:102370006D7BF1FE071A00006D7B8BFF38BE0000FD
:102380006D7B10FF655300006D7B49FF39E4000051
:102390006D7B23FFE0D400006D7B9DFFCB9E000092
:1023A0006D7B49FF06B000006D7B6CFF80E2000092
:1023B0006D7BD2FE704A00006D7B2DFF052500006D
:1023C0006D7B48FFD3AA00006D7B26FF808A00004A
:1023D0006D7BADFFD5C600006D7BEFFE18130000CE
:1023E0006D7B78FF2EFC00006D7B59FFF4DE000052
:1023F0006D7BE7FE356F00006D7B5DFFD9BB000094
:102400006D7B77FF330300006D7B59FFC7A9000088
:102410006D7B4BFF7CD500006D7B72FF5060000030
:102420006D7B52FFE51700006D7B47FF669600004D
:102430006D7B36FFE10000006D7B59FF99B800000D
:102440006D7B51FFE38000006D7B86FF7B77000092
:102450006D7B6FFFEF6700006D7B17FFFF1C0000B7
:102460006D7B61FFBF8C00006D7B34FF679F0000B8
:102470006D7B4EFFC25000006D7B4FFFD1370000D7
:102480006D7B10FFA58900006D7BBBFF08C00000BD
:102490006D7B32FE197E00006D7B15FFE41000009D
:1024A0006D7B4AFFE5C700006D7B57FFA0C80000A9
:1024B0006D7B3FFF021D00006D7BC9FEF51700001C
:1024C0006D7B4BFF779100006D7BF7FEE5620000AE
:1024D0006D7B13FFECD900006D7B08FFC21D00006F
:1024E0006D7B52FF60AD00006D7BAFFE9E0800006B
:1024F0006D7BD3FEB81000006D7B3EFF435E000095
:102500006D7B4DFF5F0000006D7B55FFE55A0000BD
:102510006D7B69FFF62600006D7B5DFFC44D0000FA
:102520006D7B74FF5D5D00006D7B72FFEEBB000094
:102530006D7B60FF2F4700006D7B53FF6D380000FF
:102540006D7B53FF67C300006D7B68FFA9D7000058
:102550006D7B77FF5B2100006D7B52FFF20D000069
:102560006D7B50FFCAA700006D7B68FF7B63000096
:102570006D7B73FF481100006D7B57FFB56D000048
:102580006D7B7BFFB27F00006D7B43FF612C000001
:102590006D7BEEFFB8E300006D7B29FF53AF0000B9
:1025A0006D7B62FF10C700006D7B6FFFF57500004B
:1025B0006D7B8AFF3ED200006D7BABFF630B00009A
:1025C0006D7B7FFF699700006D7B54FFDDFD000090
:1025D0006D7B40FF4BD600006D7B63FF4722000000
:1025E0006D7B9EFFD3E700006D7B4EFFD234000071
:1025F0006D7B5BFFF25F00006D7B84FFB9D900004B
:102600006D7B70FF958300006D7BA6FF992D000008
:102610006D7B3AFF3A9C00006D7B2CFFA3EA000023
:102620006D7B62FF85A100006D7B69FF02C4000025
:102630006D7B74FF49CD00006D7B50FF164E00008E
:102640006D7B87FF3F7000006D7B1EFEDCD60000B7
:102650006D7B29FF0D0900006D7B2CFF96B00000FB
:102660006D7B27FFA5E900006D7B9CFFD9ED000085
:102670006D7B4DFF6CCE00006D7B5FFF40E900007D
:102680006D7B1EFF006900006D7B6BFF6C09000015
:102690006D7B4FFFC75E00006D7B77FF5031000000
:1026A0006D7B6CFF9EAB00006D7B95FFD9F0000049
:1026B0006D7B75FFE49A00006D7B40FF467700005C
:1026C0006D7B59FF079000006D7B6DFF03080000D4
:1026D0006D7B1AFF7A9300006D7BEFFE7BA80000F4
:1026E0006D7B6FFFD80800006D7B58FFFFB70000BF
:1026F0006D7B6BFF123A00006D7B4BFF51B5000004
:102700006D7BB6FFA45200006D7B39FF8FF4000093
:102710006D7B1FFF5C6800006D7B18FE549200000B
:102720006D7B34FFC0A000006D7B37FFBA0C00004A
:102730006D7B37FF92A200006D7B27FF4BD8000016
:102740006D7B46FF0A1200006D7BE5FFCEBC0000EA
:102750006D7B85FFB08500006D7B45FF8692000094
:102760006D7B75FFF93700006D7B2AFFACC8000058
:102770006D7BA2FF4D9600006D7B07FFA9BF000097
:102780006D7B7BFFADC500006D7B3EFF4E210000E1
:102790006D7B63FF332B00006D7B07FF2529000055
:1027A0006D7B2DFF299100006D7B78FF7741000044
:1027B0006D7B7EFF64C900006D7B3EFFD4A10000ED
:1027C0006D7B8FFF13C700006D7B60FF6CEA00001C
:1027D0006D7B53FFFDE500006D7B29FF5C9F0000D2
:1027E0006D7B8EFF4A0000006D7B52FFB028000019
:1027F0006D7B9FFFED2800006D7BB8FEFBBF0000E6
:102800006D7BF7FE421300006D7B18FF17F0000090
:102810006D7B8BFFDCCE00006D7B7EFFE35C0000F8
:102820006D7BD2FEC7B900006D7B20FF9D37000095
:102830006D7B45FF66A700006D7BFBFE0403000077
:102840006D7B7EFF13BD00006D7B7CFF14FE0000DE
:102850006D7B16FFA87800006D7B32FFA58C000011
:102860006D7B0CFF573000006D7B2DFF9AA9000097
:102870006D7B85FFF9AC00006D7B5DFF441A0000A5
:102880006D7B61FF2D2F00006D7B9DFF886F000029
:102890006D7BE0FE953C00006D7B46FF06C80000A6
:1028A0006D7B62FFAD2200006D7BDAFEDC2600004E
:1028B0006D7B50FF2D5800006D7B57FFD66E0000DA
:1028C0006D7B26FF4D1100006D7B91FE4D280000B1
:1028D0006D7B66FFDB5500006D7B54FF59CF000018
:1028E0006D7B2FFF813B00006D7B83FF318B0000F0
:1028F0006D7B21FFC53200006D7B61FF65AD00007F
:102900006D7B5BFF96BD00006D7B58FF7F73000001
:102910006D7BF6FEDAFF00006D7B83FFCFA3000026
:102920006D7B99FF69E400006D7B7BFF52290000FD
:102930006D7B6AFF326100006D7B6CFFD26300002B
:102940006D7B9CFF816000006D7B5FFFA98D0000A7
:102950006D7B8BFFB99E00006D7B5FFFFFCD00009C
:102960006D7B8FFFEE0500006D7B43FFB1530000D0
:102970006D7B16FF210100006D7B76FF1595000031
:102980006D7B73FF9D5800006D7B7DFFBA100000CA
:102990006D7B4DFF546300006D7B5CFFBAA40000AB
:1029A0006D7B53FFEA3200006D7B9CFFCB0900007A
:1029B0006D7BAAFFF51500006D7B89FF12490000B1
:1029C0006D7B1BFFE53000006D7BB5FFA5D50000DA
:1029D0006D7B68FF036F00006D7B58FFCA15000018
:1029E0006D7B59FFBD5000006D7BECFE779F0000B2
:1029F0006D7B49FFA2A800006D7B05FF4D7B0000A9
:102A00006D7B72FFD9A900006D7BB5FE6FD600000B
:102A10006D7B6AFFFD3A00006D7BC2FEDFEA0000BD
:102A20006D7B6EFFDE8000006D7BFCFE5EAE000005
:102A30006D7B61FFBCC800006D7B6BFF5E19000001
:102A40006D7B49FFECE600006D7B7CFF891F000079
:102A50006D7BE0FE3B6200006D7B30FFCCAF000081
:102A60006D7BAAFF904C00006D7B83FFAFE90000F7
:102A70006D7B7AFF944100006D7B55FFAF25000010
:102A80006D7B81FFB2C100006D7B6AFFAA0F000061
:102A90006D7B71FFE95A00006D7B31FF1963000007
:102AA00001228000007C00544C1074014300025449
:102AB000807F08000F12900203040055C000000040
:102AC00008000000080000000800000008000000E6
:102AD00008000000080000000800000008000000D6
:102AE00008000000080000000800000008000000C6
:102AF0000800000008000000C900000011000000EC
:102B00001100000011000000110000001100000081
:102B10001100000011000000110000001100000071
:102B20001100000011000000110000001100000061
:102B30001100000011000000D200000083060056C2
:102B40000000000000C000000000000000C0000005
:102B50000000000080C000000000000080C00000F5
:102B60000000000080C000000000000000C1000064
:102B70000000000000C100000000000000C10000D3
:102B800000009814A0D400000000000080D30000D2
:102B90000000000080D300000000000080D400008E
:102BA0000000000000D500000000000000D600007A
:102BB0000000000080D600000000000080D7000068
:102BC0000000000080D800000000F86622D9000054
:102BD000000000008039000000000000803A000082
:102BE00000000000803B000000000000003C0000EE
:102BF00000000000003D000000000000803D0000DB
:102C000000000000803E000000000000803F000047
:102C1000C1228000007C006CC0C04100E300026C57
:102C20009208001038000E000700070000000000A6
:102C30000000370000000D00010005004120800069
:102C4000007C001C00C108004300021C000020346E
:102C500020060000C300051C0000000080180000D2
:102C6000040000000000000024000000000010002C
:102C700042000C1C060000000700000043000D1C71
:102C8000000100003F6220344300111C00000000DE
:102C90000000000021208000007C001880C1080096
:102CA000430002180000C27020010000C300051894
:102CB00000000000200100000000000000000000F3
:102CC000240000000000100042000C180600000064
:102CD0000700000043000D18000400003F80C6708C
:102CE000430011180000000008000000C12080000F
:102CF000007C002C00C188004300022C009320348B
:102D000010030000C300052C0000000000000000BC
:102D100000000000000000002400000000009000FF
:102D200042000C2C060000000700000043000D2CA0
:102D3000000100005F9920344300112C00000000C6
:102D400000000000E1208000007C003000C108008D
:102D5000430002302006203420060000C300053066
:102D600000000000801800000400000000000000C7
:102D7000240000000000100042000C30060000009B
:102D80000700000043000D30000100003F622034C6
:102D900043001130000000000000000061208000AE
:102DA000007C002000C1080043000220400C2034B9
:102DB00020060000C300052000000000801800006D
:102DC00004000000000000002400000000001000CB
:102DD00042000C20060000000700000043000D2008
:102DE000000100003F622034430011200000000079
:102DF0000000000001218000007C003400C10800B8
:102E0000430002346012203420060000C300053461
:102E10000000000080180000040000000000000016
:102E2000240000000000100042000C3406000000E6
:102E30000700000043000D34000100003F62203411
:102E40004300113400000000000000000120800059
:102E5000007C001408018800430002140093203411
:102E600010030000C3000514000000000000000073
:102E7000000000000000000024000000000010001E
:102E800042000C14060000000700000043000D146F
:102E9000000100005F99203443001114000000007D
:102EA0000000000081208000007C00240800080051
:102EB00023010224006220340700070004000001FF
:102EC0000007000004000000400000000031000086
:102ED000240000000000100042000C240600000046
:102EE0000700000043000D24400000003F93203401
:102EF000430011240000000000000000007C0010CE
:102F00000200000024040010640000000000000023
:102F1000007C001000000040C47B00106400000032
:102F200000000000007C001001000000007C021086
:102F30001B000000007C06102D00000083010C1017
:102F400005000000030000000D0000000F0000005D
:102F5000030000001500000007000000030000004F
:102F6000170000001100000003000000190000001D
:102F7000007C1C102B000000007C22101A031B0197
:102F8000007C241029000000007C26102100000095
:102F90000120001401200024007C003C51030000AB
:102FA000007C004041000000007C00444100000023
:102FB000007C004841000000012000540120006412
:102FC000012000680120006C012000180120001C75
:102FD000012000200120002C0120003001200034BD
:102FE000E47F00146400000000000000E47F00247F
:102FF0006400000000000000007C021000000000DF
:10300000007C06100000000083010C10000000008E
:1030100000000000000000000000000000000000B0
:1030200000000000000000000000000000000000A0
:10303000000000000000000000000000007C1C10E8
:1030400000000000007C221000000000007C241022
:1030500000000000007C261000000000007C00142E
:1030600002000000240400146400000000000000BE
:10307000007C001400000040C47B001464000000C9
:103080000000000001008000007C0024020000001D
:10309000240400246400000000000000007C0024E0
:1030A00000000040C47B0024640000000000000019
:1030B00081008000007C003C020000002404003CF1
:1030C0006400000000000000007C003C00000040A4
:1030D000C47B003C6400000000000000410180004F
:1030E000007C004002000000240400406400000056
:1030F00000000000007C004000000040C47B004055
:10310000640000000000000061018000007C0044B9
:1031100002000000240400446400000000000000DD
:10312000007C004400000040C47B004464000000B8
:103130000000000081018000007C004802000000C7
:10314000240400486400000000000000007C0048E7
:1031500000000040C47B0048640000000000000044
:10316000A1018000007C00548210880024040054D7
:103170006400000000000000007C005480108840C3
:10318000C47B0054640000000000000001028000C5
:10319000007C006402000008240400646400000055
:1031A00000000000007C006400000048C47B006454
:1031B000640000000000000081028000007C0068C4
:1031C0000200000824040068640000000000000001
:1031D000007C006800000048C47B006864000000B8
:1031E00000000000A1028000007C006C0200420090
:1031F0002404006C6400000000000000007C006CEF
:1032000000004240C47B006C64000000000000002D
:10321000C1028000007C0018020000002404001895
:103220006400000000000000007C00180000004066
:10323000C47B001864000000000000002100800032
:10324000007C001C020000002404001C640000003C
:1032500000000000007C001C00000040C47B001C3B
:10326000640000000000000041008000007C00209D
:1032700002000000240400206400000000000000A0
:10328000007C002000000040C47B0020640000009F
:103290000000000061008000007C002C02000000A3
:1032A0002404002C6400000000000000007C002CBE
:1032B00000000040C47B002C6400000000000000FF
:1032C000C1008000007C00300200000024040030B7
:1032D0006400000000000000007C0030000000409E
:1032E000C47B00306400000000000000E1008000AA
:1032F000007C00340200000024040034640000005C
:1033000000000000007C003400000040C47B00345A
:103310006400000000000000010180007D01000049
:1033200001208000007C001400C0880023010214EA
:1033300000622034070007000400000100070000BD
:103340000800000020000000003100002400000000
:103350000000100042000C140600000007000000EE
:1033600043000D14200000003F932034430011144B
:103370000000000000000000A1208000007C002868
:10338000080188004300022800002034C400000027
:10339000C3000528000000008801000000000000B4
:1033A00000000000240000000000100042000C2873
:1033B000060000000700000043000D282000000068
:1033C0003F312034430011280000000000000000BD
:1033D000007C0010020000002404001064000000C3
:1033E00000000000007C001000000040C47B0010C2
:1033F0006400000000000000007C001001000000DC
:10340000007C0710010000000120002801200014AA
:10341000E47F00286400000000000000007C07102A
:1034200000000000007C00280200000024040028A6
:103430006400000000000000007C00280000004044
:10344000C47B00286400000000000000A100800090
:10345000007C00140200000024040014640000003A
:1034600000000000007C001400000040C47B001439
:103470006400000000000000010080009D010000C9
:1034800041218000007C003C50030000C300023C4E
:1034900003030804551100000747A3103800070074
:1034A00000003700000006004300093C20011F0017
:1034B00000000000007C0C3CA7FFFF0041228000C0
:1034C0004200005C00000008FC0060092301025C6F
:1034D000008005000000000003000000C3000000A1
:1034E000FF6100000100000000000000FD03040077
:1034F0000100000043000C5C00000000422042205C
:10350000007C0B5C010000000360005DD81C000023
:1035100000000000661E000000000000B82200004D
:10352000000000002515000000000000752E0000BE
:1035300000000000C1240000000000007A1E00000E
:1035400000000000B61C000000000000781B000016
:1035500000000000F02B0000000000000814000034
:103560000000000072150000000000004C20000068
:1035700000000000B927000000000000E82800005B
:10358000000000008E0F000000000000CC3A000098
:1035900000000000CE2300000000000062240000B4
:1035A00000000000442C000000000000C7170000CD
:1035B000000000002812000000000000C4270000E6
:1035C000000000000517000000000000C11F0000FF
:1035D000000000007236000000000000931C000094
:1035E000000000005C1D000000000000E81000006A
:1035F00000000000991B000000000000371B0000C5
:1036000000000000601A000000000000C61B00005F
:1036100000000000FA1F00000000000075200000FC
:1036200000000000E234000000000000FA12000078
:1036300000000000FB2E000000000000D11F000071
:1036400000000000601E000000000000E1200000FB
:10365000000000007713000000000000431F00007E
:1036600000000000801D000000000000281700007E
:1036700000000000001B000000000000FF2500000B
:1036800000000000F21D000000000000532A0000AE
:103690000000000055150000000000005D1A000049
:1036A00000000000B41A0000000000007C1D0000B3
:1036B00000000000FE2B00000000000015260000A6
:1036C00000000000231C0000000000009B1E000002
:1036D00000000000F11A000000000000741000005B
:1036E000000000008F2E000000000000DA11000032
:1036F00000000000F31C000000000000B0190000F2
:1037000000000000441D000000000000E51B000058
:1037100000000000E419000000000000F3150000A4
:10372000000000007523000000000000F02E0000E3
:10373000000000001E2D000000000000EB1800003B
:1037400000000000FB27000000000000C01900007E
:10375000000000002416000000000000A52000006A
:10376000000000003C2D000000000000432100008C
:1037700000000000D628000000000000462B0000DA
:103780000000000084110000000000001C16000072
:1037900000000000A016000000000000FE13000062
:1037A000000000005E30000000000000CB2F000091
:1037B000000000009C1F00000000000087220000A5
:1037C00000000000BB170000000000009120000076
:1037D00000000000C31A000000000000851900006E
:1037E000000000002B240000000000006213000015
:1037F000000000008017000000000000E53D000010
:10380000000000001020000000000000C9160000A9
:1038100000000000A617000000000000A71500002F
:1038200000000000BB13000000000000C21E0000EA
:1038300000000000D3280000000000002D1600004A
:10384000000000006B16000000000000A81500003A
:1038500000000000322100000000000012170000EC
:1038600000000000E1110000000000002A2000001C
:1038700000000000D51F00000000000092150000AD
:1038800000000000EC18000000000000EC0F000039
:1038900000000000FC2C000000000000942C000040
:1038A00000000000521B0000000000004B2100003F
:1038B000000000007E2C000000000000F421000049
:1038C000000000006F10000000000000E11D00007B
:1038D00000000000ED18000000000000C0530000D0
:1038E00000000000E90F0000000000008D1B000038
:1038F00000000000FC1F000000000000BD380000B8
:1039000000000000550F000000000000A417000098
:1039100000000000B219000000000000BE1B000003
:1039200000000000622E0000000000009718000058
:1039300000000000371A000000000000DC27000033
:10394000000000008722000000000000DB130000E0
:10395000000000009A150000000000002122000075
:10396000000000009B15000000000000AF100000E8
:10397000000000005213000000000000261E00009E
:1039800000000000861D0000000000000011000083
:10399000000000000515000000000000AF1400004A
:1039A00000000000CA1E0000000000003E2A0000C7
:1039B00000000000842200000000000091150000BB
:1039C00000000000E71D000000000000AB1A00002E
:1039D000000000008929000000000000E419000038
:1039E0000000000092200000000000007C20000089
:1039F000000000004E310000000000006F1E0000BB
:103A0000000000005811000000000000E12100004B
:103A100000000000F7310000000000006C160000FC
:103A2000000000007F1C0000000000004D4B000063
:103A300000000000C548000000000000C21B00009C
:103A4000000000005623000000000000AC1A000037
:103A500000000000FD1000000000000087120000C0
:103A600000000000BF160000000000003A1A00002D
:103A700000000000BC2600000000000054210000EF
:103A800000000000122F000000000000DA1C0000FF
:103A900000000000C5250000000000006640000096
:103AA00000000000CC31000000000000D326000020
:103AB00000000000A6170000000000000511000033
:103AC000000000004420000000000000D01E0000A4
:103AD00000000000A415000000000000AF59000025
:103AE00000000000C02F0000000000006025000062
:103AF00000000000C717000000000000D0220000F6
:103B000000000000A41F0000000000004D1700008E
:103B100000000000081D00000000000099180000CF
:103B20000000000007190000000000005B15000005
:103B300000000000ED0F0000000000007C250000E8
:103B400000000000E21C0000000000000F21000047
:103B5000000000005020000000000000EB1E0000EC
:103B60000000000016200000000000007B1F000085
:103B700000000000323E0000000000007A1B000040
:103B8000000000002017000000000000BE1600002A
:103B9000000000003025000000000000EA1E0000C8
:103BA00000000000271D000000000000652F00003D
:103BB00000000000911800000000000087100000C5
:103BC000000000007F2300000000000054230000DC
:103BD00000000000C244000000000000141A0000B1
:103BE00000000000FC19000000000000741F00002D
:103BF00000000000F0180000000000007214000037
:103C000000000000BE25000000000000103B000086
:103C100000000000721C000000000000911600006F
:103C2000000000003629000000000000DA28000033
:103C300000000000722800000000000000270000C3
:103C400000000000691F000000000000DD1C0000F3
:103C5000000000002F120000000000008C1E000079
:103C6000000000007A16000000000000F90E0000BD
:103C7000000000002D1C0000000000009218000051
:103C800000000000C516000000000000B72D000075
:103C9000000000009623000000000000541F0000F8
:103CA00000000000B561000000000000BE18000028
:103CB00000000000EA190000000000002B180000BE
:103CC0000000000057210000000000002516000041
:103CD00000000000451B000000000000A5230000BC
:103CE000000000006B130000000000003C1C0000FE
:103CF00000000000EA2B000000000000631A000032
:103D000000000000501B00000000000048290000D7
:103D1000000000006C3C0000000000000D160000D8
:103D200000000000161C000000000000331E000010
:103D300000000000704E0000000000002320000082
:103D4000000000004F2C0000000000005322000083
:103D5000000000008E14000000000000932200000C
:103D600000000000731E000000000000C7190000E2
:103D700000000000171D000000000000351B0000BF
:103D800000000000C61800000000000052200000E3
:103D900000000000E222000000000000CB1900003B
:103DA00000000000681D000000000000E613000095
:103DB0000000000030220000000000002D22000062
:103DC00000000000FF27000000000000E3230000C7
:103DD00000000000FC1E00000000000009160000AA
:103DE000000000005328000000000000622A0000CC
:103DF000000000005415000000000000221B00001D
:103E0000000000008D37000000000000382800008E
:103E1000000000009422000000000000F91E0000D5
:103E2000000000002D21000000000000992100008A
:103E3000000000009B270000000000004C1D000057
:103E400000000000834B000000000000AA150000E5
:103E50000000000038180000000000007438000066
:103E600000000000E743000000000000E820000020
:103E70000000000021160000000000009D2100004D
:103E800000000000D315000000000000F32E000029
:103E9000000000004E18000000000000971600000F
:103EA00000000000201A000000000000921700002F
:103EB000000000009919000000000000671B0000CE
:103EC00000000000A53200000000000053140000B4
:103ED000000000003C18000000000000C9200000A5
:103EE00000000000AB1E000000000000B41800003D
:103EF000000000001F230000000000001F1D000044
:103F0000000000006E1C0000000000003D1F0000CB
:103F1000000000003A330000000000006F180000AD
:103F2000000000001D1B0000000000005F1A0000E0
:103F300000000000951A0000000000002E13000091
:103F400000000000B80F0000000000007211000027
:103F500000000000361D000000000000BB20000033
:103F600000000000CE200000000000007C160000D1
:103F7000000000002C13000000000000DA290000FF
:103F800000000000F231000000000000562C00008C
:103F900000000000D92A000000000000281C0000DA
:103FA00000000000101F0000000000003218000098
:103FB00000000000E31B000000000000AF12000042
:103FC00000000000861B0000000000001314000029
:103FD000000000005910000000000000032A00004B
:103FE000000000009A1D000000000000E116000023
:103FF000000000002514000000000000804D0000BB
:10400000000000008A1F0000000000008016000071
:1040100000000000B712000000000000C2160000FF
:10402000000000006E11000000000000553100008B
:10403000000000005440000000000000A014000038
:1040400000000000261A0000000000006A210000A5
:1040500000000000761D0000000000006312000058
:1040600000000000B63200000000000092170000BF
:1040700000000000143400000000000028140000BC
:104080000000000000140000000000004A140000BE
:1040900000000000480F000000000000B5200000F4
:1040A000000000006E280000000000007E1D0000DF
:1040B00000000000101D0000000000002823000088
:1040C000000000006A1C0000000000003E1000001C
:1040D000000000007D100000000000004A160000F3
:1040E00000000000D11F00000000000002190000C5
:1040F00000000000531E00000000000098140000A3
:1041000000000000B812000000000000007C0B5C02
:10411000000000000320005FF22300000000000008
:104120006C1F0000000000003C390000000000008F
:10413000B727000000000000C416000000000000C7
:10414000C51A000000000000FB2A0000000000006B
:10415000F6250000000000001A1200000000000018
:10416000101E0000000000004113000000000000CD
:10417000B11F0000000000007918000000000000DE
:10418000831A000000000000472700000000000024
:10419000AB14000000000000DD0C00000000000077
:1041A000371E000000000000FF2400000000000097
:1041B000E9200000000000008E1B0000000000004D
:1041C000E113000000000000B21E0000000000002B
:1041D0003129000000000000611A0000000000000A
:1041E0001A19000000000000382000000000000044
:1041F000512B0000000000007718000000000000B4
:104200003A1D0000000000006A45000000000000A8
:10421000A1150000000000007D1800000000000053
:10422000151B000000000000A33900000000000082
:104230006A190000000000001A39000000000000A8
:104240001C1D000000000000B5150000000000006B
:104250007F130000000000003B140000000000007D
:10426000151C0000000000003516000000000000D2
:104270008636000000000000AA0D000000000000CB
:1042800081190000000000004A1700000000000033
:104290004413000000000000E11F000000000000C7
:1042A000E4100000000000007F1B00000000000080
:1042B0005A170000000000005B1B00000000000017
:1042C000573A000000000000EC2A00000000000047
:1042D000A315000000000000781B00000000000093
:1042E0008918000000000000912500000000000077
:1042F0007534000000000000FF1A000000000000FC
:1043000027280000000000003E150000000000000B
:10431000D827000000000000122400000000000068
:104320002A120000000000005910000000000000E8
:104330000917000000000000A63D0000000000007A
:104340006A1F000000000000611B00000000000068
:10435000B1210000000000005059000000000000E2
:10436000082A0000000000006611000000000000A4
:10437000571A0000000000008B1B00000000000026
:104380009E1B000000000000B918000000000000A3
:10439000BC16000000000000121600000000000023
:1043A0002330000000000000992100000000000000
:1043B000A0110000000000000C1D00000000000023
:1043C0009731000000000000C5130000000000004D
:1043D0003B17000000000000F73F00000000000055
:1043E000E51A0000000000007B1F00000000000034
:1043F0003819000000000000CC250000000000007B
:104400008B17000000000000C51300000000000032
:10441000313A000000000000B91600000000000062
:1044200097230000000000000E2F00000000000095
:104430008A1F000000000000D21C000000000000E5
:104440002216000000000000D1350000000000002E
:104450004414000000000000EC39000000000000DF
:104460002323000000000000AC3200000000000028
:104470004916000000000000F02C000000000000C1
:10448000F830000000000000D01400000000000020
:104490009F1C000000000000D11B00000000000075
:1044A000C9170000000000000A1B00000000000007
:1044B0000711000000000000C347000000000000DA
:1044C000D730000000000000D51E000000000000F2
:1044D0008A1A0000000000002726000000000000EB
:1044E000F029000000000000991C000000000000FE
:1044F0005A13000000000000F61400000000000045
:104500000F26000000000000E11200000000000083
:10451000E31A0000000000006122800042000060F9
:1045200000000008FC0060152301026000000A0082
:104530000000000003000000C3000000FF61000055
:10454000364F000000000000FD03040001000000E1
:1045500043000C600000000042204220007C0B6001
:104560000100000003600061364F000087E8000092
:10457000364F6700AD4C0000364F3C006F590000CD
:10458000364FF1FFFF800000364FC5FF67E40000A3
:10459000364F5DFF9B420000364F38003DD3000090
:1045A000364F170015FD0000364FFEFFE2B0000049
:1045B000364FD2FFE3AF0000364F05002D0A000052
:1045C000364FCEFFA7BB0000364F1E0075D6000049
:1045D000364FF0FF368C0000364FDFFF0927000012
:1045E000364F4200ED860000364FE8FFCEDD00007A
:1045F000364F3E007C260000364F1400F4090000C0
:10460000364F0100899D0000364F05008F9E000047
:10461000364F39000D960000364F0900AD020000FC
:10462000364F180064FD0000364FD2FF13ED000036
:10463000364FDBFF58510000364FECFF438100003E
:10464000364FD5FF1FBB0000364F2200906300009D
:10465000364FF2FFE6690000364F2F009C2700001E
:10466000364FDFFF04AA0000364F6BFFB5D40000C1
:10467000364FE4FFFA1B0000364F1800315500009A
:10468000364F70FFD9CF0000364F0F005DCF0000CE
:10469000364FE4FFE8840000364FEBFFA8ED000042
:1046A000364FF7FF924D0000364FACFF1BC00000A5
:1046B000364F4F00475A0000364F3700B0A7000072
:1046C000364FB2FF63FD0000364F2000FEFF0000B2
:1046D000364FF4FF9D410000364F21009F7E0000C1
:1046E000364F0A00B1C80000364FDCFF777B000070
:1046F000364F500087890000364F01008D8300003F
:10470000364FC9FFC0F40000364F2F0016010000DD
:10471000364F3D0049000000364F1D00405B000051
:10472000364F63FF0B670000364F3300155700000C
:10473000364FDDFFE0190000364F740094D10000C1
:10474000364FEAFF3E570000364F580072FD00001A
:10475000364FD0FF32CC0000364F1D00DF930000F3
:10476000364F20000EB90000364F93FFCE490000AF
:10477000364F4500C5D10000364F4300F5C3000059
:10478000364FFCFF14210000364F3800169B000006
:10479000364F08003A7E0000364FDEFFE1CC0000C5
:1047A000364F100063650000364FEDFFA2F80000A1
:1047B000364F3F00C73E0000364FF3FF0DAD0000FF
:1047C000364FC0FF1F350000364F25007CC7000064
:1047D000364FFEFFEE560000364F09008A140000E7
:1047E000364F3F00B0120000364F1C003EB70000AD
:1047F000364F0E00BFAC0000364FD1FF3F360000F1
:10480000364F0400291B0000364F8A007E650000E9
:10481000364FDEFF22AE0000364F88FFD5C10000C4
:10482000364F5900138C0000364F060071E400002B
:10483000364F5D0012CB0000364F40004370000041
:10484000364F3700547F0000364F5900139C00004C
:10485000364F45005F010000364F8DFFF18F00009D
:10486000364FD4FFED7D0000364F4500C9300000C3
:10487000364FF2FF6DD10000364F6DFF67FC000030
:10488000364F5A0026700000364FD8FF3D550000C5
:10489000364FAEFF6AAE0000364F0E00489D000056
:1048A000364FDFFFBD800000364F550071300000ED
:1048B000364FFEFF75FD0000364F30000137000017
:1048C000364F2B0016A70000364F1B0080620000F9
:1048D000364FDFFFC90C0000364F4F00882600001E
:1048E000364F10008E7E0000364F21009BDC00000A
:1048F000364F1C008F1F0000364F5300635B0000D3
:10490000364FC6FFC2940000364F1100B6AD00000E
:10491000364FEEFFE5D50000364F57002665000004
:10492000364F4E0041210000364FF1FF4571000027
:10493000364FA2FF2B4C0000364FACFF2D8B0000F2
:10494000364F4800214C0000364F280068320000E6
:10495000364FE7FF06C20000364FC4FF6FBC0000B1
:10496000364F5F00C60D0000364F4700C68B000073
:10497000364FACFFA66B0000364F01007ACF000027
:10498000364F4200A68C0000364FFEFF52B80000A2
:10499000364FEDFF46DE0000364F99FF1BB000009A
:1049A000364F4400FD4D0000364F3100792A00009B
:1049B000364F280027AB0000364F560098E3000022
:1049C000364FC6FF00A50000364FC5FF79470000EF
:1049D000364F26002B780000364F4DFFFD6C00004F
:1049E000364FFCFFC5C50000364F6700C3A5000069
:1049F000364F4A00E7A90000364FF0FF72BE0000B4
:104A0000364F8AFF3B7A0000364FFEFF72F40000FB
:104A1000364FFCFFABAC0000364F4000BF8B0000B0
:104A2000364FEFFFB38D0000364F97FF873C0000F5
:104A3000364F9BFFD2AE0000364FE9FF1D6B0000E2
:104A4000364F1F003FAE0000364FD5FF36630000E3
:104A5000364FA7FFABDA0000364FCBFF12760000CF
:104A6000364F2700DDD00000364FC4FFDA79000052
:104A7000364FEAFF537C0000364F4A00C6D700008D
:104A8000364F370038460000364FFCFF38830000B1
:104A9000364F8EFF2AAC0000364F46000A6F0000EA
:104AA000364F200019D40000364FDEFF8CDB0000AB
:104AB000364F7100F9FB0000364F36007C5C000079
:104AC000364F49007A000000364FFEFF3F6300007A
:104AD000364FBEFFA4380000364FB5FFD3DE0000CE
:104AE000364FFCFFACE10000364F45005C62000031
:104AF000364F28007E7B0000364F5E0009660000BE
:104B0000364FCCFFE62C0000364FAEFFF48B000092
:104B1000364FF0FF37AD0000364F2A002B2700003C
:104B2000364FC2FF8EF40000364F14FFD24900000A
:104B3000364F5A0091620000364FE5FFC87C0000F6
:104B4000364F050096470000364F29005E380000BA
:104B5000364F33005DA70000364F8CFF204B00001E
:104B6000364F150076E50000364F1C00761F00001A
:104B7000364F91FFD1540000364F0D0067A300005F
:104B8000364F4B00455A0000364F5200F066000089
:104B9000364F43007DC50000364FCDFFAA220000EE
:104BA000364FFBFF59720000364FEBFFAFF40000A9
:104BB000364FFDFF3DBE0000364F9CFFBAE90000B6
:104BC000364FFAFF96740000364FEBFF2434000096
:104BD000364FEEFFA2E70000364F43002B2C0000BB
:104BE000364F0A0061AB0000364F1B00DAE10000CF
:104BF000364F0D0042830000364F4B00B26100007B
:104C0000364F0D0060880000364F0E005BC3000079
:104C1000364FACFF1DB70000364F32004AC80000C7
:104C2000364FBEFFFF2C0000364FDEFF69910000BB
:104C3000364F98FFAB690000364F2600379E0000C4
:104C4000364FCBFFD2860000364FFBFF70AC000022
:104C5000364FEEFF8F310000364F5300C77C000007
:104C6000364FE8FF809F0000364F5E00701E000048
:104C7000364F340003400000364FCEFF99C6000087
:104C8000364FEDFF25630000364FD8FF9D9600009C
:104C9000364F1900B9C30000364FCFFF77560000DA
:104CA000364FBAFFDA470000364F340039DE0000D5
:104CB000364F3D00A6B90000364FFEFFCC4E000037
:104CC000364FB6FFBA160000364F6100E4EC000024
:104CD000364F3E0051450000364F3400C886000074
:104CE000364F6200E0130000364FA5FFD64C00009F
:104CF000364F0500A9190000364F1E00550D000063
:104D0000364FF3FF54420000364F17005D49000054
:104D1000364FB7FF502B0000364F3D00EE850000A8
:104D2000364FECFF7DDA0000364F28007C8800000B
:104D3000364F210043EE0000364F4900C1540000B9
:104D4000364F3700F5670000364FF9FFA3D6000055
:104D5000364FA7FF7D380000364F0A0080CB000099
:104D6000364F37FF06CD0000364F1F00947C000001
:104D7000364FE6FF18930000364FDAFF8E440000EE
:104D8000364FC3FF0C830000364F75FF609D000057
:104D9000364FDAFFAE240000364F6EFFBBF800003E
:104DA000364F7CFF831C0000364FDCFF51EC0000C7
:104DB000364F14002C180000364FC8FFA004000026
:104DC000364FC4FF8A260000364F4500A556000026
:104DD000364FFDFFB8330000364FC5FF43090000D2
:104DE000364FF3FF85750000364FE6FFB59500009E
:104DF000364F0B00114A0000364F11008BCA0000DD
:104E0000364F4100FCDA0000364F0D006FC900003C
:104E1000364F2100919E0000364F290025B7000033
:104E2000364FDEFF8BFE0000364F650027970000EF
:104E3000364FB1FFAF970000364F1000301C000016
:104E4000364FA3FFBE610000364F0F0054AF000085
:104E5000364F3700978B0000364F3E00D60C0000CF
:104E6000364F6300B34C0000364F07005FEC000084
:104E7000364F2B00DAC00000364FDBFF3A1B000034
:104E8000364FD7FF47500000364F7DFF5244000099
:104E9000364FEBFF88030000364F1100FF4D000036
:104EA000364F1500C4430000364FEEFF2E3B000086
:104EB000364F480030720000364FB5FF18B800007A
:104EC000364F1300ED940000364FFAFF3F200000EC
:104ED000364F1E001F4E0000364F2F000D9300006E
:104EE000364F4300149E0000364F0C0050810000E6
:104EF000364F2100A45A0000364FFFFFA2D8000011
:104F0000364FD0FFB5990000364F1D00BF77000027
:104F1000364F3300CE390000364F9BFFB08900007A
:104F2000364FD7FFA6CE0000364F5200CF03000009
:104F3000364F050067190000364F4200C90B0000CC
:104F4000364F090082730000364F4900C1570000F8
:104F5000364F0300F2CA0000364FF0FF8180000098
:104F6000364FB6FFC1F80000364FF0FFD30C0000FB
:104F7000364FC2FF47090000364F0400AFD400008F
:104F8000364FE5FF611C0000364FF1FF8B03000038
:104F9000364F010056240000364F1400BBFB0000C2
:104FA000364FECFFED0A0000364F2700404C000062
:104FB000364F3C00F7A80000364FA1FF6D3E0000C1
:104FC000364FADFF93DE0000364FE0FF29D30000DF
:104FD000364F5A00B83B0000364FB9FF57DA000091
:104FE000364F3F00EA680000364FF3FF00830000B1
:104FF000364F7FFFAE390000364F0E00931500008C
:10500000364FEEFF7B000000364F5F0067B00000B8
:10501000364F3F00C74E0000364F2700B303000055
:10502000364F1500BB530000364F220038FE0000FB
:10503000364F4B0071730000364F3B00432A00008F
:10504000364F56FF28C90000364F4F00577B0000EF
:10505000364F3800F8EC0000364F1C00DFF8000037
:10506000364FCEFFB93A0000364FEDFF77FB000018
:10507000364F60007F850000364F2C00788B000093
:10508000364F390058120000364F360036EF000018
:10509000364F4A00EB6E0000364F5A00DA1C000013
:1050A000364FD3FFFB5F0000364FDAFFE3B100005D
:1050B000364FACFFE9950000364F3500DB88000025
:1050C000364F0700DFF80000364F340057B20000BB
:1050D000364FE9FF9EF20000364F3100A5C90000AF
:1050E000364F4A00DE510000364F5A004A42000057
:1050F000364F3100C0C50000364F0600740E000068
:10510000364F3600F2AF0000364F1300ABD9000027
:10511000364F57FFCE360000364F20003A8A000047
:10512000364FD7FF37C00000364F5A00297B0000AA
:10513000364F2E00C6230000364F20003C6C000086
:10514000364FD1FF2E0F0000364F1100C6DE000093
:10515000364FD2FF0A360000364FE0FFAB75000035
:10516000364F67001F160000007C0B600000000037
:1051700003200063364FC3FF31920000364F87FF94
:1051800046280000364FF9FF56B60000364F27007C
:10519000461E0000364F4C0025300000364FF3FF0E
:1051A000A0410000364FC9FF95DB0000364F0C00D0
:1051B00005150000364F260029ED0000364FD3FFBD
:1051C00083400000364FD9FFB7C70000364F260096
:1051D00057F90000364F420062E70000364F2100C9
:1051E0002FAE0000364F06003A1B0000364F140069
:1051F0001DE40000364F2E00C8F40000364F0100B9
:10520000B59A0000364F2D001EFA0000364F1000F0
:10521000E3A90000364F2500116C0000364F3F0017
:105220002A010000364F31FF3F3B0000364F160089
:10523000B7150000364F1300AB630000364FE9FF8F
:10524000A2AD0000364F5DFF47480000364F0F000B
:105250006F9D0000364FCEFF5A010000364F070009
:105260004A9B0000364FE3FF5D360000364F0700D3
:105270004A6F0000364FFBFFCD550000364F2B0024
:10528000F7E70000364FC6FF9A830000364F410013
:1052900024D60000364F6AFF208C0000364F1600DF
:1052A000F6360000364FEBFF280E0000364F3C006C
:1052B0005DED0000364F4600CA770000364FA1FF73
:1052C000877A0000364FEFFF07A70000364FF7FF41
:1052D000F72F0000364F5800E8AD0000364FA5FF0D
:1052E00036AB0000364F0100B93B0000364F1400CA
:1052F0005E5A0000364F1000D8F80000364F2000EC
:10530000F0470000364F3A0070B00000364F2900D9
:105310000F090000364F1600CB160000364FB0FFC5
:1053200005140000364FD1FE7C970000364F0C006C
:1053300067200000364F420016E10000364F2B0078
:10534000E4060000364FC6FF98290000364F3DFFA7
:10535000859E0000364F4300FBF30000364F37FFB9
:10536000B0B40000364F0B00883B0000364F0600FB
:1053700055840000364F4200D78B0000364F620044
:10538000265F0000364F8700E5680000364F40007A
:10539000B8B80000364F5EFF7CE50000364FE5FFF1
:1053A000FC1F0000364F25009C800000364FEBFFAD
:1053B000A76D0000364FE2FF9CA10000364F0100B0
:1053C000E9200000364FA0FF10D90000364F08003A
:1053D00075A70000364F38000A490000364F3500E7
:1053E000E2A20000364FA5FFE49E0000364FF9FF11
:1053F0002E1C0000364F280072690000364F320024
:10540000BD400000364F0600D2D00000364F3400B9
:1054100077C70000364F2C00A9EF0000364FB8FFC9
:10542000B88B0000364FD1FF46D50000364F2A001A
:10543000BC180000364FCAFF4C4A0000364FF6FF3A
:105440001D440000364F1B0089620000364FA2FF4A
:105450002B330000364FB3FF6C3B0000364FECFFA0
:1054600021900000364F10009C180000364FF3FFCB
:105470002E980000364F2D0020630000364FFBFFB2
:10548000FA7E0000364FFAFFC47C0000364FF3FF6F
:10549000BA350000364F290020790000364FC0FF92
:1054A00070530000364F98FF39EC0000364F3B0038
:1054B00009100000364FF4FFBAF60000364FF0FF37
:1054C000B2D20000364FBFFFAEA50000364F260017
:1054D000DE020000364FEEFF6EDC0000364F0000AB
:1054E00015AE0000364F3F001E540000364F03003B
:1054F0007A0F0000364F1700BD070000364F350009
:10550000053B0000364FF8FF435C0000364F290092
:1055100022DD0000364F2D00A1500000364FF9FF6C
:105520006FFF0000364F0000F0400000364FE6FFEE
:10553000DD970000364FF2FF657F0000364FEFFF2A
:105540000C3F0000364FD6FF8FEE0000364F6A004A
:1055500043190000364F0B00A6190000364F11000A
:105560003FE80000364F2B004B950000364FD1FF2F
:1055700040E8000021228000007C00584C1074019B
:1055800043000258807F08000F1290020304005964
:10559000C000000008000000080000000800000033
:1055A00008000000080000000800000008000000DB
:1055B00008000000080000000800000008000000CB
:1055C00008000000080000000800000008000000BB
:1055D00008000000C90000001100000011000000D8
:1055E0001100000011000000110000001100000077
:1055F0001100000011000000110000001100000067
:10560000110000001100000011000000D200000095
:105610008306005A0000000000C0000000000000E7
:1056200000C000000000000080C00000000000007A
:1056300080C000000000000080C0000000000000EA
:1056400000C100000000000000C1000000000000D8
:1056500000C1000000006A166DD6000000000000C6
:1056600000D800000000000000D80000000000008A
:1056700000D900000000000000DA00000000000077
:1056800080DA00000000000080DB00000000000065
:1056900080DC00000000000080DD000000001170D0
:1056A0001FD00000000000000039000000000000D2
:1056B000003A000000000000003B00000000000075
:1056C000003C000000000000803C000000000000E2
:1056D000803D000000000000803E0000000000004F
:1056E000803F0000A1208000007C002800C108004D
:1056F000430002280000203488010000C300052870
:1057000000000000880100002000000000000000F0
:10571000240000000000100042000C2806000000D9
:105720000700000043000D28001000003F31203426
:10573000430011280000000000000000012180004B
:10574000007C003484C10800430002340000B070C3
:1057500000001200C300053400000000000000003B
:105760000000000000000000240000000000100005
:1057700042000C34060000000700000043000D3416
:10578000010000003F00C27043001134000000001F
:105790000800000081208000007C002400C18800F7
:1057A0004300022400C42034C4000000C3000524C8
:1057B00000000000000000000000000000000000E9
:1057C000240000000000900942000C2406000000A4
:1057D0000700000043000D2400100000C7C520345E
:1057E000430011240000000000000000212180007F
:1057F000007C0038080188004300023800C42034CF
:10580000C4000000C30005380000000000000000D4
:105810000000000000000000240000000000100054
:1058200042000C38060000000700000043000D385D
:1058300000100000C7C520344300113800000000EC
:1058400000000000C1208000007C002C080008003F
:105850002301022C0062203407000700040000022C
:10586000000E000004000000800000000062000044
:10587000240000000000100042000C2C0600000074
:105880000700000043000D2C800000003FC42034BE
:105890004300112C0000000000000000007C0010FC
:1058A000020000002404001064000000000000005A
:1058B000007C001000000040C47B00106400000069
:1058C00000000000007C001001000000007C0810B7
:1058D0002300000083000B10150000000B000000E7
:1058E000110000000900000043001D102700000007
:1058F000141F1501007C2010250000000120002C41
:1059000001200038007C003C5103000001200058B9
:105910000120005C012000600120002401200028FB
:1059200001200034E47F002C64000000000000002F
:10593000E47F00386400000000000000007C0810D4
:105940000000000083000B100000000000000000B9
:10595000000000000000000043001D1000000000D7
:1059600000000000007C201000000000007C002CE3
:10597000020000002404002C64000000000000006D
:10598000007C002C00000040C47B002C6400000060
:1059900000000000C1008000007C00380200000010
:1059A000240400386400000000000000007C00387F
:1059B00000000040C47B00386400000000000000CC
:1059C00021018000007C003C020000002404003C17
:1059D0006400000000000000007C003C000000406B
:1059E000C47B003C64000000000000004101800016
:1059F000007C0058821088002404005864000000D5
:105A000000000000007C005880108840C47B0058D3
:105A1000640000000000000021028000007C005CA7
:105A2000020000082404005C640000000000000084
:105A3000007C005C00000048C47B005C6400000047
:105A40000000000041028000007C006002000008AD
:105A5000240400606400000000000000007C00607E
:105A600000000048C47B00606400000000000000EB
:105A700061028000007C0024020000002404002455
:105A80006400000000000000007C002400000040D2
:105A9000C47B00246400000000000000810080003E
:105AA000007C00280200000024040028640000009C
:105AB00000000000007C002800000040C47B00289B
:105AC0006400000000000000A1008000007C0034A1
:105AD0000200000024040034640000000000000004
:105AE000007C003400000040C47B003464000000EF
:105AF0000000000001018000BD010000A120800025
:105B0000007C0028000008002301022800622034E5
:105B10000700070001000002000E00000100000065
:105B200000020000006200002400000000001000DD
:105B300042000C28060000000700000043000D286A
:105B4000000200003FC42034430011280000000080
:105B50000000000001208000007C00140801080003
:105B6000430002140000203431000000C30005147B
:105B700000000000310000000000000000000000F4
:105B8000240000000000100042000C140600000079
:105B90000700000043000D14000200003F622034A3
:105BA000430011140000000000000000007C001001
:105BB0000200000024040010640000000000000047
:105BC000007C001000000040C47B00106400000056
:105BD00000000000007C001001000000007C0210AA
:105BE0000B0000000120001401200028E47F0014B5
:105BF0006400000000000000007C021000000000B3
:105C0000007C001402000000240400146400000062
:105C100000000000007C001400000040C47B001461
:105C2000640000000000000001008000007C0028EB
:105C300002000000240400286400000000000000AE
:105C4000007C002800000040C47B002864000000A5
:105C500000000000A1008000DD0100006121800043
:105C6000007C004034000000C3000240010101013B
:105C7000001100000040531007000700000006005C
:105C800000000600007C0A4000010001007C0D407D
:105C900080FF0000E1228000007C0070C0C0410055
:105CA000E300027052040004080008000700070027
:105CB00000000000000007000000070001000500D0
:105CC00001218000007C0034000108004300023400
:105CD0000000203431000000C30005340000000043
:105CE000000000000100000031000000240000005E
:105CF0000000100042000C34060000000700000005
:105D000043000D34000200003F6220344300113490
:105D1000000000000000000001208000007C001452
:105D2000840108004300021400C6C870000200008D
:105D3000C300051400000000000000000000000087
:105D400000000000240000000000100042000C14BD
:105D5000060000000700000043000D1401000000D1
:105D60003FC8C87043001114000000000800000084
:105D700081208000007C0024080008002301022408
:105D8000006220340700070001000002000E00003E
:105D9000010000000002000000620000240000007A
:105DA0000000100042000C24060000000700000064
:105DB00043000D24000200003FC42034430011249E
:105DC0000000000000000000007C00100200000045
:105DD000240400106400000000000000007C00109B
:105DE00000000040C47B00106400000000000000C0
:105DF000007C001001000000007C06102F00000055
:105E000043000F101100000001000000007C27106B
:105E10001700000001200024007C00403500000035
:105E2000012000700120001401200034E47F0024D0
:105E30006400000000000000007C0610000000006C
:105E400043000F100000000000000000007C27103D
:105E500000000000007C0024020000002404002454
:105E60006400000000000000007C002400000040EE
:105E7000C47B00246400000000000000810080005A
:105E8000007C004002000000240400406400000088
:105E900000000000007C004000000040C47B004087
:105EA000640000000000000061018000007C0070C0
:105EB00002004200240400706400000000000000A2
:105EC000007C007000004240C47B00706400000051
:105ED00000000000E1028000007C001402000000CD
:105EE000240400146400000000000000007C001482
:105EF00000000040C47B00146400000000000000AB
:105F000001008000007C0034020000002404003402
:105F10006400000000000000007C0034000000402D
:105F2000C47B003464000000000000000101800018
:105F3000FD010000C1208000007C002C00C0880012
:105F40002301022C00622034070007000400000235
:105F5000000E000008000000400000000062000089
:105F6000240000000000100042000C2C060000007D
:105F70000700000043000D2C400000003FC4203407
:105F80004300112C000000000000000021208000D0
:105F9000007C0018080188004300021800C4203467
:105FA000C4000000C30005180000000088010000C4
:105FB00000000000000000002400000000001000AD
:105FC00042000C18060000000700000043000D18F6
:105FD000400000003F26213443001118000000005B
:105FE00000000000007C00100200000024040010EB
:105FF0006400000000000000007C00100000004071
:10600000C47B00106400000000000000007C001051
:1060100001000000007C03100D00000001200018AA
:106020000120002CE47F0018640000000000000044
:10603000007C031000000000007C0018020000003B
:10604000240400186400000000000000007C001818
:1060500000000040C47B0018640000000000000045
:1060600021008000007C002C020000002404002C91
:106070006400000000000000007C002C00000040D4
:10608000C47B002C6400000000000000C100800000
:106090001D02000081218000007C004450030000AC
:1060A000C300024403030804551100000949A3106A
:1060B00038000700000037000000060043000944D4
:1060C00040013F0000000000007C0C44B0FFFF00D6
:1060D000812280004200006400000008600F000977
:1060E000007C026400000500430007640100010019
:1060F0000100000043000C64000000004220422028
:10610000A122800042000068000000086001000534
:10611000007C026800240A00430007686D420048C2
:106120006D42000043000C68000000004220422045
:1061300001228000007C00544C1074014300025482
:10614000807F08000F12900203040055C000000079
:10615000080000000800000008000000080000001F
:10616000080000000800000008000000080000000F
:1061700008000000080000000800000008000000FF
:1061800008000000080000000800000008000000EF
:10619000C900000011000000110000001100000003
:1061A00011000000110000001100000011000000AB
:1061B000110000001100000011000000110000009B
:1061C0001100000011000000D200000083060056FC
:1061D0000000000000C000000000000000C000003F
:1061E0000000000080C000000000000080C000002F
:1061F0000000000080C000000000000000C100009E
:106200000000000000C100000000000000C100000C
:10621000000071166CD600000000000000D80000DD
:106220000000000000D800000000000000D90000BD
:106230000000000000DA00000000000080DA00002A
:106240000000000080DB00000000000080DC000097
:106250000000000080DD0000000035701CD0000050
:10626000000000008039000000000000003A00003B
:1062700000000000003B000000000000003C0000A7
:1062800000000000003D000000000000803D000014
:1062900000000000803E000000000000803F000081
:1062A00001218000007C003400C10800430002345A
:1062B00000C4203488010000C30005340000000041
:1062C00088010000400000000000000024000000E1
:1062D0000000100042000C3406000000070000001F
:1062E00043000D34004000003F26213443001134A8
:1062F000000000000000000021218000007C003828
:1063000084C10800430002380000207000004800EB
:10631000C30005380000000000000000000000007D
:1063200000000000240000000000100042000C38B3
:10633000060000000700000043000D3801000000C7
:106340003F006870430011380000000008000000A2
:1063500081208000007C002400C1880043000224CA
:1063600000882134C4000000C300052400000000A0
:1063700000000000000000000000000024000000F9
:106380000000900742000C240600000007000000F7
:1063900043000D2400400000C7892134430011242C
:1063A000000000000000000001208000007C0014BC
:1063B00000018800430002140024C8701C00000083
:1063C000C3000514000000000000000007000000EA
:1063D00038000000240000000000100042000C14EF
:1063E000060000000700000043000D140007000035
:1063F0003F5CC8704300111400000000180000004A
:10640000C1208000007C002C000188004300022C89
:10641000005CC8701C000000C300052C00000000D8
:106420000000000007000000380000002400000009
:106430000000100042000C2C0600000007000000C5
:1064400043000D2C000700003F94C8704300112C3E
:106450000000000018000000E1208000007C0030F7
:10646000080188004300023000882134C400000085
:10647000C300053000000000000000000000000024
:1064800000000000240000000000100042000C305A
:10649000060000000700000043000D30004000002F
:1064A000C7892134430011300000000000000000C3
:1064B000A1208000007C0028080008002301022899
:1064C000000020340700070004000004001C000046
:1064D000040000000001000000C4000024000000CF
:1064E0000000100042000C28060000000700000019
:1064F00043000D28000100003FC420344300112850
:106500000000000000000000007C001002000000FD
:10651000240400106400000000000000007C001053
:1065200000000040C47B0010640000000000000078
:10653000007C001001000000007C0710210000001A
:10654000007C091019000000630012101100000007
:106550001300000009000000007C1C102B0000004C
:1065600083002210183F19010100000029000000DB
:106570000D0000000120002801200030007C0044B4
:106580005103000001200054012000640120006834
:1065900001200014012000240120002C01200034DF
:1065A00001200038E47F00286400000000000000A3
:1065B000E47F00306400000000000000007C071051
:1065C00000000000007C09100000000063001210B1
:1065D000000000000000000000000000007C1C1013
:1065E00000000000830022100000000000000000F6
:1065F0000000000000000000007C002802000000F5
:10660000240400286400000000000000007C002832
:1066100000000040C47B002864000000000000006F
:10662000A1008000007C0030020000002404003043
:106630006400000000000000007C0030000000400A
:10664000C47B00306400000000000000E100800016
:10665000007C0044020000002404004464000000A8
:1066600000000000007C004400000040C47B0044A7
:10667000640000000000000081018000007C0054E4
:106680008210880024040054640000000000000010
:10669000007C005480108840C47B005464000000DB
:1066A0000000000001028000007C0064020000087D
:1066B000240400646400000000000000007C00640A
:1066C00000000048C47B006464000000000000007B
:1066D00081028000007C0068020000082404006839
:1066E0006400000000000000007C0068000000481A
:1066F000C47B00686400000000000000A10280006C
:10670000007C001402000000240400146400000057
:1067100000000000007C001400000040C47B001456
:10672000640000000000000001008000007C0024E4
:1067300002000000240400246400000000000000A7
:10674000007C002400000040C47B002464000000A2
:106750000000000081008000007C002C020000008E
:106760002404002C6400000000000000007C002CC9
:1067700000000040C47B002C64000000000000000A
:10678000C1008000007C00340200000024040034BA
:106790006400000000000000007C003400000040A5
:1067A000C47B003464000000000000000101800090
:1067B000007C00380200000024040038640000005F
:1067C00000000000007C003800000040C47B00385E
:1067D0006400000000000000210180003D02000074
:1067E00061208000007C002000C08800230102207E
:1067F000000020340700070004000004001C000013
:10680000080000008000000000C400002400000018
:106810000000100042000C200600000007000000ED
:1068200043000D20800000003FC4203443001120AD
:10683000000000000000000001218000007C003406
:10684000080188004300023400C42034C400000062
:10685000C3000534000000008801000000000000B3
:1068600000000000240000000000100042000C3472
:10687000060000000700000043000D348000000007
:106880003F88213443001134000000000000000064
:10689000007C0010020000002404001064000000CE
:1068A00000000000007C001000000040C47B0010CD
:1068B0006400000000000000007C001001000000E7
:1068C000007C0A1007000000012000340120002095
:1068D000E47F00346400000000000000007C0A1027
:1068E00000000000007C003402000000240400349A
:1068F0006400000000000000007C00340000004044
:10690000C47B00346400000000000000010180002E
:10691000007C00200200000024040020640000002D
:1069200000000000007C002000000040C47B00202C
:106930006400000000000000610080005D020000B3
:10694000A1218000007C004850030000C3000248E1
:1069500003030804551100000A4AA3103800070079
:1069600000003700000006004300094880017F0056
:1069700000000000007C0C48B0FFFF0041228000B6
:106980004200005C00000008FC0060092301025C7A
:10699000008004000000000003000000C3000000AD
:1069A000FF6100000100000000000000FD03040082
:1069B0000100000043000C5C000000004220422067
:1069C000007C0B5C010000000360005D0003000020
:1069D000000000006D0B000000000000F80D00003A
:1069E000000000009D0B000000000000E705000013
:1069F00000000000B809000000000000AE0C00001C
:106A000000000000BB09000000000000B1180000F9
:106A100000000000A211000000000000AD16000000
:106A2000000000000310000000000000E01500005E
:106A3000000000002507000000000000C410000056
:106A4000000000009E12000000000000900D0000F9
:106A5000000000001F0C000000000000D00D00002E
:106A600000000000100B0000000000003F080000C4
:106A700000000000C311000000000000D40E000060
:106A800000000000D31A000000000000C80E000043
:106A90000000000044120000000000008E0D000005
:106AA00000000000FE1D000000000000C30E0000FA
:106AB00000000000AD100000000000004D140000B8
:106AC000000000001C17000000000000D4140000AB
:106AD00000000000090F000000000000A5060000F3
:106AE000000000008F1700000000000012140000DA
:106AF00000000000430A00000000000047090000F9
:106B0000000000003B1A0000000000001F260000EB
:106B100000000000060E000000000000AB080000AE
:106B2000000000003F0D000000000000F206000021
:106B300000000000700E000000000000480A000085
:106B400000000000830D0000000000005D12000046
:106B500000000000170F000000000000E00C000023
:106B600000000000CA14000000000000833500008F
:106B700000000000150A00000000000018060000D8
:106B800000000000410F000000000000870F00001F
:106B900000000000F117000000000000A10B000041
:106BA000000000005A0A000000000000CE070000AC
:106BB00000000000B8180000000000009B05000065
:106BC00000000000220F0000000000000F0A00007B
:106BD000000000001B15000000000000990F0000DD
:106BE00000000000C20D000000000000E5070000EA
:106BF00000000000DC120000000000000F1D00007B
:106C0000000000000C0B000000000000550F000009
:106C1000000000000B0F00000000000066160000DE
:106C200000000000FA0B0000000000001109000045
:106C300000000000870E000000000000D4100000DB
:106C40000000000087200000000000008A0900000A
:106C5000000000007F2D0000000000006B0E00000F
:106C6000000000002216000000000000EF1C0000E1
:106C7000000000006119000000000000160600007E
:106C8000000000006E1E0000000000005B0C000011
:106C900000000000870F00000000000073120000D9
:106CA000000000006D16000000000000DC1800006D
:106CB000000000004D13000000000000121B000047
:106CC000000000000116000000000000D7040000D2
:106CD00000000000B710000000000000AE0D000032
:106CE00000000000E914000000000000AD0A0000F0
:106CF00000000000C6110000000000009E1500000A
:106D000000000000BE090000000000003D09000076
:106D1000000000007A1D0000000000006F06000067
:106D200000000000490F000000000000040C0000FB
:106D300000000000F51800000000000098040000AA
:106D400000000000A719000000000000600700001C
:106D5000000000006C14000000000000261200007B
:106D600000000000241A000000000000830D000055
:106D700000000000F910000000000000A51A00004B
:106D8000000000003509000000000000D00F0000E6
:106D900000000000DF0F0000000000006B05000095
:106DA00000000000140C0000000000009010000023
:106DB00000000000681300000000000082090000CD
:106DC000000000006E11000000000000960E0000A0
:106DD000000000008312000000000000D317000034
:106DE000000000006C16000000000000CF1500003D
:106DF00000000000C7080000000000003916000075
:106E00000000000094140000000000002B18000097
:106E1000000000005C16000000000000601300008D
:106E200000000000BA38000000000000200400004C
:106E300000000000060800000000000044070000F9
:106E400000000000D41B0000000000001605000038
:106E50000000000008080000000000008E11000083
:106E600000000000E42900000000000064100000A1
:106E70000000000021150000000000005E0C000072
:106E800000000000670D0000000000000F0F000070
:106E900000000000DF12000000000000061A0000E1
:106EA000000000005510000000000000AE0E0000C1
:106EB000000000001221000000000000B1130000DB
:106EC00000000000AF0B000000000000520B0000AB
:106ED00000000000160E0000000000004816000030
:106EE000000000009029000000000000AA0E000031
:106EF00000000000A40F0000000000001C180000AB
:106F000000000000251900000000000041140000EE
:106F100000000000870D0000000000003527000081
:106F200000000000C510000000000000F410000088
:106F300000000000160E000000000000AA13000070
:106F4000000000001917000000000000B60A000051
:106F5000000000003D190000000000007C0D000052
:106F6000000000009316000000000000590E000011
:106F700000000000491D000000000000C10D0000DD
:106F800000000000740A000000000000A10F0000D3
:106F900000000000F60B000000000000690D00007A
:106FA00000000000470B000000000000C00D0000C2
:106FB00000000000BA15000000000000C80E00002C
:106FC00000000000780900000000000036110000F9
:106FD000000000004A0D00000000000096120000B2
:106FE00000000000F50C0000000000001812000076
:106FF00000000000B80D000000000000BA190000F9
:10700000000000009015000000000000C50B00000B
:107010000000000012090000000000000F13000033
:107020000000000073090000000000004E0700008F
:10703000000000004B06000000000000A82C00002B
:1070400000000000DD110000000000009B060000B1
:10705000000000006318000000000000361200006D
:1070600000000000770E000000000000A40E0000E9
:10707000000000009607000000000000700D0000F6
:1070800000000000A9150000000000008F110000A2
:1070900000000000600A0000000000003708000047
:1070A000000000002315000000000000481500004B
:1070B000000000009619000000000000F60D00001E
:1070C000000000002F0F0000000000007E0A0000FA
:1070D00000000000B012000000000000BD28000009
:1070E00000000000CC11000000000000060A0000B3
:1070F00000000000D2080000000000003C19000061
:10710000000000006C0E000000000000A60C000053
:1071100000000000C3190000000000008E0C0000F9
:1071200000000000F1130000000000007D080000D6
:10713000000000003203000000000000860E000086
:10714000000000005E0A000000000000B10800001E
:1071500000000000E10B00000000000042120000EF
:10716000000000001A34000000000000C0130000FE
:1071700000000000A41F000000000000960C0000AA
:1071800000000000CD1200000000000038110000D7
:1071900000000000782B000000000000B22000007A
:1071A00000000000B20F000000000000B219000053
:1071B000000000005007000000000000E31700007E
:1071C00000000000800F000000000000AB1B00006A
:1071D00000000000A0090000000000009F10000057
:1071E00000000000F1150000000000000918000078
:1071F00000000000A1040000000000003C1400009A
:10720000000000003A0D000000000000FE16000023
:1072100000000000B81B000000000000E7080000AC
:1072200000000000121B0000000000000407000026
:1072300000000000D80C0000000000007B0A0000E5
:10724000000000007C0E000000000000E0100000C4
:1072500000000000DD120000000000006C0A0000C9
:10726000000000007B0E000000000000F51A000086
:1072700000000000A01500000000000073360000B0
:1072800000000000F108000000000000480F0000AE
:1072900000000000B912000000000000E30F000031
:1072A00000000000E90C000000000000F40C0000E9
:1072B00000000000AE0E000000000000BE2A00002A
:1072C00000000000B807000000000000340C0000BF
:1072D00000000000C90B000000000000E80A0000E8
:1072E00000000000610B0000000000009B0800008F
:1072F000000000008E080000000000003B2B000092
:10730000000000008E16000000000000080F0000C2
:10731000000000002722000000000000AC18000060
:1073200000000000CD080000000000009D0A0000E1
:10733000000000002A1D000000000000A908000055
:1073400000000000491D000000000000A90A000024
:1073500000000000C8090000000000002A0B000027
:10736000000000003F39000000000000F40E0000A3
:1073700000000000DC21000000000000DD11000022
:107380000000000037120000000000004A1000005A
:1073900000000000CC1500000000000026160000D0
:1073A000000000002118000000000000981B0000F1
:1073B00000000000471E000000000000160B000047
:1073C00000000000980E00000000000004180000FB
:1073D00000000000F92A00000000000086110000F3
:1073E00000000000F406000000000000987F00008C
:1073F0000000000068140000000000006B11000095
:1074000000000000021B0000000000000318000044
:1074100000000000CD0B000000000000242200004E
:10742000000000001E0F0000000000000F0B000015
:1074300000000000852B0000000000003616000050
:1074400000000000370F000000000000DB1100000A
:107450000000000031140000000000005114000082
:1074600000000000BE06000000000000C114000083
:1074700000000000E20D0000000000000813000002
:1074800000000000F40B0000000000006313000087
:1074900000000000A72900000000000017300000D5
:1074A000000000005225000000000000CE32000065
:1074B00000000000C408000000000000E914000003
:1074C00000000000B908000000000000981900004A
:1074D000000000002F0F00000000000073140000E7
:1074E00000000000891600000000000049140000A0
:1074F000000000007321000000000000BB26000017
:1075000000000000420F0000000000001413000003
:10751000000000006716000000000000340B0000AF
:1075200000000000EA11000000000000101D000033
:10753000000000005D13000000000000520E00007B
:1075400000000000B610000000000000F420000061
:107550000000000081160000000000008E1B0000EB
:10756000000000007F15000000000000B4240000AF
:1075700000000000FE06000000000000050F0000F3
:1075800000000000060D00000000000036120000A0
:1075900000000000DF0A000000000000D90F00001A
:1075A000000000008C19000000000000240D000005
:1075B00000000000E814000000000000951F00001B
:1075C000000000003714000000000000007C0B5C8D
:1075D000000000000320005F98270000000000006A
:1075E000930A000000000000EA080000000000000C
:1075F0009410000000000000370D000000000000A3
:107600006C0A000000000000FB0B000000000000FE
:10761000280A000000000000910D0000000000009A
:10762000891700000000000048080000000000006A
:10763000090D000000000000B1080000000000007B
:10764000550F000000000000A70900000000000026
:107650001E0D000000000000871200000000000066
:107660008A1A000000000000F91700000000000066
:107670004516000000000000D306000000000000D6
:10768000D712000000000000D41600000000000027
:10769000051F0000000000004F280000000000004F
:1076A00081180000000000009F0900000000000099
:1076B0006D0F0000000000002B0B00000000000018
:1076C000B8100000000000002312000000000000BD
:1076D0002709000000000000E61D00000000000077
:1076E0003D0E000000000000771E000000000000BA
:1076F000F707000000000000021B0000000000006F
:10770000A2110000000000005F1E00000000000049
:107710001506000000000000320E0000000000000E
:107720000E11000000000000B65000000000000034
:10773000CA18000000000000F4090000000000006A
:10774000AD11000000000000AD06000000000000C8
:107750000010000000000000390B000000000000D5
:10776000CC0B000000000000A3200000000000007F
:107770002106000000000000EA16000000000000E2
:1077800023120000000000000B0A000000000000AF
:1077900061190000000000009504000000000000D6
:1077A000470E000000000000A207000000000000DB
:1077B000BD040000000000004812000000000000AE
:1077C000E416000000000000DC10000000000000D3
:1077D00016070000000000008F0F000000000000EE
:1077E000BD06000000000000CF0E000000000000F9
:1077F0006F2A0000000000002C0D000000000000B7
:107800005F0E0000000000009B0D00000000000063
:107810006C0A000000000000820B00000000000065
:10782000E50F0000000000005C0B000000000000FD
:10783000EB11000000000000BB0B00000000000086
:107840004C0F000000000000C20B00000000000010
:10785000EC16000000000000E60800000000000038
:1078600018170000000000006E2300000000000058
:10787000B81B0000000000002611000000000000FE
:107880001C0D000000000000EC0D000000000000D6
:10789000640D000000000000A817000000000000B8
:1078A000A506000000000000F40D0000000000002C
:1078B0006F0C0000000000003D12000000000000FE
:1078C000E517000000000000731300000000000036
:1078D000B20D000000000000A9140000000000002C
:1078E000A30A000000000000D20E0000000000000B
:1078F0007211000000000000F90A00000000000002
:107900001410000000000000DC0600000000000071
:107910000009000000000000C50F0000000000008A
:107920002A13000000000000BB0900000000000056
:10793000DB0E0000000000001A1200000000000032
:10794000560B000000000000981700000000000027
:10795000C719000000000000AA0900000000000094
:10796000080B000000000000490D000000000000AE
:10797000B01C000000000000A11900000000000081
:10798000CF0E0000000000002210000000000000E8
:1079900087090000000000004D0900000000000001
:1079A000290F000000000000DB14000000000000B0
:1079B000CA150000000000000519000000000000CA
:1079C000DB06000000000000B80D00000000000011
:1079D0008009000000000000612280004200006079
:1079E00000000008FC0060152301026000000A008E
:1079F0000000000003000000C3000000FF61000061
:107A0000B65B000000000000FD0304000100000060
:107A100043000C600000000042204220007C0B600C
:107A20000100000003600061B65B59019BBF0000CC
:107A3000B65B94017E3A0000B65BE9004E5500004B
:107A4000B65B27010D110000B65B440185E800001C
:107A5000B65B620129BD0000B65B3B019CDA000009
:107A6000B65B6A0145100000B65B19015A5200006E
:107A7000B65B7901F5730000B65B0901CFA7000082
:107A8000B65B7501AE790000B65B0E01723F000077
:107A9000B65B4C01444E0000B65B1001146300005D
:107AA000B65B9A01C72A0000B65B49012035000089
:107AB000B65B1D0108C80000B65B71017FA900001C
:107AC000B65B4E0116FD0000B65B540170840000E9
:107AD000B65B7D0168B70000B65BAE01E022000036
:107AE000B65B3E017B190000B65BAC0189F9000072
:107AF000B65B4A01A8E30000B65B81018BC00000C1
:107B0000B65B3B01A3490000B65BD400F30C000058
:107B1000B65B55019E2C0000B65B4801D6B0000054
:107B2000B65BB501780F0000B65BFA007EB20000CC
:107B3000B65BE400A7680000B65B2001A68A0000DF
:107B4000B65B0F01FAA50000B65B3E01656400005C
:107B5000B65B9A01249C0000B65B8E01382E0000B3
:107B6000B65B000143D60000B65B6401905900008B
:107B7000B65B0E01B06A0000B65B220162930000A2
:107B8000B65B2D01ED9A0000B65B23015464000042
:107B9000B65B320113280000B65B610136C10000FC
:107BA000B65B1C01556E0000B65B0E01C9420000B9
:107BB000B65B3701C8710000B65B110192DD0000B1
:107BC000B65B2201B5360000B65BAE0164780000FA
:107BD000B65B14018E5E0000B65B1F0197DA0000F1
:107BE000B65B0401C28D0000B65BFF00CB7F0000D6
:107BF000B65B0D0141320000B65B460187D2000042
:107C0000B65B330136090000B65BAC01EB00000047
:107C1000B65BCA0149000000B65B37018837000037
:107C2000B65B6F011C250000B65B0501E48E000009
:107C3000B65B5C011E970000B65B41016B7E0000E5
:107C4000B65B0C01B7920000B65BA101C6CF000085
:107C5000B65BB50127A00000B65B1B01D9910000FF
:107C6000B65B5101A88C0000B65B13016857000099
:107C7000B65B1501B0E50000B65BE70051480000B7
:107C8000B65B6D011AFD0000B65BDC006C260000DF
:107C9000B65B170132540000B65B56018FE300005B
:107CA000B65B190146AB0000B65BD900BA04000010
:107CB000B65B750122220000B65B2301560B000063
:107CC000B65B9801266C0000B65BAE008FD2000058
:107CD000B65B5801F8F70000B65B56017F700000F4
:107CE000B65B2201079E0000B65B030172A2000092
:107CF000B65B22017E310000B65BF300C43C00009D
:107D0000B65B360148450000B65B6F014F0D0000C1
:107D1000B65B5C01BBE60000B65B880122F80000A0
:107D2000B65B4A011A040000B65B800164080000DB
:107D3000B65BCC00FA3D0000B65B6901F7120000AB
:107D4000B65B5201AA2F0000B65B3501445100001A
:107D5000B65B1301FD270000B65B1B01C97B000069
:107D6000B65BA40127FF0000B65B5301A03F0000F3
:107D7000B65B3001FFA20000B65B6C015F1400002F
:107D8000B65BE400D90F0000B65B89018484000073
:107D9000B65B2E0193CA0000B65B7E01F8C30000FB
:107DA000B65BE9004E830000B65B3701CA0D0000E8
:107DB000B65B2B019F210000B65B2801AE95000049
:107DC000B65BCC004ECB0000B65B5301479300007E
:107DD000B65B680183360000B65B180135CF000042
:107DE000B65B240166AB0000B65B9901117B000015
:107DF000B65B29011A9A0000B65B390144AB00005A
:107E0000B65B7101F50E0000B65B6D0141A7000085
:107E1000B65B0D01AFB10000B65B4F01357C0000D1
:107E2000B65B410175670000B65BFB0019040000FA
:107E3000B65B4601DA3D0000B65B3A01C7FB0000C5
:107E4000B65B800178320000B65B390198690000AA
:107E5000B65B2501D6240000B65BFD0078EF00007C
:107E6000B65BE900D7C00000B65B8201ECF700000A
:107E7000B65BF500713E0000B65BAB00E9D00000D8
:107E8000B65B8901B30B0000B65B5A01F005000038
:107E9000B65B3B0117BD0000B65B4301E943000040
:107EA000B65B0E01EB750000B65B500123A5000028
:107EB000B65B31012E320000B65BDA00BA6F00000B
:107EC000B65B3E019E190000B65B65012B93000076
:107ED000B65B8501B5B40000B65B4B01A63B000064
:107EE000B65B0E01A5EA0000B65B16012633000062
:107EF000B65B37019AE50000B65B2E01274B000008
:107F0000B65B1A01BFAE0000B65B21019C240000E5
:107F1000B65B3A018DDB0000B65B2F014324000005
:107F2000B65B31015F5C0000B65B3D017646000048
:107F3000B65B2A01B5E50000B65BC8009C300000C6
:107F4000B65B9A01BDF50000B65B7E012C0E000009
:107F5000B65B56014E120000B65BEE00AD3000007D
:107F6000B65B9801E6460000B65B750157F7000066
:107F7000B65B0801A91C0000B65B63010D40000060
:107F8000B65B76015FDA0000B65B600187BD00007A
:107F9000B65BAE012F040000B65B1C01CB500000A5
:107FA000B65BA1012B9B0000B65B6D016E780000F3
:107FB000B65B6C01510B0000B65B2C012DE8000094
:107FC000B65BE10031380000B65B48016AF800009A
:107FD000B65BA100BEF70000B65B8F0173C900005D
:107FE000B65B9201F8010000B65B0501EDFD0000F3
:107FF000B65B3001D9B20000B65BF900B0F2000008
:10800000B65BFF00E42A0000B65B1201153F0000DA
:10801000B65B0F013B660000B65B0501CB64000058
:10802000B65B010154220000B65B1401260000007B
:10803000B65B6E01B9890000B65BFE00E6960000F3
:10804000B65B400193790000B65B1601DBDA0000F5
:10805000B65B49015BB80000B65BD70091BF00007A
:10806000B65B1101605F0000B65BB1017D9100005D
:10807000B65B6901FE0F0000B65B6A010CBF000031
:10808000B65B2F01E0150000B65B440157180000F5
:10809000B65B070163910000B65BF8008DFA000043
:1080A000B65BF300488B0000B65B550128880000E2
:1080B000B65B1B0144F20000B65B3701DD7A0000BD
:1080C000B65B0D016F140000B65BE1008C9E0000F2
:1080D000B65B1801BCA80000B65B87013D9F00009D
:1080E000B65B2C01D31C0000B65BF600490A000009
:1080F000B65B3F0138510000B65B45019364000058
:10810000B65B2D0117680000B65B3001F72C00004C
:10811000B65B04018C000000B65B1801C1A2000030
:10812000B65B1A0168590000B65B6201AC3600000C
:10813000B65B0401EBBB0000B65BED0097C100002D
:10814000B65B6C015C9B0000B65B5F0133480000CE
:10815000B65B030157160000B65B290153210000EE
:10816000B65B2D019A6B0000B65BD001468A000019
:10817000B65B6301967E0000B65B3E0109750000A8
:10818000B65B130169890000B65B2801B29E00004E
:10819000B65B63016C5B0000B65B4C0162290000BA
:1081A000B65B0B0159270000B65B7B0110A70000EE
:1081B000B65B330165C30000B65B27016E52000059
:1081C000B65BC001C2580000B65B6401BEEC0000A3
:1081D000B65BF2006AEF0000B65B2501AC830000DD
:1081E000B65BAC010B9B0000B65B6401CD83000065
:1081F000B65B1E0167750000B65BFD0025D300006D
:10820000B65B4201C91A0000B65B14013843000096
:10821000B65B59014ABB0000B65B350172840000B1
:10822000B65B410156FB0000B65B03019ECF000028
:10823000B65B7D013B440000B65B68013D20000059
:10824000B65BDE000B680000B65B4001F067000023
:10825000B65B9501D0ED0000B65B2F01C177000041
:10826000B65B0601641F0000B65B6E01B6760000C7
:10827000B65B0B01E0200000B65B2601B195000063
:10828000B65B30012BBD0000B65B210193EC000012
:10829000B65B7601E1170000B65B2E01219B000062
:1082A000B65B03010AC60000B65B13016EA00000B6
:1082B000B65BE200E4700000B65B4901B56C0000FB
:1082C000B65B5E0176890000B65BF8007F20000097
:1082D000B65B06014D210000B65B6E018E4B0000BF
:1082E000B65B460138680000B65BFD005413000021
:1082F000B65B2501FFE30000B65B39017B27000078
:10830000B65B2B01B9880000B65B2201CC080000E7
:10831000B65B87012EEF0000B65B6501BF3B000036
:10832000B65B5801AA950000B65B1A0137A500009C
:10833000B65B5301A24B0000B65B8B016785000062
:10834000B65B4C01572B0000B65B2A012CE90000FC
:10835000B65BA001D0390000B65B8701C6250000DE
:10836000B65B590145540000B65B1401A4A7000098
:10837000B65B5E01E0070000B65BE000EE210000A6
:10838000B65B3101EA470000B65B5A017467000032
:10839000B65B600183C40000B65BF300B248000026
:1083A000B65B4D01FCA50000B65B0C010FC50000DB
:1083B000B65B1C01C23F0000B65B63017C48000055
:1083C000B65B380176400000B65B4601736F000073
:1083D000B65BF900BEDD0000B65B2001583100003D
:1083E000B65BFC00A7620000B65B1301D3EB000094
:1083F000B65B73019E940000B65B0A01A8C600003C
:10840000B65B1401597B0000B65B230172E10000EA
:10841000B65BB1014C4D0000B65B4601AE3D0000BD
:10842000B65B440155770000B65B1301251F0000C1
:10843000B65B7C011BCB0000B65B08012E39000047
:10844000B65BFA00F9F20000B65B3E012FC90000EE
:10845000B65B5C01F1DB0000B65B0701042D000098
:10846000B65B060122320000B65B310198B700000E
:10847000B65B07016ADB0000B65B5901EDDA00006C
:10848000B65B4C0145240000B65B4201EB370000AF
:10849000B65B3C01FEAC0000B65B3D014CAB00009E
:1084A000B65B37012D800000B65B2B01AC9A000053
:1084B000B65B1F0128C50000B65BF60083710000A3
:1084C000B65B4A015C300000B65BFF00B53A0000C5
:1084D000B65BF60073140000B65BAC0101570000F8
:1084E000B65B6E011D960000B65BB90075490000D1
:1084F000B65B9C0156FC0000B65B32017065000063
:10850000B65B0702ADE80000B65B3D01331A000020
:10851000B65B11012F9B0000B65B5501877100000F
:10852000B65BE2005D7A0000B65B7801A7920000BE
:10853000B65B24012D950000B65B0701344A0000AC
:10854000B65BCD01384C0000B65BA30192990000E8
:10855000B65B760177C30000B65B120190D70000CE
:10856000B65B3D0148990000B65BF000831D00003A
:10857000B65B1601CC950000B65B4101710C0000A2
:10858000B65B5E01185F0000B65B410183A000008E
:10859000B65BB700AEF30000B65B350109C1000061
:1085A000B65BA8011AD00000B65BAF016C81000079
:1085B000B65B000107290000B65B82018E1E000039
:1085C000B65B0201A6430000B65B3D01D9970000EF
:1085D000B65B4B01688B0000B65B4501ECCC00003C
:1085E000B65BDA01CD410000B65B230155C0000047
:1085F000B65B5201C36D0000B65BCF00A3820000E2
:10860000B65B3801CCE20000B65BFA00FF3A00002E
:10861000B65B2D01292E0000B65BDE009D9F000099
:10862000B65BCD000C820000007C0B6000000000F7
:1086300003200063B65B460116F00000B65B7201D2
:10864000B0150000B65B430158050000B65B26017B
:108650006B650000B65B110196CE0000B65B1F0192
:1086600057530000B65B3A01B70E0000B65B4E01EF
:10867000F7610000B65B1A01B9160000B65BDE00B8
:10868000F37B0000B65B3D0138270000B65BD600E7
:1086900022F20000B65B8F0118B80000B65B26011D
:1086A0002DD80000B65B3601BAED0000B65BDA00EB
:1086B000DAF90000B65B3001499D0000B65B5A0153
:1086C0002F770000B65B0101E2F90000B65B3901CB
:1086D000B2F00000B65B2701938E0000B65B6C0120
:1086E000AED20000B65B280128190000B65BFB0083
:1086F00091920000B65B0701158B0000B65B6E011E
:108700005BF50000B65B3B0166090000B65BA501A6
:10871000270B0000B65B6D01E9070000B65B750131
:10872000014C0000B65B2101CC1A0000B65B4D0184
:10873000274C0000B65B1901C1F80000B65B36019A
:108740003A070000B65BB70078E90000B65B32017B
:10875000CF880000B65B6401A8140000B65B190165
:1087600011640000B65B2C010E1E0000B65B5A01BE
:10877000DF1C0000B65B6301060A0000B65B660101
:1087800027EF0000B65B3B01CE230000B65B08017B
:1087900054FA0000B65B7D0181350000B65B0C0128
:1087A00001F90000B65B2F01B0E10000B65B5E018D
:1087B0003D7A0000B65B5D01CA570000B65B390127
:1087C00074CD0000B65BAD0079FA0000B65B4E01D7
:1087D0005D9B0000B65BEA001D000000B65BEA008E
:1087E00079970000B65B57017B610000B65B3401EE
:1087F0002A410000B65B3E015E070000B65B3A010D
:1088000031B30000B65BFB002EB20000B65B050181
:108810005D160000B65BA8016C590000B65B9101C3
:10882000CC980000B65B9A01C6E50000B65BC101BA
:10883000B61A0000B65BF00043960000B65B490133
:10884000A11E0000B65BFC006EA70000B65B7001C5
:1088500053CB0000B65B8301DE920000B65B2701BC
:10886000FD120000B65B08016DC30000B65B480155
:10887000DD830000B65B6501D61E0000B65B6C01AF
:10888000B7CC0000B65B4D0126100000B65B5D0161
:10889000A90E0000B65B35014B3C0000B65B5C01E5
:1088A000E75E0000B65B760163300000B65B2F0127
:1088B00015810000B65B290105D70000B65BC50035
:1088C000F6450000B65B3A01CA640000B65B2B01B6
:1088D000D3B90000B65B2C01949B0000B65B0D0180
:1088E00012180000B65BC800624B0000B65B760150
:1088F00008390000B65B460144190000B65B62010E
:1089000000A20000B65BCD01362B0000B65BE7008D
:108910003CE30000B65B19010A010000B65B6E0182
:108920008E5C0000B65BDC00EA260000B65B4A0104
:108930006B0E0000B65B0301F0800000B65B230104
:108940004D590000B65B3B0161CD0000B65B9D0157
:10895000D1100000B65B450114AF0000B65BB40156
:10896000E4030000B65B5301A9DD0000B65B5B01C8
:10897000679F0000B65B880188310000B65B3D014F
:1089800023940000B65B6B01A8070000B65B720180
:1089900064D60000B65B0701FD860000B65B2B01C4
:1089A00012CF0000B65B360155BB0000B65B580124
:1089B000AF760000B65B33016B430000B65B550138
:1089C0004B960000B65B8501875E0000B65B2D010B
:1089D000756F0000B65BFC007B1A0000B65B63019C
:1089E00028B60000B65B4101D6A40000B65BB70113
:1089F00030DD0000B65BFA0091D20000B65B1501D5
:108A000044FD0000B65B1301CABE0000B65B350131
:108A1000CF960000B65B0301CCA50000B65B000159
:108A2000D0990000B65B350159AA0000B65BF4008E
:108A300036ED000021228000007C00584C107401AB
:108A400043000258807F08000F129002030400596F
:108A5000C00000000800000008000000080000003E
:108A600008000000080000000800000008000000E6
:108A700008000000080000000800000008000000D6
:108A800008000000080000000800000008000000C6
:108A90000800000008000000C900000011000000EC
:108AA0001100000011000000110000001100000082
:108AB0001100000011000000110000001100000072
:108AC000110000001100000011000000D2000000A1
:108AD0008306005A0000000000C0000000000000F3
:108AE00000C000000000000080C000000000000086
:108AF00080C000000000000080C0000000000000F6
:108B000000C100000000000000C1000000000000E3
:108B100000C100000000441824D80000000000003C
:108B200000DB00000000000080DB0000000000000F
:108B300080DB00000000000080DB0000000000007F
:108B400000DC00000000000000DC0000000000006D
:108B500080DC00000000000080DC00000000537991
:108B6000B3C60000000000008038000000000000D4
:108B70008039000000000000803A00000000000082
:108B8000803B000000000000003C000000000000EE
:108B9000003D000000000000003E0000000000005A
:108BA000003F000001208000007C001400C108008C
:108BB0004300021400C4203488010000C3000514DF
:108BC000000000008801000080000000000000009C
:108BD000240000000000100042000C1406000000F9
:108BE0000700000043000D14004000003F882134BE
:108BF000430011140000000000000000212080004C
:108C0000007C001884C1080043000218000068704E
:108C100000004800C300051800000000000000002C
:108C20000000000000000000240000000000100010
:108C300042000C18060000000700000043000D1859
:108C4000010000003F00B070430011180000000058
:108C50000800000021218000007C003800C188004D
:108C600043000238806D2034C4000000C300053882
:108C700000000000000000000000000000000000F4
:108C8000240000000000900442000C3806000000A0
:108C90000700000043000D3800400000476F2034FB
:108CA0004300113800000000000000008120800017
:108CB000007C00240801880043000224806D2034D9
:108CC000C4000000C30005240000000000000000F4
:108CD0000000000000000000240000000000100060
:108CE00042000C24060000000700000043000D2491
:108CF00000400000476F20344300112400000000B2
:108D00000000000041208000007C001C08000800DA
:108D10002301021C000020340700070004000002A9
:108D2000000E00000400000080000000006200004F
:108D3000240000000000100042000C1C060000008F
:108D40000700000043000D1C800000003F6220343B
:108D50004300111C0000000000000000007C001017
:108D60000200000024040010640000000000000065
:108D7000007C001000000040C47B00106400000074
:108D800000000000007C001001000000007C0410C6
:108D900023000000007C06101B000000630015107B
:108DA00001000000030000001300000043001D103C
:108DB000270000001A7F1B01007C20102500000006
:108DC0000120001C01200024007C00485103000009
:108DD000012000580120005C0120006001200014E7
:108DE0000120001801200038E47F001C640000000E
:108DF00000000000E47F0024640000000000000088
:108E0000007C041000000000007C06100000000040
:108E100063001510000000000000000000000000CA
:108E200043001D100000000000000000007C201026
:108E300000000000007C001C020000002404001C54
:108E40006400000000000000007C001C00000040E6
:108E5000C47B001C64000000000000004100800092
:108E6000007C0024020000002404002464000000B0
:108E700000000000007C002400000040C47B0024AF
:108E8000640000000000000081008000007C0048B9
:108E900002000000240400486400000000000000FC
:108EA000007C004800000040C47B004864000000D3
:108EB00000000000A1018000007C005882108800A2
:108EC000240400586400000000000000007C0058EA
:108ED00080108840C47B005864000000000000003F
:108EE00021028000007C005C020000082404005C79
:108EF0006400000000000000007C005C00000048EE
:108F0000C47B005C6400000000000000410280009F
:108F1000007C00600200000824040060640000007F
:108F200000000000007C006000000048C47B00607E
:108F3000640000000000000061028000007C00145A
:108F4000020000002404001464000000000000007F
:108F5000007C001400000040C47B0014640000008A
:108F60000000000001008000007C001802000000EA
:108F7000240400186400000000000000007C0018B9
:108F800000000040C47B00186400000000000000E6
:108F900021008000007C003802000000240400381A
:108FA0006400000000000000007C00380000004069
:108FB000C47B003864000000000000002101800034
:108FC0007D02000041218000007C003C5003000035
:108FD0002301023C0101100F001100000540B710F1
:108FE0007000070000006F00000006003C000E004B
:108FF0000801070000000000007C0C3CB9FFFF00E6
:1090000061218000007C004040000000E30002403D
:109010000101100F001100000040B71070000700A0
:1090200000006F00000006003C0F1D00007C0A409D
:1090300000000000007C0C40B9FFFF00812180008F
:10904000007C004440000000E30002440101100FD6
:10905000001100000040B7107000070000006F0012
:10906000000006003C1E2C00007C0A4400000000AA
:10907000007C0C44B9FFFF00A1218000007C004867
:1090800040000000E30002480101100F0011000041
:109090000045A3107000070000006F0000000600EC
:1090A0003C2D3B00007C0A4800000000007C0C487E
:1090B000B9FFFF0081228000420000640000000828
:1090C000FC0060092301026400800600000000002B
:1090D0000E000000DE020000BD05000001000000DF
:1090E00000000000F2038C070100000043000C6444
:1090F0000000000042204220007C0B6401000000C0
:1091000083070065C52400000000000071290000ED
:109110000000000094080000000000004C0900005E
:1091200000000000C52A000000000000E31200005B
:10913000000000003E23000000000000C1260000E7
:10914000000000002F07000000000000150A0000CA
:1091500000000000EF410000000000001E120000AF
:10916000000000004922000000000000012500006E
:10917000000000005B080000000000009A050000ED
:1091800000000000564D000000000000881B000099
:10919000000000002024000000000000CD3000008E
:1091A000000000006C05000000000000EE07000059
:1091B000000000001D3A0000000000004116000001
:1091C00000000000221E0000000000008B130000C1
:1091D00000000000DB07000000000000180700008E
:1091E000000000006836000000000000931400003A
:1091F00000000000A122800042000068000000087A
:10920000FC0060152301026800000A000000000055
:109210000E000000DE020000BD0500007E6D0000B3
:1092200000000000F2038C070100000043000C68FE
:109230000000000042204220007C0B68010000007A
:10924000830700697E6DB600C75300007E6DAE00D7
:10925000C58B00007E6DAA0017FC00007E6D940097
:10926000C3D400007E6D6DFFD2CA00007E6DC300C6
:109270000C9E00007E6DCB00F46400007E6DB0009B
:10928000B81400007E6DB800A77D00007E6DA500BB
:109290007D0300007E6DDFFFA88D00007E6DE30082
:1092A000F5C000007E6DB400BEB900007E6DAE005A
:1092B0003B2100007E6DB5002E4500007E6DAD00A7
:1092C000788100007E6DD9FF929E00007E6D88003F
:1092D000838300007E6DAB00C5F400007E6DB70097
:1092E000DA4600007E6DAE002E8E00007E6DAD0071
:1092F000984E00007E6DEFFFB48300007E6D7B0012
:10930000A49800007E6DB900FF3F00007E6DA500AF
:10931000D4F500007E6DB400B4C300007E6DB700CC
:10932000057100007E6DAFFF2E8400007E6D86000B
:10933000BDBF000041208000007C001C00C0080070
:109340002301021C00002034070007001000000267
:10935000000E0000400000000800000000000000B7
:10936000240000000000100042000C1C0600000059
:109370000700000043000D1C100000003F62203475
:109380004300111C0000000000000000612080006C
:10939000007C002080C108004300022000E8C77064
:1093A000F0000000C300052000000000F0000000F5
:1093B0000000000000000000240000000000100079
:1093C00042000C20060000000700000043000D20B2
:1093D000400000003F24C87043001120000000003E
:1093E00008000000E1208000007C003000C18800FF
:1093F0004300023000622034DF020000C300053069
:10940000000000000000000000000000000000005C
:10941000240000000000900042000C300600000014
:109420000700000043000D3010000000FF672034EB
:109430004300113000000000000000008120800087
:10944000007C002400C00800230102241000203406
:109450000700070010000002000E0000400000009E
:1094600008000000000000002400000000001000C0
:1094700042000C24060000000700000043000D24F9
:10948000100000003F62203443001124000000005F
:1094900000000000C1208000007C002C00C00800FB
:1094A0002301022C200020340700070010000002D6
:1094B000000E000040000000080000000000000056
:1094C000240000000000100042000C2C06000000E8
:1094D0000700000043000D2C100000003F62203404
:1094E0004300112C0000000000000000212080003B
:1094F000007C001800C0080023010218300020344E
:109500000700070010000002000E000040000000ED
:10951000080000000000000024000000000010000F
:1095200042000C18060000000700000043000D1860
:10953000100000003F6220344300111800000000BA
:109540000000000001208000007C00140801880059
:109550004300021400622034DF020000C30005143F
:1095600000000000000000000000000000000000FB
:10957000240000000000100042000C14060000004F
:109580000700000043000D1410000000FF672034A6
:10959000430011140000000000000000A120800022
:1095A000007C00280800080023010228C06720343E
:1095B000070007000F001E00D20000000F0000008F
:1095C00002000000BE0500002400000000001000A2
:1095D00042000C28060000000700000043000D2890
:1095E00002000000BF6D203443001128000000007D
:1095F00000000000007C00100200000024040010A5
:109600006400000000000000007C0010000000402A
:10961000C47B00106400000000000000007C00100B
:1096200001000000007C02101B000000007C0710FD
:109630002B00000083010C10050000000700000053
:109640000F000000090000000700000015000000E6
:109650000D000000070000001700000003000000DC
:109660000700000019000000007C22101A071B01EF
:10967000007C241029000000012000140120002893
:10968000007C003C51030000007C004041000000D1
:10969000007C004441000000007C004841000000C4
:1096A0000120006401200068012000180120001C36
:1096B00001200020012000240120002C0120003086
:1096C000E47F00146400000000000000E47F002834
:1096D0006400000000000000007C02100000000098
:1096E000007C07100000000083010C100000000047
:1096F000000000000000000000000000000000006A
:109700000000000000000000000000000000000059
:10971000000000000000000000000000007C22109B
:1097200000000000007C241000000000007C0014F9
:109730000200000024040014640000000000000087
:10974000007C001400000040C47B00146400000092
:109750000000000001008000007C002802000000E2
:10976000240400286400000000000000007C0028A1
:1097700000000040C47B00286400000000000000DE
:10978000A1008000007C003C020000002404003C9A
:109790006400000000000000007C003C000000406D
:1097A000C47B003C64000000000000004101800018
:1097B000007C00400200000024040040640000001F
:1097C00000000000007C004000000040C47B00401E
:1097D000640000000000000061018000007C004483
:1097E00002000000240400446400000000000000A7
:1097F000007C004400000040C47B00446400000082
:109800000000000081018000007C00480200000090
:10981000240400486400000000000000007C0048B0
:1098200000000040C47B004864000000000000000D
:10983000A1018000007C0064020000082404006490
:109840006400000000000000007C0064000000488C
:10985000C47B0064640000000000000081028000FE
:10986000007C006802000008240400686400000016
:1098700000000000007C006800000048C47B006815
:109880006400000000000000A1028000007C0018BD
:109890000200000024040018640000000000000022
:1098A000007C001800000040C47B00186400000029
:1098B0000000000021008000007C001C020000006D
:1098C0002404001C6400000000000000007C001C58
:1098D00000000040C47B001C640000000000000089
:1098E00041008000007C00200200000024040020D1
:1098F0006400000000000000007C00200000004028
:10990000C47B0020640000000000000061008000B3
:10991000007C0024020000002404002464000000F5
:1099200000000000007C002400000040C47B0024F4
:10993000640000000000000081008000007C002C1A
:10994000020000002404002C64000000000000005D
:10995000007C002C00000040C47B002C6400000050
:1099600000000000C1008000007C00300200000008
:10997000240400306400000000000000007C00307F
:1099800000000040C47B00306400000000000000C4
:10999000E10080000C00000000000000000000005A
:1099A00000000000000000000000000000000000B7
:1099B00000000000000000000000000000000000A7
:1099C0000000070007000700070007000700070066
:1099D0000200020000000000070007000000000075
:1099E0000000000000000000000000001CE01CE07F
:1099F0001CE0084008400840000000000000000093
:109A00000000000000000000000000000000000056
:109A10000CC00CC00CC00CC00CC03FF03FF00CC020
:109A20000CC03FF03FF00CC00CC00CC00CC00CC010
:109A300000000000000000000300030007E00FE04A
:109A4000186018001F000FC000E0186018601FC0E9
:109A50001F8003000300030000000000000000005E
:109A600000001C002200220022001C6001E00F8088
:109A70003C0031C002200220022001C00000000092
:109A8000000000000000000000000000000003E0F3
:109A90000FE00C000C0006000F301FF019E018C09A
:109AA0001FF007B0000000000000000000000000F0
:109AB000000000000380038003800100010001001A
:109AC0000000000000000000000000000000000096
:109AD0000000000000000000000000C000C0018085
:109AE0000180018003000300030003000300030062
:109AF00001800180018000C000C000000000000063
:109B000000000C000C000600060006000300030025
:109B100003000300030003000600060006000C001B
:109B20000C00000000000000000003000300030020
:109B30001B601FE0078007800FC00CC00000000002
:109B40000000000000000000000000000000000015
:109B500000000000000003000300030003003FF0CA
:109B60003FF00300030003000300000000000000BA
:109B700000000000000000000000000000000000E5
:109B80000000000000000000000000000000038052
:109B900003000300060006000400000000000000AF
:109BA00000000000000000000000000000003FE096
:109BB0003FE0000000000000000000000000000086
:109BC0000000000000000000000000000000000095
:109BD0000000000000000000000000000000038002
:109BE000038003800000000000000000000000006F
:109BF0000060006000C000C000C001800180030060
:109C00000300060006000C000C000C0018001800F1
:109C1000000000000000000000000F801FC018C0FE
:109C2000306030603060306030603060306018C06C
:109C30001FC00F80000000000000000000000000B6
:109C4000000003001F001F000300030003000300C7
:109C500003000300030003001FE01FE000000000FA
:109C6000000000000000000000000F801FC038E06E
:109C70003060006000C00180030006000C00180086
:109C80003FE03FE000000000000000000000000096
:109C900000000F803FC030E0006000E007C007C058
:109CA00000E00060006060E07FC03F8000000000D6
:109CB0000000000000000000000001C003C003C05D
:109CC00006C00CC00CC018C030C03FE03FE000C070
:109CD00003E003E0000000000000000000000000BE
:109CE00000001FC01FC0180018001F801FC018E010
:109CF00000600060006030E03FC01F800000000096
:109D00000000000000000000000003E00FE01E0063
:109D10001800380037803FC038E03060306018E00D
:109D20001FC00780000000000000000000000000CD
:109D300000003FE03FE03060006000C000C000C0B5
:109D40000180018001800300030003000000000087
:109D5000000000000000000000000F801FC038E07D
:109D6000306038E01FC01FC038E03060306038E03D
:109D70001FC00F8000000000000000000000000075
:109D800000000F001FC038C03060306038E01FE0B6
:109D90000F6000E000C003C03F803E0000000000F4
:109DA00000000000000000000000000000000000B3
:109DB0000000038003800380000000000000038097
:109DC000038003800000000000000000000000008D
:109DD0000000000000000000000001C001C001C040
:109DE00000000000000003800300060006000400DD
:109DF0000000000000000000000000000000003033
:109E000000F003C007001C0078001C00070003C01E
:109E100000F0003000000000000000000000000022
:109E2000000000000000000000007FF07FF0000054
:109E300000007FF07FF00000000000000000000044
:109E400000000000000000000000000000003000E2
:109E50003C000F00038000E0007800E003800F006A
:109E60003C00300000000000000000000000000086
:109E7000000000000F801FC018601860006001C063
:109E8000038003000000000007000700000000003E
:109E90000000000000000000000003800C8008406B
:109EA0001040104011C012401240124011C010006A
:109EB00008000840078000000000000000000000CB
:109EC000000000001F801F80038006C006C00CC079
:109ED0000C601FE01FE030307878787800000000D8
:109EE0000000000000000000000000003F803FC0B4
:109EF0001860186018E01FC01FE018701830183084
:109F00003FF03FE000000000000000000000000003
:109F10000000000007B00FF01C7038303000300037
:109F20003000300038301C700FE007C00000000027
:109F30000000000000000000000000007F807FC0E3
:109F400030E030703030303030303030307030E031
:109F50007FC07F80000000000000000000000000C3
:109F6000000000003FF03FF01830183019801F80CB
:109F70001F801980183018303FF03FF000000000BB
:109F80000000000000000000000000003FF03FF073
:109F90001830183019801F801F8019801800180091
:109FA0003F003F0000000000000000000000000033
:109FB0000000000007B01FF0187030303000300093
:109FC00031F831F8303018301FF007C000000000C1
:109FD0000000000000000000000000003CF03CF029
:109FE0001860186018601FE01FE0186018601860A3
:109FF0003CF03CF000000000000000000000000009
:10A00000000000001FE01FE0030003000300030046
:10A0100003000300030003001FE01FE00000000036
:10A0200000000000000000000000000003F803F83A
:10A03000006000600060006030603060306030E0E0
:10A040003FC00F8000000000000000000000000082
:10A05000000000003EF83EF818E019801B001F00C9
:10A060001D8018C018C018603E783E3800000000FF
:10A070000000000000000000000000003F003F0062
:10A080000C000C000C000C000C000C300C300C30E0
:10A090003FF03FF000000000000000000000000062
:10A0A000000000007878787838703CF034B037B031
:10A0B00037B03330333030307CF87CF800000000AB
:10A0C00000000000000000000000000039F03DF03A
:10A0D0001C601E601E601B601B6019E019E018E028
:10A0E0003EE03E60000000000000000000000000B4
:10A0F0000000000007800FC01CE0387030303030A6
:10A100003030303038701CE00FC007800000000095
:10A110000000000000000000000000003FC03FE021
:10A1200018701830183018701FE01FC01800180081
:10A130003F003F00000000000000000000000000A1
:10A140000000000007800FC01CE038703030303055
:10A150003030303038701CE00FC0078007B00FF08F
:10A160000CE0000000000000000000003FC03FE0E5
:10A170001870183018701FE01FC018E018601870B1
:10A180003E383E1800000000000000000000000003
:10A19000000000000FB01FF03870303038001F8012
:10A1A00007E00070303038703FE037C0000000003A
:10A1B0000000000000000000000000003FF03FF041
:10A1C0003330333033300300030003000300030057
:10A1D0000FC00FC0000000000000000000000000E1
:10A1E000000000003CF03CF0186018601860186037
:10A1F0001860186018601CE00FC0078000000000A5
:10A2000000000000000000000000000078F078F07E
:10A210003060306018C018C00D800D800D800700C0
:10A220000700070000000000000000000000000020
:10A23000000000007C7C7C7C301833983398339885
:10A2400036D816D01C701C701C701830000000002E
:10A2500000000000000000000000000078F078F02E
:10A26000306018C00D80070007000D8018C03060F6
:10A2700078F078F00000000000000000000000000E
:10A28000000000003CF03CF018600CC00780078024
:10A2900003000300030003000FC00FC00000000014
:10A2A0000000000000000000000000001FE01FE0B0
:10A2B000186018C001800300030006000C601860DD
:10A2C0001FE01FE000000000000000000000000090
:10A2D000000003C003C003000300030003000300E9
:10A2E000030003000300030003000300030003C096
:10A2F00003C0000000000000180018000C000C0053
:10A300000C0006000600030003000180018000C06D
:10A3100000C000C0006000600000000000000000FD
:10A3200000000F000F000300030003000300030000
:10A3300003000300030003000300030003000F00F9
:10A340000F000000000000000000020007000D8068
:10A3500018C0306020200000000000000000000055
:10A3600000000000000000000000000000000000ED
:10A3700000000000000000000000000000000000DD
:10A3800000000000000000000000000000000000CD
:10A3900000000000FFFCFFFC000004000300008040
:10A3A00000000000000000000000000000000000AD
:10A3B000000000000000000000000000000000009D
:10A3C000000000000000000000000FC01FE000605F
:10A3D0000FE01FE0386030E03FF01F700000000029
:10A3E000000000000000000000007000700030005D
:10A3F000300037803FE03860303030303030386007
:10A400007FE07780000000000000000000000000F6
:10A410000000000000000000000007B01FF018302E
:10A4200030303000300038301FF00FC00000000026
:10A43000000000000000000000000070007000300C
:10A44000003007B01FF018703030303030303870C6
:10A450001FF807B800000000000000000000000026
:10A460000000000000000000000007801FE01860EE
:10A470003FF03FF0300018301FF007C00000000030
:10A480000000000000000000000003F007F00600DC
:10A4900006001FE01FE0060006000600060006009A
:10A4A0001FE01FE0000000000000000000000000AE
:10A4B0000000000000000000000007B81FF818703E
:10A4C00030303030303018701FF007B0003000707E
:10A4D0000FE00FC000000000000038003800180036
:10A4E00018001BC01FE01C6018601860186018601E
:10A4F0003CF03CF000000000000000000000000004
:10A50000000003000300000000001F001F00030004
:10A5100003000300030003001FE01FE00000000031
:10A520000000000000000000000003000300000025
:10A5300000001FC01FC000C000C000C000C000C09D
:10A5400000C000C000C001C03F803F00000000000C
:10A55000000038003800180018001BE01BE01B004A
:10A560001E001E001B00198039F039F000000000A9
:10A57000000000000000000000001F001F0003009A
:10A5800003000300030003000300030003000300B3
:10A590001FE01FE0000000000000000000000000BD
:10A5A000000000000000000000007EE07FF033307B
:10A5B00033303330333033307BB87BB800000000A9
:10A5C000000000000000000000000000000000008B
:10A5D00000003BC03FE01C60186018601860186005
:10A5E0003CF03CF000000000000000000000000013
:10A5F0000000000000000000000007801FE018605D
:10A6000030303030303018601FE00780000000002C
:10A61000000000000000000000000000000000003A
:10A62000000077807FE03860303030303030386084
:10A630003FE03780300030007C007C0000000000EC
:10A640000000000000000000000007B81FF81870AC
:10A6500030303030303018701FF007B0003000302C
:10A6600000F800F8000000000000000000000000FA
:10A6700000003CE03DF00F300E000C000C000C0020
:10A680003FC03FC0000000000000000000000000CC
:10A690000000000000000000000007E01FE018605C
:10A6A0001E000FC001E018601FE01F8000000000C6
:10A6B0000000000000000000000000000C000C0082
:10A6C0000C003FE03FE00C000C000C000C000C30D4
:10A6D0000FF007C0000000000000000000000000B4
:10A6E0000000000000000000000038E038E01860C2
:10A6F00018601860186018E01FF00F70000000006C
:10A700000000000000000000000000000000000049
:10A71000000078F078F0306018C018C00D800D800F
:10A72000070007000000000000000000000000001B
:10A730000000000000000000000078F078F03260B7
:10A74000326037E01DC01DC018C018C000000000F6
:10A7500000000000000000000000000000000000F9
:10A7600000003CF03CF00CC00780030007800CC0E8
:10A770003CF03CF000000000000000000000000081
:10A780000000000000000000000078F078F0306069
:10A7900018C018C00D800F800700060006000C00CE
:10A7A0007F007F00000000000000000000000000AB
:10A7B00000001FE01FE018C00180030006000C60CD
:10A7C0001FE01FE00000000000000000000000008B
:10A7D000000001C003C003000300030003000300E6
:10A7E00007000E000700030003000300030003C07E
:10A7F00001C000000000000000000300030003008F
:10A800000300030003000300030003000300030030
:10A810000300030003000300030000000000000029
:10A8200000001C001E0006000600060006000600D0
:10A8300007000380070006000600060006001E0051
:10A840001C000000000000000000000000000000EC
:10A85000000000000E003F3033F001E00000000077
:10A8600000000000000000000000000000000000E8
:10A8700005000000190000007D000000000000003D
:10A880000080E03779C34143176E05B5B5B89346EC
:10A89000F5F93FE9034F384D321D30F94877825AB8
:10A8A0003CBF737FDD4F1575000000000000F03FD6
:10A8B000000000000000244000000000000059409B
:10A8C0000000000000408F40000000000088C340EE
:10A8D00000000000006AF8400000000080842E4163
:10A8E00000000000D01263410000000084D79741AF
:10A8F0000000000065CDCD41000000205FA00242B5
:10A90000000000E876483742000000A2941A6D4229
:10A91000000040E59C30A2420000901EC4BCD6421C
:10A9200000003426F56B0C430080E03779C34143C7
:10A9300000A0D8855734764300C84E676DC1AB433D
:10A94000003D9160E458E143408CB5781DAF15445B
:10A9500050EFE2D6E41A4B4492D54D06CFF0804436
:10A96000F64AE1C7022DB544B49DD9794378EA444B
:10A9700000202020202020202020282828282820CF
:10A9800020202020202020202020202020202020C7
:10A99000208810101010101010101010101010102F
:10A9A000100404040404040404040410101010101F
:10A9B00010104141414141410101010101010101E9
:10A9C000010101010101010101010101101010103B
:10A9D00010104242424242420202020202020202BB
:10A9E000020202020202020202020202101010100F
:10A9F0002000000000000000000000000000000037
:10AA00000000000000000000000000000000000046
:10AA10000000000000000000000000000000000036
:10AA20000000000000000000000000000000000026
:10AA30000000000000000000000000000000000016
:10AA40000000000000000000000000000000000006
:10AA500000000000000000000000000000000000F6
:10AA600000000000000000000000000000000000E6
:10AA70000000000000000000FE822B6547156740C3
:10AA800000000000000038430000FAFE422E76BFAE
:10AA90003A3B9EBC9AF70CBDBDFDFFFFFFFFDF3FB9
:10AAA0003C5455555555C53F912B17CF5555A53F8E
:10AAB00017D0A4671111813F000000000000C842B8
:10AAC000EF39FAFE422EE63F24C482FFBDBFCE3FDF
:10AAD000B5F40CD7086BAC3FCC5046D2ABB2833F39
:10AAE000843A4E9BE0D7553F000000000000000074
:10AAF000000000000000F03F6EBF881A4F3B9B3CF7
:10AB00003533FBA93DF6EF3F5DDCD89C136071BC8B
:10AB10006180773E9AECEF3FD16687107A5E90BCF9
:10AB2000857F6EE815E3EF3F13F6673552D28C3C14
:10AB3000748515D3B0D9EF3FFA8EF92380CE8BBC44
:10AB4000DEF6DD296BD0EF3F61C8E6614EF7603C71
:10AB5000C89B751845C7EF3F99D3335BE4A3903C7E
:10AB600083F3C6CA3EBEEF3F6D7B835DA69A973CDA
:10AB70000F89F96C58B5EF3FFCEFFD921AB58E3C8A
:10AB8000F747722B92ACEF3FD19C2F703DBE3E3CFD
:10AB9000A2D1D332ECA3EF3F0B6E908934036ABC91
:10ABA0001BD3FEAF669BEF3F0EBD2F2A525695BCBE
:10ABB000515B12D00193EF3F55EA4E8CEF8050BCB1
:10ABC000CC316CC0BD8AEF3F16F4D5B923C991BC16
:10ABD000E02DA9AE9A82EF3FAF555CE9E3D3803C0C
:10ABE000518EA5C8987AEF3F4893A5EA151B80BC03
:10ABF0007B517D3CB872EF3F3D32DE55F01F8FBC7C
:10AC0000EA8D8C38F96AEF3FBF53133F8C898B3C38
:10AC100075CB6FEB5B63EF3F26EB11769CD996BC4F
:10AC2000D45C0484E05BEF3F602F3A3EF7EC9A3C43
:10AC3000AAB968318754EF3F9D3886CB82E78FBC35
:10AC40001DD9FC22504DEF3F8DC3A644416F8A3C75
:10AC5000D68C62883B46EF3F7D04E4B0057A803CA9
:10AC600096DC7D91493FEF3F94A8A8E3FD8E963C8A
:10AC70003862756E7A38EF3F7D4874F2185E873C13
:10AC80003FA6B24FCE31EF3FF2E71F982B47803CF3
:10AC9000DD7CE265452BEF3F5E08713F7BB896BCDB
:10ACA0008163F5E1DF24EF3F31AB096DE1F7823CD1
:10ACB000E1DE1FF59D1EEF3FFABF6F1A9B213DBCE1
:10ACC00090D9DAD07F18EF3FB40A0C7282378B3CF0
:10ACD0000B03E4A68512EF3F8FCBCE8992146E3C16
:10ACE000562F3EA9AF0CEF3FB6ABB04D754D833C30
:10ACF00015B7310AFE06EF3F4C74ACE20142863CC8
:10AD000031D84CFC7001EF3F4AF8D35D39DD8F3C00
:10AD1000FF1664B208FCEE3F045B8E3B80A386BC4A
:10AD2000F19F925FC5F6EE3F68504BCCED4A92BC66
:10AD3000CBA93A37A7F1EE3F8E2D511BF80799BCEE
:10AD400066D8056DAEECEE3FD236943EE8D171BCCC
:10AD5000F79FE534DBE7EE3F151BCEB3191999BC1D
:10AD6000E5A813C32DE3EE3F6D4C2AA7489F853C11
:10AD70002234124CA6DEEE3F8A69287A601293BC18
:10AD80001C80AC0445DAEE3F5B8917488FA758BC9E
:10AD90002A2EF7210AD6EE3F1B9A49679B2C7CBCD2
:10ADA00097A850D9F5D1EE3F11ACC260ED63433C9A
:10ADB0002D89616008CEEE3FEF64063B0966963C44
:10ADC00057001DED41CAEE3F7903A1DAE1CC6E3C9C
:10ADD000D03CC1B5A2C6EE3F30120F3F8EFF933C70
:10ADE000DED3D7F02AC3EE3FB0AF7ABBCE90763C2D
:10ADF000272A36D5DABFEE3F77E054EBBD1D933CF2
:10AE00000DDDFD99B2BCEE3F8EA3710034948FBC72
:10AE1000A72C9D76B2B9EE3F49A393DCCCDE87BC6C
:10AE20004266CFA2DAB6EE3F5F380FBDC6DE78BC11
:10AE3000824F9D562BB4EE3FF65C7BEC461286BCEF
:10AE40000F925DCAA4B1EE3F8ED7FD180535933C35
:10AE5000DA27B53647AFEE3F059B8A2FB7987B3C84
:10AE6000FDC797D412ADEE3F09541CE2E163903C5C
:10AE7000295448DD07ABEE3FEAC6195085C7343C7C
:10AE8000B746598A26A9EE3F35C0642BE632943C7A
:10AE90004821AD156FA7EE3F9F7699614AE48CBCBF
:10AEA00009DC76B9E1A5EE3FA84DEF3BC5338CBC7C
:10AEB00085553AB07EA4EE3FAEE92B89785384BC29
:10AEC00020C3CC3446A3EE3F58585678DDCE93BC11
:10AED0002522558238A2EE3F64197E80AA10573C85
:10AEE00073A94CD455A1EE3F28225EBFEFB393BCAB
:10AEF000CD3B7F669EA0EE3F82B93487AD126ABC1F
:10AF0000BFDA0B7512A0EE3FEEA96DB8EF6763BC18
:10AF10002F1A653CB29FEE3F5188E0543DDC80BC67
:10AF2000849451F97D9FEE3FCF3E5A7E641F78BCDA
:10AF3000745FECE8759FEE3FB07D8BC04AEE86BC37
:10AF40007481A5489A9FEE3F8AE6551E321986BC49
:10AF5000C9674256EB9FEE3FD3D4095ECB9C903C31
:10AF60003F5DDE4F69A0EE3F1DA54DB9DC327BBCD5
:10AF70008701EB7314A1EE3F6BC06754FDEC943C6A
:10AF800032C13001EDA1EE3F556CD6ABE1EB653C33
:10AF9000624ECF36F3A2EE3F42CFB32FC5A188BC9D
:10AFA000121A3E5427A4EE3F34373BF1B66993BCE6
:10AFB00013CE4C9989A5EE3F1EFF193A845E80BCE2
:10AFC000ADC723461AA7EE3F6E5772D850D494BC33
:10AFD000ED92449BD9A8EE3F008A0E5B67AD903C92
:10AFE00099668AD9C7AAEE3FB4EAF0C12FB78D3C63
:10AFF000DBA02A42E5ACEE3FFFE7C59C60B665BC2E
:10B000008C44B51632AFEE3F445FF35983F67B3C78
:10B0100036771599AEB1EE3F833D1EA71F0993BC4D
:10B02000C6FF910B5BB4EE3F291E6C8BB8A95DBCCB
:10B03000E5C5CDB037B7EE3F59B9907CF9236CBC6C
:10B040000F52C8CB44BAEE3FAAF9F422434392BC54
:10B05000504EDE9F82BDEE3F4B8E66D76CCA85BCDC
:10B06000BA07CA70F1C0EE3F27CE912BFCAF713CFE
:10B0700090F0A38291C4EE3FBB730AE135D26D3CE0
:10B080002323E31963C8EE3F6322622204C587BC11
:10B0900065E55D7B66CCEE3FD531E2E3861C8B3CFB
:10B0A000332D4AEC9BD0EE3F15BBBCD3D1BB91BC3A
:10B0B0005D253EB203D5EE3FD231EE9C31CC903CC3
:10B0C00058B330139ED9EE3FB35A736E8469843CF3
:10B0D000BFFD79556BDEEE3FB49D8E97CDDF82BC10
:10B0E0007AF3D3BF6BE3EE3F8733CB92771A8C3C76
:10B0F000ADD35A999FE8EE3FFAD9D14A8F7B90BCE5
:10B1000066B68D2907EEEE3FBAAEDC56D9C355BC04
:10B11000FB154FB8A2F3EE3F40F6A63D0EA490BC3F
:10B120003A59E58D72F9EE3F3493AD38F4D668BCE8
:10B13000475EFBF276FFEE3F358A586BE2EE91BC3C
:10B140004A06A130B005EF3FCDDD5F0AD7FF743C62
:10B15000D2C14B901E0CEF3FAC9892FAFBBD91BC54
:10B16000091ED75BC212EF3FB30CAF30AE6E733C1B
:10B170009C5285DD9B19EF3F94FD9F5C32E38E3C32
:10B180007AD0FF5FAB20EF3FAC5909D18FE0843C10
:10B190004BD1572EF127EF3F671A4E38AFCD633CA6
:10B1A000B5E706946D2FEF3F6819926C2C6B673CE6
:10B1B0006990EFDC2037EF3FD2B5CC83188A80BC92
:10B1C000FAC35D550B3FEF3F6FFAFF3F5DAD8FBC9C
:10B1D0007C89074A2D47EF3F49A97538AE0D90BCD1
:10B1E000F2890D08874FEF3FA7073DA685A3743C62
:10B1F00087A4FBDC1858EF3F0F2240209E9182BCB1
:10B200009883C916E360EF3FAC92C1D5505A8E3C8B
:10B210008532DB03E669EF3F4B6B01AC593A843C66
:10B2200060B401F32173EF3F1F3EB40721D582BC08
:10B230005F9B7B33977CEF3FC90D473BB92A89BCA5
:10B2400029A1F5144686EF3FD3883A6004B6743CD2
:10B25000F63F8BE72E90EF3F71729D51ECC5833C1A
:10B26000834CC7FB519AEF3FF091D38F12F78FBCFD
:10B27000DA90A4A2AFA4EF3F7D7423E298AE8DBC18
:10B28000F1678E2D48AFEF3F0820AA41BCC38E3C2A
:10B29000275A61EE1BBAEF3F32EBA9C3942B843CD3
:10B2A00097BA6B372BC5EF3FEE85D131A9648A3C45
:10B2B00040456E5B76D0EF3FEDE33BE4BA378EBCA2
:10B2C00014BE9CADFDDBEF3F9DCD914D3B89773C9E
:10B2D000D8909E81C1E7EF3F89CC6041C105533CC6
:10B2E000F1718F2BC2F3EF3F0038FAFE422EE63F9A
:10B2F0003067C79357F32E3D010000000000E0BF08
:10B300005B3051555555D53F9045EBFFFFFFCFBF03
:10B310001101F124B399C93F9FC806E57555C5BF12
:10B32000000000000000E0BF775555555555D53F4A
:10B33000CBFDFFFFFFFFCFBF0CDD95999999C93F6A
:10B34000A74567555555C5BF30DE44A32449C23FC4
:10B35000653D42A4FFFFBFBFCAD62A288471BC3F07
:10B36000FF68B043EB99B9BF85D0AFF78281B73F93
:10B37000CD45D1751352B5BF9FDEE0C3F034F73F22
:10B380000090E6797FCCD7BF1FE92C6A7813F73F8E
:10B3900000000DC2EE6FD7BFA0B5FA0860F2F63F0D
:10B3A00000E05113E313D7BF7D8C131FA6D1F63FE6
:10B3B000007828385BB8D6BFD1B4C50B49B1F63F89
:10B3C00000788090555DD6BFBA0C2F334791F63F79
:10B3D00000001876D002D6BF234222189F71F63F94
:10B3E00000909086CAA8D5BFD91EA5994F52F63FA6
:10B3F00000500356434FD5BFC4248FAA5633F63F9F
:10B4000000406BC337F6D4BF14DC9D6BB314F63F1A
:10B410000050A8FDA79DD4BF4C5CC65264F6F53F12
:10B4200000A889399245D4BF4F2C91B567D8F53F14
:10B4300000B8B039F4EDD3BFDE905BCBBCBAF53FBA
:10B4400000708F44CE96D3BF781AD9F2619DF53F34
:10B4500000A0BD171E40D3BF875646125680F53F49
:10B46000008046EFE2E9D2BFD36BE7CE9763F53FAA
:10B4700000E030381B94D2BF937FA7E22547F53F09
:10B480000088DA8CC53ED2BF83450642FF2AF53FCD
:10B4900000902729E1E9D1BFDFBDB2DB220FF53FE4
:10B4A00000F8482B6D95D1BFD7DE34478FF3F43FBA
:10B4B00000F8B99A6741D1BF4028DECF43D8F43FA6
:10B4C0000098EF94D0EDD0BFC8A378C03EBDF43F44
:10B4D0000010DB18A59AD0BF8A25E0C37FA2F43FF5
:10B4E00000B86352E647D0BF3484D4240588F43FC3
:10B4F00000F0864522EBCFBF0B2D191BCE6DF43F1C
:10B5000000B017754A47CFBF541839D3D953F43F09
:10B510000030103D44A4CEBF5A84B444273AF43FCF
:10B5200000B0E9440D02CEBFFBF81541B520F43F51
:10B5300000F07729A260CDBFB1F43EDA8207F43F74
:10B540000090950401C0CCBF8FFE575D8FEEF33F96
:10B55000001089562920CCBFE94C0BA0D9D5F33F68
:10B560000010818D1781CBBF2BC110C060BDF33F90
:10B5700000D0D3CCC9E2CABFB8DA752B24A5F33FFB
:10B580000090122E4045CABF02D09FCD228DF33FBE
:10B5900000F01D6877A8C9BF1C7A84C55B75F33FAE
:10B5A000003048696D0CC9BFE236AD49CE5DF33F4E
:10B5B00000C045A62071C8BF40D44D987946F33FDE
:10B5C000003014B48FD6C7BF24CBFFCE5C2FF33F1F
:10B5D0000070623CB83CC7BF490DA1757718F33FB6
:10B5E0000060379B9AA3C6BF90393E37C801F33F2E
:10B5F00000A0B754310BC6BF41F895BB4EEBF23FEC
:10B60000003024767D73C5BFD1A919020AD5F23F57
:10B610000030C28F7BDCC4BF2AFDB7A8F9BEF23F61
:10B620000000D2512C46C4BFAB1B0C7A1CA9F23FC0
:10B63000000083BC8AB0C3BF30B514607293F23F80
:10B640000000496B991BC3BFF5A15757FA7DF23F24
:10B650000040A4905487C2BFBF3B1D9BB368F23F1C
:10B6600000A079F8B9F3C1BFBDF58F839D53F23FB8
:10B6700000A02C25C860C1BF3B08C9AAB73EF23F55
:10B680000020F7577FCEC0BFB640A92B012AF23F5A
:10B6900000A0FE49DC3CC0BF3241CC967915F23F98
:10B6A00000804BBCBD57BFBF9BFCD21D2001F23FA9
:10B6B000004040960837BEBF0B484D49F4ECF13FBF
:10B6C0000040F93E9817BDBF69658F52F5D8F13F2C
:10B6D00000A0D84E67F9BBBF7C7E571123C5F13F50
:10B6E00000602F2079DCBABFE926CB747CB1F13F32
:10B6F000008028E7C3C0B9BFB61A2C0C019EF13FE9
:10B7000000C072B346A6B8BFBD70B67BB08AF13F29
:10B710000000ACB3018DB7BFB6BCEF258A77F13F0F
:10B7200000003845F174B6BFDA314C358D64F13F15
:10B730000080876D0E5EB5BFDD5F2790B951F13F88
:10B7400000E0A1DE5C48B4BF4CD232A40E3FF13F12
:10B7500000A06A4DD933B3BFDAF910728B2CF13FD8
:10B760000060C5F87920B2BF31B5EC28301AF13F3E
:10B7700000206298460EB1BFAF3484DAFB07F13F78
:10B780000000D26A6CFAAFBFB36B4E0FEEF5F03F1C
:10B790000040774A8DDAADBFCE9F2A5D06E4F03FC8
:10B7A000000085E4ECBCABBF21A52C6344D2F03F84
:10B7B00000C0124089A1A9BF1A98E27CA7C0F03F3F
:10B7C00000C002335888A7BFD136C6832FAFF03FE1
:10B7D0000080D6675E71A5BF3913A098DB9DF03F4E
:10B7E000008065498A5CA3BFDFE752AFAB8CF03FB6
:10B7F00000401564E349A1BFFB284E2F9F7BF03F1B
:10B800000080EB82C0729EBF198F358CB56AF03F05
:10B8100000805252F1559ABF2CF9ECA5EE59F03F39
:10B82000008081CF623D96BF902CD1CD4949F03F39
:10B830000000AA8CFB2892BFA9ADF0C6C638F03F25
:10B840000000F9207B318CBFA93279136528F03FC5
:10B850000000AA5D351984BF4873EA272418F03F19
:10B860000000ECC2031278BF95B114060408F03F43
:10B8700000002479090460BF1AFA26F71FE0EF3FA1
:10B8800000009084F3EF6F3F74EA61C21CA1EF3FA8
:10B8900000003D3541DC873F2E9981B01063EF3FBA
:10B8A0000080C2C4A3CE933FCDADEE3CF625EF3F62
:10B8B00000008914C19F9B3FE7139103C8E9EE3F45
:10B8C000000011CED8B0A13FABB1CB7880AEEE3F37
:10B8D00000C001D05B8AA53F9B0C9DA21A74EE3F6D
:10B8E0000080D840835CA93FB5990A83913AEE3F26
:10B8F000008057EF6A27AD3F569A6009E001EE3F9E
:10B9000000C098E59875B03F98BB77E501CAED3F58
:10B9100000200DE3F553B23F03917C0BF292ED3F13
:10B920000000388BDD2EB43FCE5CFB66AC5CED3F97
:10B9300000C057875906B63F9DDE5EAA2C27ED3F13
:10B9400000006A3576DAB73FCD2C6B3E6EF2EC3FE5
:10B9500000601C4E43ABB93F0279A7A26DBEEC3F1D
:10B9600000600DBBC778BB3F6D08376D268BEC3F81
:10B970000020E7321343BD3F04585DBD9458EC3FAF
:10B980000060DE71310ABF3F8C9FBB33B526EC3FB0
:10B990000040912B1567C03F3FE7ECEE83F5EB3F8E
:10B9A00000B092828547C13FC196DB75FDC4EB3F75
:10B9B0000030CACD6E26C23F284A860C1E95EB3F4A
:10B9C0000050C5A6D703C33F2C3EEFC5E265EB3F51
:10B9D0000010333CC3DFC33F8B88C9674837EB3F58
:10B9E00000807A6B36BAC43F4A301D214B09EB3FC9
:10B9F00000F0D1283993C53F7EEFF285E8DBEA3FBE
:10BA000000F01824CD6AC63FA23D60311DAFEA3F69
:10BA1000009066ECF840C73FA758D33FE682EA3F64
:10BA200000F01AF5C015C83F8B7309EF4057EA3F85
:10BA30000080F65429E9C83F274BAB902A2CEA3FF7
:10BA40000040F80236BBC93FD1F29313A001EA3F90
:10BA500000002C1CED8BCA3F1B3CDB249FD7E93F29
:10BA600000D0015C515BCB3F90B1C70525AEE93FEB
:10BA700000C0BCCC6729CC3F2FCE97F22E85E93F82
:10BA8000006048D535F6CC3F754BA4EEBA5CE93F73
:10BA900000C04634BDC1CD3F3848E79DC634E93FBC
:10BAA00000E0CFB8018CCE3FE652672F4F0DE93F43
:10BAB000009017C00955CF3F9DD7FF8E52E6E83F53
:10BAC00000B81F126C0ED03F7C00CC9FCEBFE83F69
:10BAD00000D0930EB871D03F0EC3BEDAC099E83FD4
:10BAE0000070869E6BD4D03FFB1723AA2774E83FD3
:10BAF00000D04B338736D13F089AB3AC004FE83FB4
:10BB0000004823670D98D13F553E65E8492AE83F34
:10BB10000080CCE0FFF8D13F6002F4950106E83FD9
:10BB2000006863D75F59D23F29A3E06325E2E73F6E
:10BB300000A8140930B9D23FADB5DC77B3BEE73FFA
:10BB4000006043107218D33FC2259767AA9BE73F56
:10BB50000018EC6D2677D33F570617F20779E73FB9
:10BB60000030AFFB4FD5D33F0C13D6DBCA56E73FAF
:10BB700000E02FE3EE32D43F0038FAFE422EE63FDB
:10BB80003067C79357F32E3D000000000000E0BF70
:10BB9000605555555555E5BF060000000000E03FD3
:10BBA0004E5559999999E93F7AA429555555E5BFBC
:10BBB000E945489B5B49F2BFC33F268B2B00F03F12
:10BBC0000000000000A0F63F0000000000000000A0
:10BBD00000C8B9F2822CD6BF8056372824B4FA3C6C
:10BBE000000000000080F63F0000000000000000A0
:10BBF000000858BFBDD1D5BF20F7E0D808A51CBDAF
:10BC0000000000000060F63F00000000000000009F
:10BC1000005845177776D5BF6D50B6D5A46223BDC1
:10BC2000000000000040F63F00000000000000009F
:10BC300000F82D87AD1AD5BFD567B09EE484E6BC69
:10BC4000000000000020F63F00000000000000009F
:10BC5000007877955FBED4BFE03E2993691B04BD91
:10BC6000000000000000F63F00000000000000009F
:10BC700000601CC28B61D4BFCC844C482FD8133DCC
:10BC80000000000000E0F53F0000000000000000A0
:10BC900000A886863004D4BF3A0B82EDF342DC3C28
:10BCA0000000000000C0F53F0000000000000000A0
:10BCB000004869554CA6D3BF60945186C6B1203D5B
:10BCC0000000000000A0F53F0000000000000000A0
:10BCD0000080989ADD47D3BF9280C5D44D59253D49
:10BCE000000000000080F53F0000000000000000A0
:10BCF0000020E1BAE2E8D2BFD82BB7991E7B263DDF
:10BD0000000000000060F53F00000000000000009F
:10BD10000088DE135A89D2BF3FB0CFB614CA153D92
:10BD2000000000000060F53F00000000000000007F
:10BD30000088DE135A89D2BF3FB0CFB614CA153D72
:10BD4000000000000040F53F00000000000000007F
:10BD50000078CFFB4129D2BF76DA5328245A16BD8A
:10BD6000000000000020F53F00000000000000007F
:10BD7000009869C198C8D1BF0454E768BCAF1FBD23
:10BD8000000000000000F53F00000000000000007F
:10BD900000A8ABAB5C67D1BFF0A88233C61F1F3DC4
:10BDA0000000000000E0F43F000000000000000080
:10BDB0000048AEF98B05D1BF665A05FDC4A826BD63
:10BDC0000000000000C0F43F000000000000000080
:10BDD000009073E224A3D0BF0E03F47EEE6B0CBD83
:10BDE0000000000000A0F43F000000000000000080
:10BDF00000D0B4942540D0BF7F2DF49EB836F0BC5F
:10BE00000000000000A0F43F00000000000000005F
:10BE100000D0B4942540D0BF7F2DF49EB836F0BC3E
:10BE2000000000000080F43F00000000000000005F
:10BE300000405E6D18B9CFBF873C99AB2A570D3DC6
:10BE4000000000000060F43F00000000000000005F
:10BE50000060DCCBADF0CEBF24AF869CB7262B3D77
:10BE6000000000000040F43F00000000000000005F
:10BE700000F02A6E0727CEBF10FF3F544F2F17BD8B
:10BE8000000000000020F43F00000000000000005F
:10BE900000C04F6B215CCDBF1B68CABB91BA213D6E
:10BEA000000000000000F43F00000000000000005F
:10BEB00000A09AC7F78FCCBF34849F684F79273D85
:10BEC000000000000000F43F00000000000000003F
:10BED00000A09AC7F78FCCBF34849F684F79273D65
:10BEE0000000000000E0F33F000000000000000040
:10BEF00000902D7486C2CBBF8FB78B31B04E193DE9
:10BF00000000000000C0F33F00000000000000003F
:10BF100000C0804EC9F3CABF6690CD3F634EBA3CA5
:10BF20000000000000A0F33F00000000000000003F
:10BF300000B0E21FBC23CABFEAC146DC648C25BD49
:10BF40000000000000A0F33F00000000000000001F
:10BF500000B0E21FBC23CABFEAC146DC648C25BD29
:10BF6000000000000080F33F00000000000000001F
:10BF70000050F49C5A52C9BFE3D4C104D9D12ABDA0
:10BF8000000000000060F33F00000000000000001F
:10BF900000D02065A07FC8BF09FADB7FBFBD2B3D65
:10BFA000000000000040F33F00000000000000001F
:10BFB00000E0100289ABC7BF584A537290DB2B3D9B
:10BFC000000000000040F33F0000000000000000FF
:10BFD00000E0100289ABC7BF584A537290DB2B3D7B
:10BFE000000000000020F33F0000000000000000FF
:10BFF00000D019E70FD6C6BF66E2B2A36AE410BD4F
:10C00000000000000000F33F0000000000000000FE
:10C010000090A77030FFC5BF3950109F439E1EBDD2
:10C02000000000000000F33F0000000000000000DE
:10C030000090A77030FFC5BF3950109F439E1EBDB2
:10C040000000000000E0F23F0000000000000000DF
:10C0500000B0A1E3E526C5BF8F5B07908BDE20BD56
:10C060000000000000C0F23F0000000000000000DF
:10C070000080CB6C2B4DC4BF3C783561C10C173DA3
:10C080000000000000C0F23F0000000000000000BF
:10C090000080CB6C2B4DC4BF3C783561C10C173D83
:10C0A0000000000000A0F23F0000000000000000BF
:10C0B00000901E20FC71C3BF3A54274D8678F13C96
:10C0C000000000000080F23F0000000000000000BF
:10C0D00000F01FF85295C2BF08C47117308D24BDFF
:10C0E000000000000060F23F0000000000000000BF
:10C0F00000602FD52AB7C1BF96A31118A4802EBD0A
:10C10000000000000060F23F00000000000000009E
:10C1100000602FD52AB7C1BF96A31118A4802EBDE9
:10C12000000000000040F23F00000000000000009E
:10C130000090D07C7ED7C0BFF45BE88896690A3D4A
:10C14000000000000040F23F00000000000000007E
:10C150000090D07C7ED7C0BFF45BE88896690A3D2A
:10C16000000000000020F23F00000000000000007E
:10C1700000E0DB3191ECBFBFF233A35C547525BD09
:10C18000000000000000F23F00000000000000007E
:10C1900000002B6E0727BEBF3C00F02A2C342A3D3E
:10C1A000000000000000F23F00000000000000005E
:10C1B00000002B6E0727BEBF3C00F02A2C342A3D1E
:10C1C0000000000000E0F13F00000000000000005F
:10C1D00000C05B8F545EBCBF06BE5F58570C1DBDD0
:10C1E0000000000000C0F13F00000000000000005F
:10C1F00000E04A3A6D92BABFC8AA5BE83539253DDE
:10C200000000000000C0F13F00000000000000003E
:10C2100000E04A3A6D92BABFC8AA5BE83539253DBD
:10C220000000000000A0F13F00000000000000003E
:10C2300000A031D645C3B8BF68562F4D297C133DA9
:10C240000000000000A0F13F00000000000000001E
:10C2500000A031D645C3B8BF68562F4D297C133D89
:10C26000000000000080F13F00000000000000001E
:10C270000060E58AD2F0B6BFDA7333C9379726BDBE
:10C28000000000000060F13F00000000000000001E
:10C290000020063F071BB5BF575EC6615B021F3D0E
:10C2A000000000000060F13F0000000000000000FE
:10C2B0000020063F071BB5BF575EC6615B021F3DEE
:10C2C000000000000040F13F0000000000000000FE
:10C2D00000E01B96D741B3BFDF13F9CCDA5E2C3DEB
:10C2E000000000000040F13F0000000000000000DE
:10C2F00000E01B96D741B3BFDF13F9CCDA5E2C3DCB
:10C30000000000000020F13F0000000000000000DD
:10C310000080A3EE3665B1BF09A38F765E7C143D25
:10C32000000000000000F13F0000000000000000DD
:10C33000008011C0300AAFBF918E36839E592D3DCB
:10C34000000000000000F13F0000000000000000BD
:10C35000008011C0300AAFBF918E36839E592D3DAB
:10C360000000000000E0F03F0000000000000000BE
:10C3700000801971DD42ABBF4C70D6E57A821C3D5E
:10C380000000000000E0F03F00000000000000009E
:10C3900000801971DD42ABBF4C70D6E57A821C3D3E
:10C3A0000000000000C0F03F00000000000000009E
:10C3B00000C032F65874A7BFEEA1F23446FC2CBD83
:10C3C0000000000000C0F03F00000000000000007E
:10C3D00000C032F65874A7BFEEA1F23446FC2CBD63
:10C3E0000000000000A0F03F00000000000000007E
:10C3F00000C0FEB9879EA3BFAAFE26F5B702F53C92
:10C400000000000000A0F03F00000000000000005D
:10C4100000C0FEB9879EA3BFAAFE26F5B702F53C71
:10C42000000000000080F03F00000000000000005D
:10C430000000780E9B829FBFE4097E7C268029BD88
:10C44000000000000080F03F00000000000000003D
:10C450000000780E9B829FBFE4097E7C268029BD68
:10C46000000000000060F03F00000000000000003D
:10C470000080D5071BB997BF39A6FA93548D28BD04
:10C48000000000000040F03F00000000000000003D
:10C490000000FCB0A8C08FBF9CA6D3F67C1EDFBCFA
:10C4A000000000000040F03F00000000000000001D
:10C4B0000000FCB0A8C08FBF9CA6D3F67C1EDFBCDA
:10C4C000000000000020F03F00000000000000001D
:10C4D0000000106B2AE07FBFE440DA0D3FE219BD97
:10C4E000000000000020F03F0000000000000000FD
:10C4F0000000106B2AE07FBFE440DA0D3FE219BD77
:10C50000000000000000F03F0000000000000000FC
:10C51000000000000000000000000000000000001B
:10C52000000000000000F03F0000000000000000DC
:10C5300000000000000000000000000000000000FB
:10C540000000000000C0EF3F0000000000000000FD
:10C55000000089751510803FE82B9D996BC710BDB1
:10C56000000000000080EF3F00000000000000001D
:10C57000008093585620903FD2F7E2065BDC23BD43
:10C58000000000000040EF3F00000000000000003D
:10C590000000C9282549983F340C5A32BAA02ABD58
:10C5A000000000000000EF3F00000000000000005D
:10C5B0000040E7895D41A03F53D7F15CC011013DC8
:10C5C0000000000000C0EE3F00000000000000007E
:10C5D00000002ED4AE66A43F28FDBD7573162CBD99
:10C5E000000000000080EE3F00000000000000009E
:10C5F00000C09F14AA94A83F7D265AD0957919BDF2
:10C60000000000000040EE3F0000000000000000BD
:10C6100000C0DDCD73CBAC3F0728D847F2681ABD08
:10C62000000000000020EE3F0000000000000000BD
:10C6300000C006C031EAAE3F7B3BC94F3E110EBD84
:10C640000000000000E0ED3F0000000000000000DE
:10C65000006046D13B97B13F9B9E0D565D3225BD94
:10C660000000000000A0ED3F0000000000000000FE
:10C6700000E0D1A7F5BDB33FD74EDBA55EC82C3D8A
:10C68000000000000060ED3F00000000000000001E
:10C6900000A0974D5AE9B53F1E1D5D3C06692CBDB3
:10C6A000000000000040ED3F00000000000000001E
:10C6B00000C0EA0AD300B73F32ED9DA98D1EEC3CC5
:10C6C000000000000000ED3F00000000000000003E
:10C6D0000040595D5E33B93FDA47BD3A5C11233DF6
:10C6E0000000000000C0EC3F00000000000000005F
:10C6F0000060AD8DC86ABB3FE568F72B809013BD25
:10C700000000000000A0EC3F00000000000000005E
:10C710000040BC015888BC3FD3AC5AC6D146263D28
:10C72000000000000060EC3F00000000000000007E
:10C7300000200A8339C7BE3FE045E6AF68C02DBD83
:10C74000000000000040EC3F00000000000000007E
:10C7500000E0DB3991E8BF3FFD0AA14FD63425BD8B
:10C76000000000000000EC3F00000000000000009E
:10C7700000E027828E17C13FF2072DCE78EF213DD2
:10C780000000000000E0EB3F00000000000000009F
:10C7900000F0237E2BAAC13F349938448EA72C3D4C
:10C7A0000000000000A0EB3F0000000000000000BF
:10C7B0000080860C61D1C23FA1B481CB6C9D033D4A
:10C7C000000000000080EB3F0000000000000000BF
:10C7D000009015B0FC65C33F89724B23A82FC63C5F
:10C7E000000000000040EB3F0000000000000000DF
:10C7F00000B033833D91C43F78B6FD547983253D25
:10C80000000000000020EB3F0000000000000000DE
:10C8100000B0A1E4E527C53FC77D69E5E833263DC3
:10C820000000000000E0EA3F0000000000000000FF
:10C8300000108CBE4E57C63F782E3C2C8BCF193D36
:10C840000000000000C0EA3F0000000000000000FF
:10C850000070758B12F0C63FE1219CE58D1125BD5E
:10C860000000000000A0EA3F0000000000000000FF
:10C87000005044858D89C73F0543917010661CBDEB
:10C88000000000000060EA3F00000000000000001F
:10C89000000039EBAFBEC83FD12CE9AA543D07BD1B
:10C8A000000000000040EA3F00000000000000001F
:10C8B0000000F7DC5A5AC93F6FFFA05828F2073D25
:10C8C000000000000000EA3F00000000000000003F
:10C8D00000E08A3CED93CA3F69215650437228BD5F
:10C8E0000000000000E0E93F000000000000000040
:10C8F00000D05B57D831CB3FAAE1AC4E8D350CBD93
:10C900000000000000C0E93F00000000000000003F
:10C9100000E03B3887D0CB3FB6125459C44B2DBDF5
:10C920000000000000A0E93F00000000000000003F
:10C930000010F0C6FB6FCC3FD22B96C572ECF1BC59
:10C94000000000000060E93F00000000000000005F
:10C950000090D4B03DB1CD3F35B015F72AFF2ABDC8
:10C96000000000000040E93F00000000000000005F
:10C970000010E7FF0E53CE3F30F441602712C23C57
:10C98000000000000020E93F00000000000000005F
:10C990000000DDE4ADF5CE3F118EBB651521CABCAC
:10C9A000000000000000E93F00000000000000005F
:10C9B00000B0B36C1C99CF3F30DF0CCAECCB1B3DF1
:10C9C0000000000000C0E83F000000000000000080
:10C9D00000584D603871D03F914EED16DB9CF83C0D
:10C9E0000000000000A0E83F000000000000000080
:10C9F000006061672DC4D03FE9EA3C168B18273DE3
:10CA0000000000000080E83F00000000000000007F
:10CA100000E827828E17D13F1CF0A5630E212CBDA4
:10CA2000000000000060E83F00000000000000007F
:10CA300000F8ACCB5C6BD13F8116A5F7CD9A2B3DAE
:10CA4000000000000040E83F00000000000000007F
:10CA500000685A6399BFD13FB7BD4751EDA62C3D41
:10CA6000000000000020E83F00000000000000007F
:10CA700000B80E6D4514D23FEABA46BADE870A3DC9
:10CA80000000000000E0E73F0000000000000000A0
:10CA90000090DC7CF0BED23FF404504AFA9C2A3D60
:10CAA0000000000000C0E73F0000000000000000A0
:10CAB0000060D3E1F114D33FB83C21D37AE228BD22
:10CAC0000000000000A0E73F0000000000000000A0
:10CAD0000010BE76676BD33FC877F1B0CD6E113DC5
:10CAE000000000000080E73F0000000000000000A0
:10CAF0000030337752C2D33F5CBD06B6543B183D7D
:10CB0000000000000060E73F00000000000000009F
:10CB100000E8D523B419D43F9DE090EC36E4083DFD
:10CB2000000000000040E73F00000000000000009F
:10CB300000C871C28D71D43F75D66709CE272FBD4D
:10CB4000000000000020E73F00000000000000009F
:10CB50000030179EE0C9D43FA4D80A1B89202EBDFF
:10CB6000000000000000E73F00000000000000009F
:10CB700000A03807AE22D53F59C7648170BE2E3D54
:10CB80000000000000E0E63F0000000000000000A0
:10CB900000D0C853F77BD53FEF405DEEEDAD1F3DB4
:10CBA0000000000000C0E63F0000000000000000A0
:10CBB000006059DFBDD5D53FDC65A4082A0B0ABD4E
:10CBC000000000000000F03F748515D3B0D9EF3F9E
:10CBD0000F89F96C58B5EF3F515B12D00193EF3FCD
:10CBE0007B517D3CB872EF3FAAB968318754EF3F63
:10CBF0003862756E7A38EF3FE1DE1FF59D1EEF3F1C
:10CC000015B7310AFE06EF3FCBA93A37A7F1EE3F41
:10CC10002234124CA6DEEE3F2D89616008CEEE3F35
:10CC2000272A36D5DABFEE3F824F9D562BB4EE3F12
:10CC3000295448DD07ABEE3F85553AB07EA4EE3F60
:10CC4000CD3B7F669EA0EE3F745FECE8759FEE3FA4
:10CC50008701EB7314A1EE3F13CE4C9989A5EE3FEB
:10CC6000DBA02A42E5ACEE3FE5C5CDB037B7EE3FDD
:10CC700090F0A38291C4EE3F5D253EB203D5EE3F16
:10CC8000ADD35A999FE8EE3F475EFBF276FFEE3F49
:10CC90009C5285DD9B19EF3F6990EFDC2037EF3F19
:10CCA00087A4FBDC1858EF3F5F9B7B33977CEF3FFB
:10CCB000DA90A4A2AFA4EF3F40456E5B76D0EF3F81
:10CCC000000000000000E8429423914BF86AAC3F5A
:10CCD000F3C4FA50CEBFCE3FD6520CFF422EE63FF1
:10CCE0000000000000003843FE822B6547154740D6
:10CCF0009423914BF86ABC3EF3C4FA50CEBF2E3F4A
:10CD0000D6520CFF422E963FBEF3F879EC61F63F07
:10CD10001930965BC6FEDEBF3D88AF4AED71F53F28
:10CD2000A4FCD432680BDBBFB010F0F03995F43FAF
:10CD30007BB71F0A8B41D7BF8503B8B095C9F33FB6
:10CD40007BCF6D1AE99DD3BFA564880C190DF33F05
:10CD500031B6F2F39B1DD0BFA08E0B7B225EF23F5B
:10CD6000F07A3B1B1D7CC9BF3F341A4A4ABBF13FD6
:10CD70009F3CAF93E3F9C2BFBAE58AF05823F13F75
:10CD80005C8D78BFCB60B9BFA70099413F95F03F5C
:10CD9000CE5F47B69D6FAABF000000000000F03FC5
:10CDA0000000000000000000AC479AFD8C60EE3FE0
:10CDB0003DF5249FCA38B33FA06A021FB3A4EC3FDD
:10CDC000BA913854A976C43FE6FC6A573620EB3F47
:10CDD000D2E4C44A0B84CE3F2DAAA163D1C2E93F5D
:10CDE0001C65C6F04506D43FED417803E686E83F72
:10CDF000F89F1B2C9C8ED83F624853F5DC67E73FB9
:10CE0000CC7BB14EA4E0DC3F0B6E49C91676D23F15
:10CE10007AC675A06919D7BFDDBAA76C0AC7DE3F0D
:10CE2000C8F6BE484715E7BF2BB82A654715F73F38
:10CE3000312E302E3200312E302E32005049FD7FFF
:10CE4000010000007507107051071070A88711705D
:10CE500000000000000000000000000000000000D2
:10CE600000000000000000000000000000000000C2
:10CE700000000000000000000000000001000000B1
:10CE80000090D003BC000034800000344400003423
:10CE90000200000071D5107095D5107079D7107010
:10CEA0000000000000000000000000000000000082
:10CEB0000000000000000000000000000000000072
:10CEC0000000000000000000000000000100000061
:10CED00021D4107075D410709DD410700000000023
:10CEE0000000000000000000000000000000000042
:10CEF0000000000000000000000000000000000032
:10CF00000000000000000000000000005DD3107071
:10CF100063D310707DD3107000000000000000008B
:10CF20000000000000000000000000000000000001
:10CF300000000000000000000000000000000000F1
:10CF40000000000009090100F0F0F0F0989912705B
:10CF50000E001400000000000300000044520134E1
:10CF6000180100340000000044520134AC52013476
:10CF70001453013400000000000000000000000015
:10CF800000000000000000000000000000000000A1
:10CF90000000000000000000000000000000000091
:10CFA0000000000000000000000000000000000081
:10CFB000430000000000000000000000000000002E
:10CFC0000000000000000000000000000000000061
:10CFD000430000000000000000000000000000000E
:10CFE0000000000000000000000000000000000041
:10CFF00043000000000000000000000000000000EE
:10D000000000000000000000000000000000000020
:10D0100043000000000000000000000000000000CD
:10D020000000000000000000000000000000000000
:10D0300043000000000000000000000000000000AD
:10D0400000000000000000000000000000000000E0
:10D05000430000000000000000000000000000008D
:10D0600000000000000000000000000000000000C0
:10D07000430000000000000000000000000000006D
:10D0800000000000000000000000000000000000A0
:10D090008D521170695211700000000070A9127059
:10D0A0009D871170DA661170DA661170DA66117098
:10D0B000DA661170DA661170DA661170DA6611706C
:10D0C000DA661170DA661170FFFFFFFFFFFFFFFFE6
:10D0D000FFFFFFFFFFFF00000100415343494900EC
:10D0E0000000000000000000000000000000000040
:10D0F00000000000000000000000415343494900C7
:10D10000000000000000000000000000000000001F
:10D11000000000000000000000000000000000000F
:10D120007FE97FE9D6F7DABF7FE97FE9D6F706B96D
:10D1300000000000000000000000000000000000EF
:040000057010040073
:00000001FF
